2026-01-14 12:29:06,779 - WARNING - Starting in DELETE mode (concurrency=50, batch=1000)
2026-01-14 12:29:11,323 - INFO - Processing batch #1, last_id=0
2026-01-14 12:29:11,473 - INFO - Fetched 1000 rows from database
2026-01-14 12:29:11,947 - WARNING - 404 found: https://bryansk.cian.ru/sale/flat/309060719/
2026-01-14 12:29:12,210 - WARNING - 404 found: https://bryansk.cian.ru/sale/flat/319010357/
2026-01-14 12:29:12,340 - INFO - Batch #1 completed: checked=1000, 404_found=2, exceptions=0, total_checked=1000, total_404=2, pending_deletes=2, total_deleted=0, avg_speed=983.5 records/sec
2026-01-14 12:29:12,340 - INFO - Processing batch #2, last_id=29663
2026-01-14 12:29:12,350 - INFO - Fetched 1000 rows from database
2026-01-14 12:29:12,798 - WARNING - 404 found: https://bryansk.cian.ru/sale/flat/323467161/
2026-01-14 12:29:13,032 - INFO - Batch #2 completed: checked=1000, 404_found=1, exceptions=0, total_checked=2000, total_404=3, pending_deletes=3, total_deleted=0, avg_speed=1170.3 records/sec
2026-01-14 12:29:13,032 - INFO - Processing batch #3, last_id=30674
2026-01-14 12:29:13,042 - INFO - Fetched 1000 rows from database
2026-01-14 12:29:13,057 - WARNING - 404 found: https://bryansk.cian.ru/sale/flat/323094540/
2026-01-14 12:29:13,063 - WARNING - 404 found: https://bryansk.cian.ru/sale/flat/321710445/
2026-01-14 12:29:13,244 - WARNING - 404 found: https://bryansk.cian.ru/sale/flat/323006096/
2026-01-14 12:29:13,252 - WARNING - 404 found: https://bryansk.cian.ru/sale/flat/322768014/
2026-01-14 12:29:13,315 - WARNING - 404 found: https://bryansk.cian.ru/sale/flat/312087865/
2026-01-14 12:29:13,337 - WARNING - 404 found: https://bryansk.cian.ru/sale/flat/320766961/
2026-01-14 12:29:13,358 - WARNING - 404 found: https://bryansk.cian.ru/sale/flat/312088008/
2026-01-14 12:29:13,505 - WARNING - 404 found: https://bryansk.cian.ru/sale/flat/316924052/
2026-01-14 12:29:14,314 - INFO - Batch #3 completed: checked=1000, 404_found=8, exceptions=0, total_checked=3000, total_404=11, pending_deletes=11, total_deleted=0, avg_speed=1003.0 records/sec
2026-01-14 12:29:14,314 - INFO - Processing batch #4, last_id=31678
2026-01-14 12:29:14,334 - INFO - Fetched 1000 rows from database
2026-01-14 12:29:14,349 - WARNING - 404 found: https://bryansk.cian.ru/sale/flat/320734767/
2026-01-14 12:29:14,366 - WARNING - 404 found: https://bryansk.cian.ru/sale/flat/312086917/
2026-01-14 12:29:14,369 - WARNING - 404 found: https://bryansk.cian.ru/sale/flat/316269771/
2026-01-14 12:29:14,394 - WARNING - 404 found: https://bryansk.cian.ru/sale/flat/293691034/
2026-01-14 12:29:14,400 - WARNING - 404 found: https://bryansk.cian.ru/sale/flat/312087200/
2026-01-14 12:29:14,413 - WARNING - 404 found: https://bryansk.cian.ru/sale/flat/312086937/
2026-01-14 12:29:14,419 - WARNING - 404 found: https://bryansk.cian.ru/sale/flat/322849919/
2026-01-14 12:29:14,426 - WARNING - 404 found: https://bryansk.cian.ru/sale/flat/320777515/
2026-01-14 12:29:14,455 - WARNING - 404 found: https://bryansk.cian.ru/sale/flat/319193567/
2026-01-14 12:29:14,475 - WARNING - 404 found: https://bryansk.cian.ru/sale/flat/316924102/
2026-01-14 12:29:14,518 - WARNING - 404 found: https://bryansk.cian.ru/sale/flat/317916039/
2026-01-14 12:29:14,553 - WARNING - 404 found: https://bryansk.cian.ru/sale/flat/322849917/
2026-01-14 12:29:14,677 - WARNING - 404 found: https://bryansk.cian.ru/sale/flat/313226572/
2026-01-14 12:29:15,641 - INFO - Batch #4 completed: checked=1000, 404_found=13, exceptions=0, total_checked=4000, total_404=24, pending_deletes=24, total_deleted=0, avg_speed=926.4 records/sec
2026-01-14 12:29:15,641 - INFO - Processing batch #5, last_id=32678
2026-01-14 12:29:15,649 - INFO - Fetched 1000 rows from database
2026-01-14 12:29:16,087 - WARNING - 404 found: https://www.cian.ru/sale/flat/323118919/
2026-01-14 12:29:16,990 - INFO - Batch #5 completed: checked=1000, 404_found=1, exceptions=0, total_checked=5000, total_404=25, pending_deletes=25, total_deleted=0, avg_speed=882.3 records/sec
2026-01-14 12:29:16,990 - INFO - Processing batch #6, last_id=33694
2026-01-14 12:29:17,004 - INFO - Fetched 1000 rows from database
2026-01-14 12:29:17,022 - WARNING - 404 found: https://www.cian.ru/sale/flat/322570286/
2026-01-14 12:29:17,052 - WARNING - 404 found: https://www.cian.ru/sale/flat/321904685/
2026-01-14 12:29:17,057 - WARNING - 404 found: https://www.cian.ru/sale/flat/321774752/
2026-01-14 12:29:17,065 - WARNING - 404 found: https://www.cian.ru/sale/flat/321853704/
2026-01-14 12:29:17,096 - WARNING - 404 found: https://www.cian.ru/sale/flat/320549682/
2026-01-14 12:29:17,122 - WARNING - 404 found: https://www.cian.ru/sale/flat/320019143/
2026-01-14 12:29:17,206 - WARNING - 404 found: https://www.cian.ru/sale/flat/323416538/
2026-01-14 12:29:17,234 - WARNING - 404 found: https://www.cian.ru/sale/flat/323391123/
2026-01-14 12:29:17,235 - WARNING - 404 found: https://www.cian.ru/sale/flat/323311781/
2026-01-14 12:29:17,297 - WARNING - 404 found: https://www.cian.ru/sale/flat/323018326/
2026-01-14 12:29:17,353 - WARNING - 404 found: https://www.cian.ru/sale/flat/322736696/
2026-01-14 12:29:17,430 - WARNING - 404 found: https://www.cian.ru/sale/flat/322140412/
2026-01-14 12:29:17,447 - WARNING - 404 found: https://www.cian.ru/sale/flat/321885254/
2026-01-14 12:29:17,506 - WARNING - 404 found: https://www.cian.ru/sale/flat/320779776/
2026-01-14 12:29:17,616 - WARNING - 404 found: https://www.cian.ru/sale/flat/320631216/
2026-01-14 12:29:17,680 - INFO - Batch #6 completed: checked=1000, 404_found=15, exceptions=0, total_checked=6000, total_404=40, pending_deletes=40, total_deleted=0, avg_speed=943.9 records/sec
2026-01-14 12:29:17,680 - INFO - Processing batch #7, last_id=34748
2026-01-14 12:29:17,688 - INFO - Fetched 1000 rows from database
2026-01-14 12:29:17,705 - WARNING - 404 found: https://www.cian.ru/sale/flat/320261805/
2026-01-14 12:29:17,720 - WARNING - 404 found: https://www.cian.ru/sale/flat/319392918/
2026-01-14 12:29:17,750 - WARNING - 404 found: https://www.cian.ru/sale/flat/317212907/
2026-01-14 12:29:17,754 - WARNING - 404 found: https://www.cian.ru/sale/flat/316647908/
2026-01-14 12:29:17,770 - WARNING - 404 found: https://www.cian.ru/sale/flat/313599231/
2026-01-14 12:29:17,773 - WARNING - 404 found: https://www.cian.ru/sale/flat/312255321/
2026-01-14 12:29:17,791 - WARNING - 404 found: https://www.cian.ru/sale/flat/315414861/
2026-01-14 12:29:17,815 - WARNING - 404 found: https://www.cian.ru/sale/flat/323481431/
2026-01-14 12:29:17,818 - WARNING - 404 found: https://www.cian.ru/sale/flat/323481412/
2026-01-14 12:29:17,872 - WARNING - 404 found: https://www.cian.ru/sale/flat/323203512/
2026-01-14 12:29:17,890 - WARNING - 404 found: https://www.cian.ru/sale/flat/323167904/
2026-01-14 12:29:17,935 - WARNING - 404 found: https://www.cian.ru/sale/flat/322842366/
2026-01-14 12:29:17,942 - WARNING - 404 found: https://www.cian.ru/sale/flat/322791416/
2026-01-14 12:29:17,957 - WARNING - 404 found: https://www.cian.ru/sale/flat/322704958/
2026-01-14 12:29:17,965 - WARNING - 404 found: https://www.cian.ru/sale/flat/322727415/
2026-01-14 12:29:17,981 - WARNING - 404 found: https://www.cian.ru/sale/flat/322554559/
2026-01-14 12:29:18,003 - WARNING - 404 found: https://www.cian.ru/sale/flat/322090527/
2026-01-14 12:29:18,014 - WARNING - 404 found: https://www.cian.ru/sale/flat/322040718/
2026-01-14 12:29:18,041 - WARNING - 404 found: https://www.cian.ru/sale/flat/321387098/
2026-01-14 12:29:18,067 - WARNING - 404 found: https://www.cian.ru/sale/flat/320623004/
2026-01-14 12:29:18,110 - WARNING - 404 found: https://www.cian.ru/sale/flat/318557253/
2026-01-14 12:29:18,111 - WARNING - 404 found: https://www.cian.ru/sale/flat/318570280/
2026-01-14 12:29:18,254 - INFO - Batch #7 completed: checked=1000, 404_found=22, exceptions=0, total_checked=7000, total_404=62, pending_deletes=62, total_deleted=0, avg_speed=1010.0 records/sec
2026-01-14 12:29:18,254 - INFO - Processing batch #8, last_id=35794
2026-01-14 12:29:18,265 - INFO - Fetched 1000 rows from database
2026-01-14 12:29:18,370 - WARNING - 404 found: https://www.cian.ru/sale/flat/322860008/
2026-01-14 12:29:18,399 - WARNING - 404 found: https://www.cian.ru/sale/flat/323244466/
2026-01-14 12:29:18,416 - WARNING - 404 found: https://www.cian.ru/sale/flat/322409485/
2026-01-14 12:29:18,417 - WARNING - 404 found: https://www.cian.ru/sale/flat/322399293/
2026-01-14 12:29:18,426 - WARNING - 404 found: https://www.cian.ru/sale/flat/322211056/
2026-01-14 12:29:18,427 - WARNING - 404 found: https://www.cian.ru/sale/flat/322164302/
2026-01-14 12:29:18,440 - WARNING - 404 found: https://www.cian.ru/sale/flat/322068201/
2026-01-14 12:29:18,451 - WARNING - 404 found: https://www.cian.ru/sale/flat/321951854/
2026-01-14 12:29:18,461 - WARNING - 404 found: https://www.cian.ru/sale/flat/321749677/
2026-01-14 12:29:18,473 - WARNING - 404 found: https://www.cian.ru/sale/flat/321581170/
2026-01-14 12:29:18,487 - WARNING - 404 found: https://www.cian.ru/sale/flat/321302483/
2026-01-14 12:29:18,517 - WARNING - 404 found: https://www.cian.ru/sale/flat/319765060/
2026-01-14 12:29:18,539 - WARNING - 404 found: https://www.cian.ru/sale/flat/318184180/
2026-01-14 12:29:18,595 - WARNING - 404 found: https://www.cian.ru/sale/flat/297089589/
2026-01-14 12:29:18,603 - WARNING - 404 found: https://www.cian.ru/sale/flat/323577816/
2026-01-14 12:29:18,625 - WARNING - 404 found: https://www.cian.ru/sale/flat/323481394/
2026-01-14 12:29:18,643 - WARNING - 404 found: https://www.cian.ru/sale/flat/323364921/
2026-01-14 12:29:18,654 - WARNING - 404 found: https://www.cian.ru/sale/flat/323330142/
2026-01-14 12:29:18,670 - WARNING - 404 found: https://www.cian.ru/sale/flat/323255837/
2026-01-14 12:29:19,466 - INFO - Batch #8 completed: checked=1000, 404_found=19, exceptions=0, total_checked=8000, total_404=81, pending_deletes=81, total_deleted=0, avg_speed=982.4 records/sec
2026-01-14 12:29:19,467 - INFO - Processing batch #9, last_id=36828
2026-01-14 12:29:19,475 - INFO - Fetched 1000 rows from database
2026-01-14 12:29:19,496 - WARNING - 404 found: https://www.cian.ru/sale/flat/322394770/
2026-01-14 12:29:19,540 - WARNING - 404 found: https://www.cian.ru/sale/flat/321612490/
2026-01-14 12:29:19,608 - WARNING - 404 found: https://www.cian.ru/sale/flat/319122130/
2026-01-14 12:29:19,635 - WARNING - 404 found: https://www.cian.ru/sale/flat/315415983/
2026-01-14 12:29:19,698 - WARNING - 404 found: https://www.cian.ru/sale/flat/323380903/
2026-01-14 12:29:19,700 - WARNING - 404 found: https://www.cian.ru/sale/flat/323364915/
2026-01-14 12:29:19,718 - WARNING - 404 found: https://www.cian.ru/sale/flat/323196664/
2026-01-14 12:29:19,719 - WARNING - 404 found: https://www.cian.ru/sale/flat/323177692/
2026-01-14 12:29:19,805 - WARNING - 404 found: https://www.cian.ru/sale/flat/322130839/
2026-01-14 12:29:19,811 - WARNING - 404 found: https://www.cian.ru/sale/flat/321955458/
2026-01-14 12:29:19,823 - WARNING - 404 found: https://www.cian.ru/sale/flat/321685526/
2026-01-14 12:29:19,847 - WARNING - 404 found: https://www.cian.ru/sale/flat/321374670/
2026-01-14 12:29:19,849 - WARNING - 404 found: https://www.cian.ru/sale/flat/320912862/
2026-01-14 12:29:19,856 - WARNING - 404 found: https://www.cian.ru/sale/flat/320388904/
2026-01-14 12:29:19,910 - WARNING - 404 found: https://www.cian.ru/sale/flat/311492123/
2026-01-14 12:29:19,959 - WARNING - 404 found: https://www.cian.ru/sale/flat/323462367/
2026-01-14 12:29:19,972 - WARNING - 404 found: https://www.cian.ru/sale/flat/323572705/
2026-01-14 12:29:21,940 - INFO - Batch #9 completed: checked=1000, 404_found=17, exceptions=0, total_checked=9000, total_404=98, pending_deletes=98, total_deleted=0, avg_speed=847.7 records/sec
2026-01-14 12:29:21,940 - INFO - Processing batch #10, last_id=37865
2026-01-14 12:29:21,950 - INFO - Fetched 1000 rows from database
2026-01-14 12:29:21,995 - WARNING - 404 found: https://www.cian.ru/sale/flat/322626037/
2026-01-14 12:29:22,039 - WARNING - 404 found: https://www.cian.ru/sale/flat/321185858/
2026-01-14 12:29:22,091 - WARNING - 404 found: https://www.cian.ru/sale/flat/307628224/
2026-01-14 12:29:22,136 - WARNING - 404 found: https://www.cian.ru/sale/flat/323364907/
2026-01-14 12:29:22,212 - WARNING - 404 found: https://www.cian.ru/sale/flat/322346668/
2026-01-14 12:29:22,238 - WARNING - 404 found: https://www.cian.ru/sale/flat/321791810/
2026-01-14 12:29:22,253 - WARNING - 404 found: https://www.cian.ru/sale/flat/321519457/
2026-01-14 12:29:22,257 - WARNING - 404 found: https://www.cian.ru/sale/flat/320948932/
2026-01-14 12:29:22,265 - WARNING - 404 found: https://www.cian.ru/sale/flat/320560450/
2026-01-14 12:29:22,369 - WARNING - 404 found: https://www.cian.ru/sale/flat/323282695/
2026-01-14 12:29:22,637 - INFO - Deleted 100 offers with IDs: [28943, 29516, 30607, 30697, 30711, 31135, 31153, 31284, 31331, 31366, 31642, 31720, 31737, 31746, 31805, 31810, 31843, 31847, 31854, 31934, 31975, 32060, 32114, 32361, 33613, 33737, 33796, 33805, 33809, 33886, 33909, 34145, 34156, 34188, 34314, 34422, 34576, 34612, 34728, 34733, 34753, 34809, 34887, 34900, 34917, 34934, 34946, 35046, 35047, 35166, 35181, 35290, 35305, 35322, 35333, 35383, 35441, 35454, 35529, 35589, 35670, 35671, 35915, 36022, 36130, 36131, 36153, 36161, 36182, 36201, 36225, 36248, 36274, 36342, 36396, 36510, 36527, 36566, 36609, 36625, 36661, 36877, 36965, 37084, 37125, 37262, 37268, 37310, 37316, 37473, 37492, 37515, 37534, 37559, 37584, 37685, 37727, 37764, 37956, 38058]
2026-01-14 12:29:22,637 - INFO - Batch #10 completed: checked=1000, 404_found=10, exceptions=0, total_checked=10000, total_404=108, pending_deletes=8, total_deleted=100, avg_speed=883.8 records/sec
2026-01-14 12:29:22,638 - INFO - Processing batch #11, last_id=38905
2026-01-14 12:29:22,650 - INFO - Fetched 1000 rows from database
2026-01-14 12:29:22,665 - WARNING - 404 found: https://www.cian.ru/sale/flat/322928130/
2026-01-14 12:29:22,669 - WARNING - 404 found: https://www.cian.ru/sale/flat/322794801/
2026-01-14 12:29:22,688 - WARNING - 404 found: https://www.cian.ru/sale/flat/322648229/
2026-01-14 12:29:22,729 - WARNING - 404 found: https://www.cian.ru/sale/flat/321474366/
2026-01-14 12:29:22,739 - WARNING - 404 found: https://www.cian.ru/sale/flat/321107480/
2026-01-14 12:29:22,768 - WARNING - 404 found: https://www.cian.ru/sale/flat/319265419/
2026-01-14 12:29:22,805 - WARNING - 404 found: https://www.cian.ru/sale/flat/305931249/
2026-01-14 12:29:22,826 - WARNING - 404 found: https://www.cian.ru/sale/flat/323481399/
2026-01-14 12:29:22,858 - WARNING - 404 found: https://www.cian.ru/sale/flat/323230010/
2026-01-14 12:29:22,877 - WARNING - 404 found: https://www.cian.ru/sale/flat/323026689/
2026-01-14 12:29:22,891 - WARNING - 404 found: https://www.cian.ru/sale/flat/323237125/
2026-01-14 12:29:22,901 - WARNING - 404 found: https://www.cian.ru/sale/flat/322276382/
2026-01-14 12:29:22,914 - WARNING - 404 found: https://www.cian.ru/sale/flat/321950275/
2026-01-14 12:29:22,922 - WARNING - 404 found: https://www.cian.ru/sale/flat/321855455/
2026-01-14 12:29:22,971 - WARNING - 404 found: https://www.cian.ru/sale/flat/323646477/
2026-01-14 12:29:22,987 - WARNING - 404 found: https://www.cian.ru/sale/flat/323481425/
2026-01-14 12:29:22,990 - WARNING - 404 found: https://www.cian.ru/sale/flat/323514009/
2026-01-14 12:29:23,094 - WARNING - 404 found: https://www.cian.ru/sale/flat/320984824/
2026-01-14 12:29:23,103 - WARNING - 404 found: https://www.cian.ru/sale/flat/320413898/
2026-01-14 12:29:23,114 - WARNING - 404 found: https://www.cian.ru/sale/flat/319124829/
2026-01-14 12:29:23,197 - INFO - Batch #11 completed: checked=1000, 404_found=20, exceptions=0, total_checked=11000, total_404=128, pending_deletes=28, total_deleted=100, avg_speed=926.4 records/sec
2026-01-14 12:29:23,198 - INFO - Processing batch #12, last_id=39941
2026-01-14 12:29:23,209 - INFO - Fetched 1000 rows from database
2026-01-14 12:29:23,233 - WARNING - 404 found: https://www.cian.ru/sale/flat/323481439/
2026-01-14 12:29:23,254 - WARNING - 404 found: https://www.cian.ru/sale/flat/323229070/
2026-01-14 12:29:23,287 - WARNING - 404 found: https://www.cian.ru/sale/flat/322614937/
2026-01-14 12:29:23,381 - WARNING - 404 found: https://www.cian.ru/sale/flat/323307094/
2026-01-14 12:29:23,527 - WARNING - 404 found: https://www.cian.ru/sale/flat/321669716/
2026-01-14 12:29:23,567 - WARNING - 404 found: https://www.cian.ru/sale/flat/323656712/
2026-01-14 12:29:23,593 - WARNING - 404 found: https://www.cian.ru/sale/flat/323138872/
2026-01-14 12:29:23,608 - WARNING - 404 found: https://www.cian.ru/sale/flat/322558349/
2026-01-14 12:29:26,393 - INFO - Batch #12 completed: checked=1000, 404_found=8, exceptions=0, total_checked=12000, total_404=136, pending_deletes=36, total_deleted=100, avg_speed=796.3 records/sec
2026-01-14 12:29:26,393 - INFO - Processing batch #13, last_id=40979
2026-01-14 12:29:26,402 - INFO - Fetched 1000 rows from database
2026-01-14 12:29:26,420 - WARNING - 404 found: https://www.cian.ru/sale/flat/323430270/
2026-01-14 12:29:26,472 - WARNING - 404 found: https://www.cian.ru/sale/flat/322860012/
2026-01-14 12:29:26,509 - WARNING - 404 found: https://www.cian.ru/sale/flat/319448128/
2026-01-14 12:29:26,525 - WARNING - 404 found: https://www.cian.ru/sale/flat/323439463/
2026-01-14 12:29:26,563 - WARNING - 404 found: https://www.cian.ru/sale/flat/322045037/
2026-01-14 12:29:26,564 - WARNING - 404 found: https://www.cian.ru/sale/flat/322148579/
2026-01-14 12:29:26,603 - WARNING - 404 found: https://www.cian.ru/sale/flat/323354881/
2026-01-14 12:29:26,607 - WARNING - 404 found: https://www.cian.ru/sale/flat/323055598/
2026-01-14 12:29:26,610 - WARNING - 404 found: https://www.cian.ru/sale/flat/322854542/
2026-01-14 12:29:26,612 - WARNING - 404 found: https://www.cian.ru/sale/flat/322269211/
2026-01-14 12:29:26,824 - WARNING - 404 found: https://www.cian.ru/sale/flat/315099761/
2026-01-14 12:29:26,999 - INFO - Batch #13 completed: checked=1000, 404_found=11, exceptions=0, total_checked=13000, total_404=147, pending_deletes=47, total_deleted=100, avg_speed=829.3 records/sec
2026-01-14 12:29:27,000 - INFO - Processing batch #14, last_id=42040
2026-01-14 12:29:27,008 - INFO - Fetched 1000 rows from database
2026-01-14 12:29:27,089 - WARNING - 404 found: https://www.cian.ru/sale/flat/323481388/
2026-01-14 12:29:27,119 - WARNING - 404 found: https://www.cian.ru/sale/flat/323464418/
2026-01-14 12:29:27,121 - WARNING - 404 found: https://www.cian.ru/sale/flat/323457287/
2026-01-14 12:29:27,211 - WARNING - 404 found: https://www.cian.ru/sale/flat/322733448/
2026-01-14 12:29:27,217 - WARNING - 404 found: https://www.cian.ru/sale/flat/322617848/
2026-01-14 12:29:27,239 - WARNING - 404 found: https://www.cian.ru/sale/flat/322248355/
2026-01-14 12:29:27,245 - WARNING - 404 found: https://www.cian.ru/sale/flat/322208537/
2026-01-14 12:29:27,279 - WARNING - 404 found: https://www.cian.ru/sale/flat/321658502/
2026-01-14 12:29:27,302 - WARNING - 404 found: https://www.cian.ru/sale/flat/321026019/
2026-01-14 12:29:27,333 - WARNING - 404 found: https://www.cian.ru/sale/flat/319669926/
2026-01-14 12:29:27,349 - WARNING - 404 found: https://www.cian.ru/sale/flat/318684322/
2026-01-14 12:29:27,378 - WARNING - 404 found: https://www.cian.ru/sale/flat/313919669/
2026-01-14 12:29:27,391 - WARNING - 404 found: https://www.cian.ru/sale/flat/308425560/
2026-01-14 12:29:27,397 - WARNING - 404 found: https://www.cian.ru/sale/flat/313751978/
2026-01-14 12:29:27,470 - INFO - Batch #14 completed: checked=1000, 404_found=14, exceptions=0, total_checked=14000, total_404=161, pending_deletes=61, total_deleted=100, avg_speed=867.0 records/sec
2026-01-14 12:29:27,471 - INFO - Processing batch #15, last_id=43101
2026-01-14 12:29:27,481 - INFO - Fetched 1000 rows from database
2026-01-14 12:29:27,497 - WARNING - 404 found: https://www.cian.ru/sale/flat/323639793/
2026-01-14 12:29:27,518 - WARNING - 404 found: https://www.cian.ru/sale/flat/323575760/
2026-01-14 12:29:27,536 - WARNING - 404 found: https://www.cian.ru/sale/flat/323521230/
2026-01-14 12:29:27,556 - WARNING - 404 found: https://www.cian.ru/sale/flat/323433999/
2026-01-14 12:29:27,557 - WARNING - 404 found: https://www.cian.ru/sale/flat/323450134/
2026-01-14 12:29:27,576 - WARNING - 404 found: https://www.cian.ru/sale/flat/323326853/
2026-01-14 12:29:27,579 - WARNING - 404 found: https://www.cian.ru/sale/flat/323326830/
2026-01-14 12:29:27,611 - WARNING - 404 found: https://www.cian.ru/sale/flat/323201642/
2026-01-14 12:29:27,615 - WARNING - 404 found: https://www.cian.ru/sale/flat/323186023/
2026-01-14 12:29:27,618 - WARNING - 404 found: https://www.cian.ru/sale/flat/323169728/
2026-01-14 12:29:27,632 - WARNING - 404 found: https://www.cian.ru/sale/flat/323133506/
2026-01-14 12:29:27,632 - WARNING - 404 found: https://www.cian.ru/sale/flat/323121816/
2026-01-14 12:29:27,635 - WARNING - 404 found: https://www.cian.ru/sale/flat/323123467/
2026-01-14 12:29:27,643 - WARNING - 404 found: https://www.cian.ru/sale/flat/323083017/
2026-01-14 12:29:27,694 - WARNING - 404 found: https://www.cian.ru/sale/flat/322837845/
2026-01-14 12:29:27,706 - WARNING - 404 found: https://www.cian.ru/sale/flat/322787562/
2026-01-14 12:29:27,721 - WARNING - 404 found: https://www.cian.ru/sale/flat/322734030/
2026-01-14 12:29:27,745 - WARNING - 404 found: https://www.cian.ru/sale/flat/322680441/
2026-01-14 12:29:27,750 - WARNING - 404 found: https://www.cian.ru/sale/flat/322602034/
2026-01-14 12:29:27,756 - WARNING - 404 found: https://www.cian.ru/sale/flat/322537064/
2026-01-14 12:29:27,765 - WARNING - 404 found: https://www.cian.ru/sale/flat/322417510/
2026-01-14 12:29:27,822 - WARNING - 404 found: https://www.cian.ru/sale/flat/321743198/
2026-01-14 12:29:27,848 - WARNING - 404 found: https://www.cian.ru/sale/flat/321418150/
2026-01-14 12:29:27,887 - WARNING - 404 found: https://www.cian.ru/sale/flat/321054654/
2026-01-14 12:29:27,983 - INFO - Batch #15 completed: checked=1000, 404_found=24, exceptions=0, total_checked=15000, total_404=185, pending_deletes=85, total_deleted=100, avg_speed=900.4 records/sec
2026-01-14 12:29:27,983 - INFO - Processing batch #16, last_id=44150
2026-01-14 12:29:27,997 - INFO - Fetched 1000 rows from database
2026-01-14 12:29:28,024 - WARNING - 404 found: https://korolev.cian.ru/sale/flat/323577417/
2026-01-14 12:29:28,027 - WARNING - 404 found: https://mytishchi.cian.ru/sale/flat/323551357/
2026-01-14 12:29:28,037 - WARNING - 404 found: https://chekhov.cian.ru/sale/flat/323540030/
2026-01-14 12:29:28,084 - WARNING - 404 found: https://klin.cian.ru/sale/flat/323281522/
2026-01-14 12:29:28,101 - WARNING - 404 found: https://voskresensk.cian.ru/sale/flat/323148595/
2026-01-14 12:29:28,104 - WARNING - 404 found: https://krasnogorsk.cian.ru/sale/flat/323165424/
2026-01-14 12:29:28,147 - WARNING - 404 found: https://www.cian.ru/sale/flat/323011663/
2026-01-14 12:29:28,152 - WARNING - 404 found: https://klin.cian.ru/sale/flat/322895442/
2026-01-14 12:29:28,162 - WARNING - 404 found: https://odintsovo.cian.ru/sale/flat/322853994/
2026-01-14 12:29:28,185 - WARNING - 404 found: https://www.cian.ru/sale/flat/322730511/
2026-01-14 12:29:28,221 - WARNING - 404 found: https://krasnogorsk.cian.ru/sale/flat/322351870/
2026-01-14 12:29:28,250 - WARNING - 404 found: https://ozery.cian.ru/sale/flat/321968978/
2026-01-14 12:29:28,262 - WARNING - 404 found: https://sergiyev-posad.cian.ru/sale/flat/321810128/
2026-01-14 12:29:28,273 - WARNING - 404 found: https://korolev.cian.ru/sale/flat/321669521/
2026-01-14 12:29:28,280 - WARNING - 404 found: https://krasnogorsk.cian.ru/sale/flat/321558494/
2026-01-14 12:29:28,361 - WARNING - 404 found: https://odintsovo.cian.ru/sale/flat/319684669/
2026-01-14 12:29:28,366 - WARNING - 404 found: https://korolev.cian.ru/sale/flat/319367245/
2026-01-14 12:29:28,388 - WARNING - 404 found: https://pushkino.cian.ru/sale/flat/318584786/
2026-01-14 12:29:28,496 - INFO - Deleted 100 offers with IDs: [38201, 38284, 38480, 38529, 38552, 38581, 38594, 38825, 38917, 38948, 38969, 39079, 39105, 39174, 39249, 39297, 39346, 39352, 39391, 39448, 39462, 39465, 39602, 39625, 39627, 39855, 39878, 39907, 39996, 40040, 40114, 40344, 40708, 40794, 40861, 40897, 41026, 41074, 41157, 41209, 41285, 41287, 41377, 41386, 41391, 41403, 41908, 42202, 42284, 42287, 42532, 42562, 42626, 42633, 42734, 42791, 42885, 42928, 43014, 43016, 43056, 43140, 43187, 43222, 43266, 43277, 43342, 43343, 43418, 43431, 43447, 43467, 43473, 43474, 43502, 43628, 43650, 43680, 43716, 43754, 43778, 43800, 43941, 44016, 44078, 44191, 44208, 44210, 44321, 44365, 44378, 44442, 44476, 44490, 44554, 44643, 44720, 44759, 44785, 44806]
2026-01-14 12:29:28,497 - INFO - Batch #16 completed: checked=1000, 404_found=18, exceptions=0, total_checked=16000, total_404=203, pending_deletes=3, total_deleted=200, avg_speed=931.7 records/sec
2026-01-14 12:29:28,497 - INFO - Processing batch #17, last_id=45188
2026-01-14 12:29:28,510 - INFO - Fetched 1000 rows from database
2026-01-14 12:29:28,549 - WARNING - 404 found: https://vidnoye.cian.ru/sale/flat/313850032/
2026-01-14 12:29:28,639 - WARNING - 404 found: https://vidnoye.cian.ru/sale/flat/323682561/
2026-01-14 12:29:28,659 - WARNING - 404 found: https://klin.cian.ru/sale/flat/323556728/
2026-01-14 12:29:28,660 - WARNING - 404 found: https://orekhovo-zuyevo.cian.ru/sale/flat/323540612/
2026-01-14 12:29:28,670 - WARNING - 404 found: https://klin.cian.ru/sale/flat/323473630/
2026-01-14 12:29:28,671 - WARNING - 404 found: https://mytishchi.cian.ru/sale/flat/323476968/
2026-01-14 12:29:28,687 - WARNING - 404 found: https://klin.cian.ru/sale/flat/323388319/
2026-01-14 12:29:28,704 - WARNING - 404 found: https://balashikha.cian.ru/sale/flat/323379922/
2026-01-14 12:29:28,760 - WARNING - 404 found: https://odintsovo.cian.ru/sale/flat/323014221/
2026-01-14 12:29:28,771 - WARNING - 404 found: https://ramenskoye.cian.ru/sale/flat/322932385/
2026-01-14 12:29:28,803 - WARNING - 404 found: https://vidnoye.cian.ru/sale/flat/322735004/
2026-01-14 12:29:28,825 - WARNING - 404 found: https://ramenskoye.cian.ru/sale/flat/322574914/
2026-01-14 12:29:33,965 - INFO - Batch #17 completed: checked=1000, 404_found=12, exceptions=0, total_checked=17000, total_404=215, pending_deletes=15, total_deleted=200, avg_speed=750.8 records/sec
2026-01-14 12:29:33,965 - INFO - Processing batch #18, last_id=46217
2026-01-14 12:29:33,977 - INFO - Fetched 1000 rows from database
2026-01-14 12:29:34,023 - WARNING - 404 found: https://balashikha.cian.ru/sale/flat/320426043/
2026-01-14 12:29:34,079 - WARNING - 404 found: https://ivanteyevka.cian.ru/sale/flat/318797695/
2026-01-14 12:29:34,125 - WARNING - 404 found: https://zvenigorod.cian.ru/sale/flat/315765740/
2026-01-14 12:29:34,144 - WARNING - 404 found: https://yegoryevsk.cian.ru/sale/flat/313179440/
2026-01-14 12:29:34,227 - WARNING - 404 found: https://balashikha.cian.ru/sale/flat/323656458/
2026-01-14 12:29:34,228 - WARNING - 404 found: https://vidnoye.cian.ru/sale/flat/323653721/
2026-01-14 12:29:34,233 - WARNING - 404 found: https://shchyolkovo.cian.ru/sale/flat/323616620/
2026-01-14 12:29:34,268 - WARNING - 404 found: https://golitsyno.cian.ru/sale/flat/323391335/
2026-01-14 12:29:34,271 - WARNING - 404 found: https://klin.cian.ru/sale/flat/323388321/
2026-01-14 12:29:34,363 - WARNING - 404 found: https://mytishchi.cian.ru/sale/flat/322804802/
2026-01-14 12:29:34,366 - WARNING - 404 found: https://lyubertsy.cian.ru/sale/flat/322748019/
2026-01-14 12:29:34,425 - INFO - Batch #18 completed: checked=1000, 404_found=11, exceptions=0, total_checked=18000, total_404=226, pending_deletes=26, total_deleted=200, avg_speed=779.1 records/sec
2026-01-14 12:29:34,425 - INFO - Processing batch #19, last_id=47239
2026-01-14 12:29:34,435 - INFO - Fetched 1000 rows from database
2026-01-14 12:29:34,448 - WARNING - 404 found: https://zvenigorod.cian.ru/sale/flat/322636357/
2026-01-14 12:29:34,466 - WARNING - 404 found: https://korolev.cian.ru/sale/flat/322352197/
2026-01-14 12:29:34,492 - WARNING - 404 found: https://vidnoye.cian.ru/sale/flat/322411208/
2026-01-14 12:29:34,507 - WARNING - 404 found: https://sergiyev-posad.cian.ru/sale/flat/321837186/
2026-01-14 12:29:34,640 - WARNING - 404 found: https://vidnoye.cian.ru/sale/flat/318438900/
2026-01-14 12:29:34,650 - WARNING - 404 found: https://sergiyev-posad.cian.ru/sale/flat/317859667/
2026-01-14 12:29:34,656 - WARNING - 404 found: https://dmitrov.cian.ru/sale/flat/317473484/
2026-01-14 12:29:34,669 - WARNING - 404 found: https://www.cian.ru/sale/flat/315854078/
2026-01-14 12:29:34,739 - WARNING - 404 found: https://shchyolkovo.cian.ru/sale/flat/304424157/
2026-01-14 12:29:34,742 - WARNING - 404 found: https://www.cian.ru/sale/flat/304236443/
2026-01-14 12:29:34,744 - WARNING - 404 found: https://balashikha.cian.ru/sale/flat/305217594/
2026-01-14 12:29:34,827 - WARNING - 404 found: https://vidnoye.cian.ru/sale/flat/323505241/
2026-01-14 12:29:34,828 - WARNING - 404 found: https://ramenskoye.cian.ru/sale/flat/323505871/
2026-01-14 12:29:34,858 - WARNING - 404 found: https://khimki.cian.ru/sale/flat/323311371/
2026-01-14 12:29:34,956 - INFO - Batch #19 completed: checked=1000, 404_found=14, exceptions=0, total_checked=19000, total_404=240, pending_deletes=40, total_deleted=200, avg_speed=804.0 records/sec
2026-01-14 12:29:34,956 - INFO - Processing batch #20, last_id=48264
2026-01-14 12:29:34,966 - INFO - Fetched 1000 rows from database
2026-01-14 12:29:34,985 - WARNING - 404 found: https://vidnoye.cian.ru/sale/flat/323119194/
2026-01-14 12:29:35,004 - WARNING - 404 found: https://odintsovo.cian.ru/sale/flat/323050605/
2026-01-14 12:29:35,066 - WARNING - 404 found: https://vidnoye.cian.ru/sale/flat/322691268/
2026-01-14 12:29:35,083 - WARNING - 404 found: https://zvenigorod.cian.ru/sale/flat/322476755/
2026-01-14 12:29:35,117 - WARNING - 404 found: https://voskresensk.cian.ru/sale/flat/322037139/
2026-01-14 12:29:35,152 - WARNING - 404 found: https://odintsovo.cian.ru/sale/flat/321560218/
2026-01-14 12:29:35,213 - WARNING - 404 found: https://bronnicy.cian.ru/sale/flat/320691979/
2026-01-14 12:29:35,388 - WARNING - 404 found: https://ramenskoye.cian.ru/sale/flat/323693537/
2026-01-14 12:29:35,458 - INFO - Batch #20 completed: checked=1000, 404_found=8, exceptions=0, total_checked=20000, total_404=248, pending_deletes=48, total_deleted=200, avg_speed=828.7 records/sec
2026-01-14 12:29:35,459 - INFO - Processing batch #21, last_id=49293
2026-01-14 12:29:35,467 - INFO - Fetched 1000 rows from database
2026-01-14 12:29:35,508 - WARNING - 404 found: https://vidnoye.cian.ru/sale/flat/323379815/
2026-01-14 12:29:35,526 - WARNING - 404 found: https://korolev.cian.ru/sale/flat/323252343/
2026-01-14 12:29:35,537 - WARNING - 404 found: https://balashikha.cian.ru/sale/flat/323159342/
2026-01-14 12:29:35,541 - WARNING - 404 found: https://vidnoye.cian.ru/sale/flat/323128460/
2026-01-14 12:29:35,578 - WARNING - 404 found: https://www.cian.ru/sale/flat/322856230/
2026-01-14 12:29:35,643 - WARNING - 404 found: https://www.cian.ru/sale/flat/322113343/
2026-01-14 12:29:35,654 - WARNING - 404 found: https://khimki.cian.ru/sale/flat/321955264/
2026-01-14 12:29:35,690 - WARNING - 404 found: https://khimki.cian.ru/sale/flat/321280542/
2026-01-14 12:29:35,897 - INFO - Batch #21 completed: checked=1000, 404_found=8, exceptions=0, total_checked=21000, total_404=256, pending_deletes=56, total_deleted=200, avg_speed=854.6 records/sec
2026-01-14 12:29:35,897 - INFO - Processing batch #22, last_id=50307
2026-01-14 12:29:35,907 - INFO - Fetched 1000 rows from database
2026-01-14 12:29:36,061 - WARNING - 404 found: https://bryansk.cian.ru/sale/suburban/322878865/
2026-01-14 12:29:36,240 - WARNING - 404 found: https://bryansk.cian.ru/sale/suburban/319787923/
2026-01-14 12:29:36,311 - WARNING - 404 found: https://bryansk.cian.ru/sale/suburban/318001478/
2026-01-14 12:29:36,392 - INFO - Batch #22 completed: checked=1000, 404_found=3, exceptions=0, total_checked=22000, total_404=259, pending_deletes=59, total_deleted=200, avg_speed=877.6 records/sec
2026-01-14 12:29:36,392 - INFO - Processing batch #23, last_id=51309
2026-01-14 12:29:36,401 - INFO - Fetched 1000 rows from database
2026-01-14 12:29:36,618 - WARNING - 404 found: https://podolsk.cian.ru/sale/flat/316748936/
2026-01-14 12:29:36,623 - WARNING - 404 found: https://kotelniki.cian.ru/sale/flat/316025616/
2026-01-14 12:29:36,625 - WARNING - 404 found: https://vidnoye.cian.ru/sale/flat/316016857/
2026-01-14 12:29:36,649 - WARNING - 404 found: https://krasnogorsk.cian.ru/sale/flat/312666933/
2026-01-14 12:29:36,802 - WARNING - 404 found: https://krasnogorsk.cian.ru/sale/flat/322789817/
2026-01-14 12:29:36,852 - INFO - Batch #23 completed: checked=1000, 404_found=5, exceptions=0, total_checked=23000, total_404=264, pending_deletes=64, total_deleted=200, avg_speed=900.9 records/sec
2026-01-14 12:29:36,853 - INFO - Processing batch #24, last_id=52323
2026-01-14 12:29:36,864 - INFO - Fetched 1000 rows from database
2026-01-14 12:29:37,032 - WARNING - 404 found: https://vidnoye.cian.ru/sale/flat/323314650/
2026-01-14 12:29:37,102 - WARNING - 404 found: https://ivanteyevka.cian.ru/sale/flat/322874141/
2026-01-14 12:29:37,196 - WARNING - 404 found: https://odintsovo.cian.ru/sale/flat/316217101/
2026-01-14 12:29:37,534 - INFO - Batch #24 completed: checked=1000, 404_found=3, exceptions=0, total_checked=24000, total_404=267, pending_deletes=67, total_deleted=200, avg_speed=915.6 records/sec
2026-01-14 12:29:37,534 - INFO - Processing batch #25, last_id=53352
2026-01-14 12:29:37,545 - INFO - Fetched 1000 rows from database
2026-01-14 12:29:37,563 - WARNING - 404 found: https://lyubertsy.cian.ru/sale/flat/322896885/
2026-01-14 12:29:37,605 - WARNING - 404 found: https://krasnogorsk.cian.ru/sale/flat/322142798/
2026-01-14 12:29:37,696 - WARNING - 404 found: https://istra.cian.ru/sale/flat/315879696/
2026-01-14 12:29:37,698 - WARNING - 404 found: https://ivanteyevka.cian.ru/sale/flat/315355148/
2026-01-14 12:29:37,737 - WARNING - 404 found: https://domodedovo.cian.ru/sale/flat/323620048/
2026-01-14 12:29:37,767 - WARNING - 404 found: https://podolsk.cian.ru/sale/flat/323341194/
2026-01-14 12:29:37,788 - WARNING - 404 found: https://ramenskoye.cian.ru/sale/flat/323079191/
2026-01-14 12:29:37,817 - WARNING - 404 found: https://vidnoye.cian.ru/sale/flat/322601151/
2026-01-14 12:29:37,836 - WARNING - 404 found: https://istra.cian.ru/sale/flat/321791814/
2026-01-14 12:29:37,896 - WARNING - 404 found: https://ramenskoye.cian.ru/sale/flat/318882010/
2026-01-14 12:29:37,939 - WARNING - 404 found: https://balashikha.cian.ru/sale/flat/323556558/
2026-01-14 12:29:37,941 - WARNING - 404 found: https://vidnoye.cian.ru/sale/flat/323543563/
2026-01-14 12:29:37,946 - WARNING - 404 found: https://vidnoye.cian.ru/sale/flat/323612752/
2026-01-14 12:29:37,951 - WARNING - 404 found: https://mytishchi.cian.ru/sale/flat/323469952/
2026-01-14 12:29:38,018 - INFO - Batch #25 completed: checked=1000, 404_found=14, exceptions=0, total_checked=25000, total_404=281, pending_deletes=81, total_deleted=200, avg_speed=936.5 records/sec
2026-01-14 12:29:38,019 - INFO - Processing batch #26, last_id=54375
2026-01-14 12:29:38,027 - INFO - Fetched 1000 rows from database
2026-01-14 12:29:38,141 - WARNING - 404 found: https://vidnoye.cian.ru/sale/flat/318498754/
2026-01-14 12:29:38,187 - WARNING - 404 found: https://balashikha.cian.ru/sale/flat/323754300/
2026-01-14 12:29:38,203 - WARNING - 404 found: https://vidnoye.cian.ru/sale/flat/323378725/
2026-01-14 12:29:38,220 - WARNING - 404 found: https://balashikha.cian.ru/sale/flat/323169892/
2026-01-14 12:29:38,233 - WARNING - 404 found: https://balashikha.cian.ru/sale/flat/323078615/
2026-01-14 12:29:38,247 - WARNING - 404 found: https://khimki.cian.ru/sale/flat/322795170/
2026-01-14 12:29:38,266 - WARNING - 404 found: https://khimki.cian.ru/sale/flat/322979419/
2026-01-14 12:29:38,348 - WARNING - 404 found: https://vidnoye.cian.ru/sale/flat/323668502/
2026-01-14 12:29:38,421 - WARNING - 404 found: https://balashikha.cian.ru/sale/flat/323607379/
2026-01-14 12:29:38,437 - WARNING - 404 found: https://reutov.cian.ru/sale/flat/323253238/
2026-01-14 12:29:38,440 - WARNING - 404 found: https://vidnoye.cian.ru/sale/flat/323224046/
2026-01-14 12:29:38,460 - WARNING - 404 found: https://balashikha.cian.ru/sale/flat/322505061/
2026-01-14 12:29:38,463 - WARNING - 404 found: https://vidnoye.cian.ru/sale/flat/322444712/
2026-01-14 12:29:38,492 - WARNING - 404 found: https://balashikha.cian.ru/sale/flat/320734547/
2026-01-14 12:29:38,518 - WARNING - 404 found: https://mytishchi.cian.ru/sale/flat/319592467/
2026-01-14 12:29:39,251 - INFO - Batch #26 completed: checked=1000, 404_found=15, exceptions=0, total_checked=26000, total_404=296, pending_deletes=96, total_deleted=200, avg_speed=931.0 records/sec
2026-01-14 12:29:39,252 - INFO - Processing batch #27, last_id=55396
2026-01-14 12:29:39,262 - INFO - Fetched 1000 rows from database
2026-01-14 12:29:39,301 - WARNING - 404 found: https://vidnoye.cian.ru/sale/flat/322934833/
2026-01-14 12:29:39,327 - WARNING - 404 found: https://vidnoye.cian.ru/sale/flat/322022773/
2026-01-14 12:29:39,346 - WARNING - 404 found: https://domodedovo.cian.ru/sale/flat/320388805/
2026-01-14 12:29:39,416 - WARNING - 404 found: https://zhukovsky.cian.ru/sale/flat/323505874/
2026-01-14 12:29:39,475 - WARNING - 404 found: https://odintsovo.cian.ru/sale/flat/321764973/
2026-01-14 12:29:39,475 - WARNING - 404 found: https://balashikha.cian.ru/sale/flat/321633598/
2026-01-14 12:29:39,480 - WARNING - 404 found: https://krasnogorsk.cian.ru/sale/flat/321265553/
2026-01-14 12:29:39,496 - WARNING - 404 found: https://balashikha.cian.ru/sale/flat/318951181/
2026-01-14 12:29:39,516 - WARNING - 404 found: https://balashikha.cian.ru/sale/flat/314481153/
2026-01-14 12:29:39,547 - WARNING - 404 found: https://vidnoye.cian.ru/sale/flat/323553885/
2026-01-14 12:29:39,570 - WARNING - 404 found: https://balashikha.cian.ru/sale/flat/323076907/
2026-01-14 12:29:39,572 - WARNING - 404 found: https://vidnoye.cian.ru/sale/flat/323070609/
2026-01-14 12:29:39,705 - WARNING - 404 found: https://lyubertsy.cian.ru/sale/flat/323164173/
2026-01-14 12:29:39,758 - WARNING - 404 found: https://dolgoprudny.cian.ru/sale/flat/322888129/
2026-01-14 12:29:39,772 - WARNING - 404 found: https://balashikha.cian.ru/sale/flat/322615777/
2026-01-14 12:29:39,775 - WARNING - 404 found: https://shchyolkovo.cian.ru/sale/flat/322420520/
2026-01-14 12:29:40,043 - INFO - Deleted 100 offers with IDs: [45017, 45043, 45095, 45246, 45453, 45518, 45523, 45539, 45543, 45583, 45590, 45744, 45767, 45838, 45884, 46305, 46448, 46572, 46631, 46852, 46853, 46866, 46962, 46965, 47198, 47211, 47242, 47295, 47303, 47417, 47734, 47760, 47777, 47815, 47961, 47963, 47965, 48157, 48158, 48223, 48315, 48344, 48468, 48516, 48592, 48687, 48799, 49252, 49379, 49433, 49463, 49472, 49564, 49716, 49749, 49839, 50605, 51064, 51236, 51841, 51856, 51857, 51918, 52246, 52768, 52863, 53123, 53399, 53495, 53713, 53719, 53821, 53891, 53951, 54029, 54087, 54208, 54330, 54341, 54343, 54353, 54623, 54729, 54772, 54803, 54819, 54832, 54852, 55073, 55085, 55137, 55138, 55193, 55197, 55261, 55289, 55482, 55541, 55588, 55717]
2026-01-14 12:29:40,044 - INFO - Batch #27 completed: checked=1000, 404_found=16, exceptions=0, total_checked=27000, total_404=312, pending_deletes=12, total_deleted=300, avg_speed=940.1 records/sec
2026-01-14 12:29:40,044 - INFO - Processing batch #28, last_id=56424
2026-01-14 12:29:40,054 - INFO - Fetched 1000 rows from database
2026-01-14 12:29:40,143 - WARNING - 404 found: https://ramenskoye.cian.ru/sale/flat/323260991/
2026-01-14 12:29:40,196 - WARNING - 404 found: https://lobnya.cian.ru/sale/flat/319976776/
2026-01-14 12:29:40,200 - WARNING - 404 found: https://krasnogorsk.cian.ru/sale/flat/319822818/
2026-01-14 12:29:40,205 - WARNING - 404 found: https://vidnoye.cian.ru/sale/flat/319148511/
2026-01-14 12:29:40,237 - WARNING - 404 found: https://balashikha.cian.ru/sale/flat/323240610/
2026-01-14 12:29:40,255 - WARNING - 404 found: https://podolsk.cian.ru/sale/flat/321276335/
2026-01-14 12:29:40,291 - WARNING - 404 found: https://odintsovo.cian.ru/sale/flat/323202980/
2026-01-14 12:29:40,337 - WARNING - 404 found: https://krasnogorsk.cian.ru/sale/flat/321636344/
2026-01-14 12:29:40,391 - WARNING - 404 found: https://odintsovo.cian.ru/sale/flat/322813290/
2026-01-14 12:29:40,425 - WARNING - 404 found: https://krasnogorsk.cian.ru/sale/flat/322305619/
2026-01-14 12:29:40,619 - INFO - Batch #28 completed: checked=1000, 404_found=10, exceptions=0, total_checked=28000, total_404=322, pending_deletes=22, total_deleted=300, avg_speed=955.8 records/sec
2026-01-14 12:29:40,619 - INFO - Processing batch #29, last_id=57449
2026-01-14 12:29:40,629 - INFO - Fetched 1000 rows from database
2026-01-14 12:29:40,682 - WARNING - 404 found: https://ozery.cian.ru/sale/flat/323388411/
2026-01-14 12:29:40,714 - WARNING - 404 found: https://ramenskoye.cian.ru/sale/flat/323236729/
2026-01-14 12:29:40,728 - WARNING - 404 found: https://www.cian.ru/sale/flat/323195913/
2026-01-14 12:29:40,735 - WARNING - 404 found: https://balashikha.cian.ru/sale/flat/323159795/
2026-01-14 12:29:40,738 - WARNING - 404 found: https://lyubertsy.cian.ru/sale/flat/323162608/
2026-01-14 12:29:40,806 - WARNING - 404 found: https://khotkovo.cian.ru/sale/flat/322769060/
2026-01-14 12:29:40,815 - WARNING - 404 found: https://ramenskoye.cian.ru/sale/flat/322681292/
2026-01-14 12:29:40,824 - WARNING - 404 found: https://krasnogorsk.cian.ru/sale/flat/322596544/
2026-01-14 12:29:40,842 - WARNING - 404 found: https://www.cian.ru/sale/flat/322384863/
2026-01-14 12:29:40,844 - WARNING - 404 found: https://krasnozavodsk.cian.ru/sale/flat/322366778/
2026-01-14 12:29:40,864 - WARNING - 404 found: https://voskresensk.cian.ru/sale/flat/322223684/
2026-01-14 12:29:40,924 - WARNING - 404 found: https://dolgoprudny.cian.ru/sale/flat/321730832/
2026-01-14 12:29:41,663 - INFO - Batch #29 completed: checked=1000, 404_found=12, exceptions=0, total_checked=29000, total_404=334, pending_deletes=34, total_deleted=300, avg_speed=955.8 records/sec
2026-01-14 12:29:41,663 - INFO - Processing batch #30, last_id=58480
2026-01-14 12:29:41,674 - INFO - Fetched 1000 rows from database
2026-01-14 12:29:41,747 - WARNING - 404 found: https://klin.cian.ru/sale/flat/318017578/
2026-01-14 12:29:41,754 - WARNING - 404 found: https://www.cian.ru/sale/flat/317416696/
2026-01-14 12:29:41,765 - WARNING - 404 found: https://pushkino.cian.ru/sale/flat/316712537/
2026-01-14 12:29:41,797 - WARNING - 404 found: https://mytishchi.cian.ru/sale/flat/314832052/
2026-01-14 12:29:41,797 - WARNING - 404 found: https://golitsyno.cian.ru/sale/flat/315027307/
2026-01-14 12:29:41,872 - WARNING - 404 found: https://khimki.cian.ru/sale/flat/323461491/
2026-01-14 12:29:42,114 - INFO - Batch #30 completed: checked=1000, 404_found=6, exceptions=0, total_checked=30000, total_404=340, pending_deletes=40, total_deleted=300, avg_speed=974.3 records/sec
2026-01-14 12:29:42,115 - INFO - Processing batch #31, last_id=59498
2026-01-14 12:29:42,123 - INFO - Fetched 1000 rows from database
2026-01-14 12:29:42,296 - WARNING - 404 found: https://bryansk.cian.ru/sale/flat/318180246/
2026-01-14 12:29:42,522 - WARNING - 404 found: https://bryansk.cian.ru/sale/flat/312087861/
2026-01-14 12:29:42,704 - INFO - Batch #31 completed: checked=1000, 404_found=2, exceptions=0, total_checked=31000, total_404=342, pending_deletes=42, total_deleted=300, avg_speed=987.9 records/sec
2026-01-14 12:29:42,704 - INFO - Processing batch #32, last_id=60501
2026-01-14 12:29:42,714 - INFO - Fetched 1000 rows from database
2026-01-14 12:29:43,067 - WARNING - 404 found: https://khimki.cian.ru/sale/flat/323123778/
2026-01-14 12:29:43,071 - WARNING - 404 found: https://orekhovo-zuyevo.cian.ru/sale/flat/323090424/
2026-01-14 12:29:43,103 - WARNING - 404 found: https://www.cian.ru/sale/flat/322969334/
2026-01-14 12:29:43,164 - WARNING - 404 found: https://www.cian.ru/sale/flat/322581971/
2026-01-14 12:29:43,173 - WARNING - 404 found: https://krasnogorsk.cian.ru/sale/flat/322481441/
2026-01-14 12:29:43,298 - INFO - Batch #32 completed: checked=1000, 404_found=5, exceptions=0, total_checked=32000, total_404=347, pending_deletes=47, total_deleted=300, avg_speed=1000.8 records/sec
2026-01-14 12:29:43,298 - INFO - Processing batch #33, last_id=61522
2026-01-14 12:29:43,306 - INFO - Fetched 1000 rows from database
2026-01-14 12:29:43,325 - WARNING - 404 found: https://kotelniki.cian.ru/sale/flat/322197631/
2026-01-14 12:29:43,327 - WARNING - 404 found: https://dmitrov.cian.ru/sale/flat/322208369/
2026-01-14 12:29:43,452 - WARNING - 404 found: https://www.cian.ru/sale/flat/320901368/
2026-01-14 12:29:43,508 - WARNING - 404 found: https://balashikha.cian.ru/sale/flat/319949520/
2026-01-14 12:29:43,584 - WARNING - 404 found: https://serpukhov.cian.ru/sale/flat/317397060/
2026-01-14 12:29:43,641 - WARNING - 404 found: https://balashikha.cian.ru/sale/flat/323664021/
2026-01-14 12:29:43,664 - WARNING - 404 found: https://podolsk.cian.ru/sale/flat/323553685/
2026-01-14 12:29:43,681 - WARNING - 404 found: https://klin.cian.ru/sale/flat/323473620/
2026-01-14 12:29:43,685 - WARNING - 404 found: https://vidnoye.cian.ru/sale/flat/323474610/
2026-01-14 12:29:43,935 - INFO - Batch #33 completed: checked=1000, 404_found=9, exceptions=0, total_checked=33000, total_404=356, pending_deletes=56, total_deleted=300, avg_speed=1011.9 records/sec
2026-01-14 12:29:43,935 - INFO - Processing batch #34, last_id=62551
2026-01-14 12:29:43,944 - INFO - Fetched 1000 rows from database
2026-01-14 12:29:43,961 - WARNING - 404 found: https://ramenskoye.cian.ru/sale/flat/323385169/
2026-01-14 12:29:44,084 - WARNING - 404 found: https://dzerzhinsky.cian.ru/sale/flat/322621132/
2026-01-14 12:29:44,137 - WARNING - 404 found: https://sergiyev-posad.cian.ru/sale/flat/322278026/
2026-01-14 12:29:44,313 - WARNING - 404 found: https://www.cian.ru/sale/flat/319928176/
2026-01-14 12:29:44,368 - INFO - Batch #34 completed: checked=1000, 404_found=4, exceptions=0, total_checked=34000, total_404=360, pending_deletes=60, total_deleted=300, avg_speed=1028.9 records/sec
2026-01-14 12:29:44,368 - INFO - Processing batch #35, last_id=63570
2026-01-14 12:29:44,377 - INFO - Fetched 1000 rows from database
2026-01-14 12:29:44,447 - WARNING - 404 found: https://zhukovsky.cian.ru/sale/flat/313271958/
2026-01-14 12:29:44,523 - WARNING - 404 found: https://krasnogorsk.cian.ru/sale/flat/323572668/
2026-01-14 12:29:44,542 - WARNING - 404 found: https://klin.cian.ru/sale/flat/323473627/
2026-01-14 12:29:44,560 - WARNING - 404 found: https://ramenskoye.cian.ru/sale/flat/323491365/
2026-01-14 12:29:44,713 - WARNING - 404 found: https://korolev.cian.ru/sale/flat/322197042/
2026-01-14 12:29:44,755 - WARNING - 404 found: https://dolgoprudny.cian.ru/sale/flat/321687273/
2026-01-14 12:29:44,874 - INFO - Batch #35 completed: checked=1000, 404_found=6, exceptions=0, total_checked=35000, total_404=366, pending_deletes=66, total_deleted=300, avg_speed=1043.2 records/sec
2026-01-14 12:29:44,874 - INFO - Processing batch #36, last_id=64593
2026-01-14 12:29:44,883 - INFO - Fetched 1000 rows from database
2026-01-14 12:29:45,007 - WARNING - 404 found: https://istra.cian.ru/sale/flat/318297558/
2026-01-14 12:29:45,016 - WARNING - 404 found: https://lyubertsy.cian.ru/sale/flat/318164616/
2026-01-14 12:29:45,047 - WARNING - 404 found: https://voskresensk.cian.ru/sale/flat/316067407/
2026-01-14 12:29:45,240 - WARNING - 404 found: https://klin.cian.ru/sale/flat/323473612/
2026-01-14 12:29:47,178 - INFO - Batch #36 completed: checked=1000, 404_found=4, exceptions=0, total_checked=36000, total_404=370, pending_deletes=70, total_deleted=300, avg_speed=1004.0 records/sec
2026-01-14 12:29:47,178 - INFO - Processing batch #37, last_id=65627
2026-01-14 12:29:47,189 - INFO - Fetched 1000 rows from database
2026-01-14 12:29:47,209 - WARNING - 404 found: https://kolomna.cian.ru/sale/flat/323163873/
2026-01-14 12:29:47,221 - WARNING - 404 found: https://ramenskoye.cian.ru/sale/flat/323095949/
2026-01-14 12:29:47,253 - WARNING - 404 found: https://lobnya.cian.ru/sale/flat/322927903/
2026-01-14 12:29:47,383 - WARNING - 404 found: https://dolgoprudny.cian.ru/sale/flat/321649330/
2026-01-14 12:29:47,473 - WARNING - 404 found: https://lytkarino.cian.ru/sale/flat/320016673/
2026-01-14 12:29:47,512 - WARNING - 404 found: https://lobnya.cian.ru/sale/flat/318676837/
2026-01-14 12:29:47,559 - WARNING - 404 found: https://khimki.cian.ru/sale/flat/315718587/
2026-01-14 12:29:47,709 - INFO - Batch #37 completed: checked=1000, 404_found=7, exceptions=0, total_checked=37000, total_404=377, pending_deletes=77, total_deleted=300, avg_speed=1016.9 records/sec
2026-01-14 12:29:47,709 - INFO - Processing batch #38, last_id=66646
2026-01-14 12:29:47,720 - INFO - Fetched 1000 rows from database
2026-01-14 12:29:47,790 - WARNING - 404 found: https://vidnoye.cian.ru/sale/flat/323612029/
2026-01-14 12:29:47,813 - WARNING - 404 found: https://khimki.cian.ru/sale/flat/323390773/
2026-01-14 12:29:47,846 - WARNING - 404 found: https://shchyolkovo.cian.ru/sale/flat/322916249/
2026-01-14 12:29:47,876 - WARNING - 404 found: https://krasnogorsk.cian.ru/sale/flat/322438438/
2026-01-14 12:29:47,907 - WARNING - 404 found: https://balashikha.cian.ru/sale/flat/321494065/
2026-01-14 12:29:47,936 - WARNING - 404 found: https://odintsovo.cian.ru/sale/flat/321455069/
2026-01-14 12:29:47,937 - WARNING - 404 found: https://krasnogorsk.cian.ru/sale/flat/321191844/
2026-01-14 12:29:47,970 - WARNING - 404 found: https://vidnoye.cian.ru/sale/flat/318970122/
2026-01-14 12:29:48,863 - INFO - Batch #38 completed: checked=1000, 404_found=8, exceptions=0, total_checked=38000, total_404=385, pending_deletes=85, total_deleted=300, avg_speed=1012.3 records/sec
2026-01-14 12:29:48,863 - INFO - Processing batch #39, last_id=67661
2026-01-14 12:29:48,872 - INFO - Fetched 1000 rows from database
2026-01-14 12:29:48,891 - WARNING - 404 found: https://krasnogorsk.cian.ru/sale/flat/321428159/
2026-01-14 12:29:48,917 - WARNING - 404 found: https://vidnoye.cian.ru/sale/flat/319766156/
2026-01-14 12:29:48,922 - WARNING - 404 found: https://khimki.cian.ru/sale/flat/319639703/
2026-01-14 12:29:48,941 - WARNING - 404 found: https://vidnoye.cian.ru/sale/flat/316326078/
2026-01-14 12:29:48,962 - WARNING - 404 found: https://khimki.cian.ru/sale/flat/311258793/
2026-01-14 12:29:49,068 - WARNING - 404 found: https://odintsovo.cian.ru/sale/flat/322395779/
2026-01-14 12:29:49,110 - WARNING - 404 found: https://podolsk.cian.ru/sale/flat/320920490/
2026-01-14 12:29:49,125 - WARNING - 404 found: https://odintsovo.cian.ru/sale/flat/320061926/
2026-01-14 12:29:49,150 - WARNING - 404 found: https://vidnoye.cian.ru/sale/flat/319117737/
2026-01-14 12:29:49,164 - WARNING - 404 found: https://korolev.cian.ru/sale/flat/314387683/
2026-01-14 12:29:49,243 - WARNING - 404 found: https://khimki.cian.ru/sale/flat/323264008/
2026-01-14 12:29:49,296 - INFO - Batch #39 completed: checked=1000, 404_found=11, exceptions=0, total_checked=39000, total_404=396, pending_deletes=96, total_deleted=300, avg_speed=1027.0 records/sec
2026-01-14 12:29:49,296 - INFO - Processing batch #40, last_id=68693
2026-01-14 12:29:49,304 - INFO - Fetched 1000 rows from database
2026-01-14 12:29:49,322 - WARNING - 404 found: https://vidnoye.cian.ru/sale/flat/322408948/
2026-01-14 12:29:49,335 - WARNING - 404 found: https://ramenskoye.cian.ru/sale/flat/322509686/
2026-01-14 12:29:49,409 - WARNING - 404 found: https://www.cian.ru/sale/flat/317783347/
2026-01-14 12:29:49,468 - WARNING - 404 found: https://vidnoye.cian.ru/sale/flat/323587425/
2026-01-14 12:29:49,484 - WARNING - 404 found: https://balashikha.cian.ru/sale/flat/323236498/
2026-01-14 12:29:49,494 - WARNING - 404 found: https://krasnogorsk.cian.ru/sale/flat/322949242/
2026-01-14 12:29:49,534 - WARNING - 404 found: https://vidnoye.cian.ru/sale/flat/321489533/
2026-01-14 12:29:49,585 - WARNING - 404 found: https://vidnoye.cian.ru/sale/flat/318816359/
2026-01-14 12:29:49,602 - WARNING - 404 found: https://balashikha.cian.ru/sale/flat/315845320/
2026-01-14 12:29:49,659 - WARNING - 404 found: https://lyubertsy.cian.ru/sale/flat/323539506/
2026-01-14 12:29:49,725 - WARNING - 404 found: https://balashikha.cian.ru/sale/flat/318569345/
2026-01-14 12:29:49,797 - INFO - Deleted 100 offers with IDs: [55853, 55861, 55877, 55916, 55942, 56027, 56086, 56088, 56360, 56381, 56401, 56407, 56614, 56741, 56746, 56758, 56833, 56865, 56932, 57042, 57145, 57242, 57569, 57651, 57682, 57697, 57702, 57877, 57899, 57920, 57966, 57970, 58018, 58165, 58658, 58690, 58718, 58803, 58811, 59017, 59894, 60209, 61216, 61231, 61291, 61438, 61479, 61564, 61566, 61901, 62058, 62279, 62420, 62486, 62514, 62518, 62560, 62892, 63001, 63439, 63763, 63966, 63996, 64003, 64449, 64554, 64946, 64959, 65051, 65514, 65670, 65694, 65768, 66078, 66284, 66392, 66523, 66830, 66873, 66943, 67006, 67084, 67090, 67103, 67199, 67701, 67775, 67780, 67845, 67896, 68177, 68295, 68330, 68364, 68422, 68610, 68713, 68721, 68912, 69085]
2026-01-14 12:29:49,797 - INFO - Batch #40 completed: checked=1000, 404_found=11, exceptions=0, total_checked=40000, total_404=407, pending_deletes=7, total_deleted=400, avg_speed=1039.6 records/sec
2026-01-14 12:29:49,798 - INFO - Processing batch #41, last_id=69716
2026-01-14 12:29:49,807 - INFO - Fetched 1000 rows from database
2026-01-14 12:29:49,899 - WARNING - 404 found: https://lyubertsy.cian.ru/sale/flat/321387300/
2026-01-14 12:29:49,976 - WARNING - 404 found: https://vidnoye.cian.ru/sale/flat/323304397/
2026-01-14 12:29:50,017 - WARNING - 404 found: https://balashikha.cian.ru/sale/flat/322020455/
2026-01-14 12:29:50,107 - WARNING - 404 found: https://khimki.cian.ru/sale/flat/323461792/
2026-01-14 12:29:50,144 - WARNING - 404 found: https://vidnoye.cian.ru/sale/flat/322126937/
2026-01-14 12:29:50,175 - WARNING - 404 found: https://aprelevka.cian.ru/sale/flat/320770527/
2026-01-14 12:29:50,185 - WARNING - 404 found: https://sergiyev-posad.cian.ru/sale/flat/318646436/
2026-01-14 12:29:50,359 - INFO - Batch #41 completed: checked=1000, 404_found=7, exceptions=0, total_checked=41000, total_404=414, pending_deletes=14, total_deleted=400, avg_speed=1050.3 records/sec
2026-01-14 12:29:50,360 - INFO - Processing batch #42, last_id=70737
2026-01-14 12:29:50,369 - INFO - Fetched 1000 rows from database
2026-01-14 12:29:50,412 - WARNING - 404 found: https://podolsk.cian.ru/sale/flat/322657861/
2026-01-14 12:29:50,417 - WARNING - 404 found: https://dmitrov.cian.ru/sale/flat/322729301/
2026-01-14 12:29:50,542 - WARNING - 404 found: https://stupino.cian.ru/sale/flat/323107617/
2026-01-14 12:29:50,543 - WARNING - 404 found: https://kotelniki.cian.ru/sale/flat/323013410/
2026-01-14 12:29:50,616 - WARNING - 404 found: https://lyubertsy.cian.ru/sale/flat/307140596/
2026-01-14 12:29:50,660 - WARNING - 404 found: https://vidnoye.cian.ru/sale/flat/323312834/
2026-01-14 12:29:50,684 - WARNING - 404 found: https://lyubertsy.cian.ru/sale/flat/322545244/
2026-01-14 12:29:50,756 - WARNING - 404 found: https://reutov.cian.ru/sale/flat/322697055/
2026-01-14 12:29:50,809 - WARNING - 404 found: https://krasnogorsk.cian.ru/sale/flat/323521729/
2026-01-14 12:29:51,586 - INFO - Batch #42 completed: checked=1000, 404_found=9, exceptions=0, total_checked=42000, total_404=423, pending_deletes=23, total_deleted=400, avg_speed=1043.2 records/sec
2026-01-14 12:29:51,586 - INFO - Processing batch #43, last_id=71764
2026-01-14 12:29:51,595 - INFO - Fetched 1000 rows from database
2026-01-14 12:29:51,615 - WARNING - 404 found: https://korolev.cian.ru/sale/flat/323017662/
2026-01-14 12:29:51,679 - WARNING - 404 found: https://lyubertsy.cian.ru/sale/flat/323091000/
2026-01-14 12:29:51,695 - WARNING - 404 found: https://balashikha.cian.ru/sale/flat/320152552/
2026-01-14 12:29:51,768 - WARNING - 404 found: https://vidnoye.cian.ru/sale/flat/323679586/
2026-01-14 12:29:52,037 - INFO - Batch #43 completed: checked=1000, 404_found=4, exceptions=0, total_checked=43000, total_404=427, pending_deletes=27, total_deleted=400, avg_speed=1056.2 records/sec
2026-01-14 12:29:52,037 - INFO - Processing batch #44, last_id=72790
2026-01-14 12:29:52,046 - INFO - Fetched 1000 rows from database
2026-01-14 12:29:52,082 - WARNING - 404 found: https://domodedovo.cian.ru/sale/flat/315505907/
2026-01-14 12:29:52,092 - WARNING - 404 found: https://mytishchi.cian.ru/sale/flat/314599130/
2026-01-14 12:29:52,124 - WARNING - 404 found: https://voskresensk.cian.ru/sale/flat/312235765/
2026-01-14 12:29:52,285 - WARNING - 404 found: https://krasnogorsk.cian.ru/sale/flat/323049866/
2026-01-14 12:29:52,319 - WARNING - 404 found: https://mytishchi.cian.ru/sale/flat/322607654/
2026-01-14 12:29:52,324 - WARNING - 404 found: https://lyubertsy.cian.ru/sale/flat/322443322/
2026-01-14 12:29:52,340 - WARNING - 404 found: https://lyubertsy.cian.ru/sale/flat/322283616/
2026-01-14 12:29:52,372 - WARNING - 404 found: https://zhukovsky.cian.ru/sale/flat/321731227/
2026-01-14 12:29:52,425 - WARNING - 404 found: https://khimki.cian.ru/sale/flat/320492626/
2026-01-14 12:29:53,460 - INFO - Batch #44 completed: checked=1000, 404_found=9, exceptions=0, total_checked=44000, total_404=436, pending_deletes=36, total_deleted=400, avg_speed=1044.2 records/sec
2026-01-14 12:29:53,460 - INFO - Processing batch #45, last_id=73806
2026-01-14 12:29:53,474 - INFO - Fetched 1000 rows from database
2026-01-14 12:29:53,826 - WARNING - 404 found: https://serpukhov.cian.ru/sale/flat/321412819/
2026-01-14 12:29:53,915 - INFO - Batch #45 completed: checked=1000, 404_found=1, exceptions=0, total_checked=45000, total_404=437, pending_deletes=37, total_deleted=400, avg_speed=1056.5 records/sec
2026-01-14 12:29:53,915 - INFO - Processing batch #46, last_id=74823
2026-01-14 12:29:53,925 - INFO - Fetched 1000 rows from database
2026-01-14 12:29:53,960 - WARNING - 404 found: https://mytishchi.cian.ru/sale/flat/320154696/
2026-01-14 12:29:54,225 - WARNING - 404 found: https://orekhovo-zuyevo.cian.ru/sale/flat/322399913/
2026-01-14 12:29:54,351 - INFO - Batch #46 completed: checked=1000, 404_found=2, exceptions=0, total_checked=46000, total_404=439, pending_deletes=39, total_deleted=400, avg_speed=1069.1 records/sec
2026-01-14 12:29:54,351 - INFO - Processing batch #47, last_id=75830
2026-01-14 12:29:54,362 - INFO - Fetched 1000 rows from database
2026-01-14 12:29:54,396 - WARNING - 404 found: https://ivanteyevka.cian.ru/sale/flat/316795768/
2026-01-14 12:29:54,534 - WARNING - 404 found: https://vidnoye.cian.ru/sale/flat/323515369/
2026-01-14 12:29:54,560 - WARNING - 404 found: https://vidnoye.cian.ru/sale/flat/323319713/
2026-01-14 12:29:54,625 - WARNING - 404 found: https://ramenskoye.cian.ru/sale/flat/322283385/
2026-01-14 12:29:54,732 - WARNING - 404 found: https://domodedovo.cian.ru/sale/flat/316280253/
2026-01-14 12:30:09,957 - INFO - Batch #47 completed: checked=1000, 404_found=5, exceptions=0, total_checked=47000, total_404=444, pending_deletes=44, total_deleted=400, avg_speed=801.6 records/sec
2026-01-14 12:30:09,957 - INFO - Processing batch #48, last_id=76841
2026-01-14 12:30:09,968 - INFO - Fetched 1000 rows from database
2026-01-14 12:30:10,243 - WARNING - 404 found: https://zhukovsky.cian.ru/sale/flat/322517994/
2026-01-14 12:30:10,301 - WARNING - 404 found: https://khimki.cian.ru/sale/flat/316936212/
2026-01-14 12:30:10,323 - WARNING - 404 found: https://solnechnogorsk.cian.ru/sale/flat/308362694/
2026-01-14 12:30:10,354 - WARNING - 404 found: https://dzerzhinsky.cian.ru/sale/flat/323794263/
2026-01-14 12:30:10,357 - WARNING - 404 found: https://vidnoye.cian.ru/sale/flat/323808418/
2026-01-14 12:30:10,358 - WARNING - 404 found: https://ivanteyevka.cian.ru/sale/flat/323748331/
2026-01-14 12:30:10,385 - WARNING - 404 found: https://dubna.cian.ru/sale/flat/323181938/
2026-01-14 12:30:10,413 - WARNING - 404 found: https://balashikha.cian.ru/sale/flat/322842662/
2026-01-14 12:30:10,487 - WARNING - 404 found: https://khimki.cian.ru/sale/flat/316274364/
2026-01-14 12:30:25,951 - INFO - Batch #48 completed: checked=1000, 404_found=9, exceptions=0, total_checked=48000, total_404=453, pending_deletes=53, total_deleted=400, avg_speed=643.2 records/sec
2026-01-14 12:30:25,952 - INFO - Processing batch #49, last_id=77855
2026-01-14 12:30:25,962 - INFO - Fetched 1000 rows from database
2026-01-14 12:30:30,369 - WARNING - 404 found: https://pavlovsky-posad.cian.ru/sale/flat/322872993/
2026-01-14 12:30:30,412 - WARNING - 404 found: https://khimki.cian.ru/sale/flat/321067918/
2026-01-14 12:30:30,417 - WARNING - 404 found: https://balashikha.cian.ru/sale/flat/320807472/
2026-01-14 12:30:30,435 - WARNING - 404 found: https://mytishchi.cian.ru/sale/flat/318814864/
2026-01-14 12:30:30,594 - INFO - Batch #49 completed: checked=1000, 404_found=4, exceptions=0, total_checked=49000, total_404=457, pending_deletes=57, total_deleted=400, avg_speed=618.1 records/sec
2026-01-14 12:30:30,595 - INFO - Processing batch #50, last_id=78871
2026-01-14 12:30:30,605 - INFO - Fetched 1000 rows from database
2026-01-14 12:30:30,664 - WARNING - 404 found: https://lyubertsy.cian.ru/sale/flat/322725693/
2026-01-14 12:30:30,846 - WARNING - 404 found: https://odintsovo.cian.ru/sale/flat/321693824/
2026-01-14 12:30:30,976 - WARNING - 404 found: https://lyubertsy.cian.ru/sale/flat/323593558/
2026-01-14 12:30:32,050 - INFO - Batch #50 completed: checked=1000, 404_found=3, exceptions=0, total_checked=50000, total_404=460, pending_deletes=60, total_deleted=400, avg_speed=619.4 records/sec
2026-01-14 12:30:32,050 - INFO - Processing batch #51, last_id=79895
2026-01-14 12:30:32,058 - INFO - Fetched 1000 rows from database
2026-01-14 12:30:32,144 - WARNING - 404 found: https://vidnoye.cian.ru/sale/flat/319394376/
2026-01-14 12:30:32,155 - WARNING - 404 found: https://kotelniki.cian.ru/sale/flat/314741744/
2026-01-14 12:30:32,177 - WARNING - 404 found: https://solnechnogorsk.cian.ru/sale/flat/319027786/
2026-01-14 12:30:32,275 - WARNING - 404 found: https://khimki.cian.ru/sale/flat/322451056/
2026-01-14 12:30:32,471 - WARNING - 404 found: https://dmitrov.cian.ru/sale/flat/308399457/
2026-01-14 12:30:32,582 - INFO - Batch #51 completed: checked=1000, 404_found=5, exceptions=0, total_checked=51000, total_404=465, pending_deletes=65, total_deleted=400, avg_speed=627.6 records/sec
2026-01-14 12:30:32,582 - INFO - Processing batch #52, last_id=80903
2026-01-14 12:30:32,591 - INFO - Fetched 1000 rows from database
2026-01-14 12:30:32,608 - WARNING - 404 found: https://lyubertsy.cian.ru/sale/flat/319737245/
2026-01-14 12:30:32,714 - WARNING - 404 found: https://lyubertsy.cian.ru/sale/flat/300567560/
2026-01-14 12:30:32,758 - WARNING - 404 found: https://solnechnogorsk.cian.ru/sale/flat/308362698/
2026-01-14 12:30:32,818 - WARNING - 404 found: https://khimki.cian.ru/sale/flat/322697827/
2026-01-14 12:30:32,826 - WARNING - 404 found: https://podolsk.cian.ru/sale/flat/321636470/
2026-01-14 12:30:32,870 - WARNING - 404 found: https://reutov.cian.ru/sale/flat/321131162/
2026-01-14 12:30:32,939 - WARNING - 404 found: https://odintsovo.cian.ru/sale/flat/324141427/
2026-01-14 12:30:32,942 - WARNING - 404 found: https://khimki.cian.ru/sale/flat/324141431/
2026-01-14 12:30:32,946 - WARNING - 404 found: https://khimki.cian.ru/sale/flat/323983611/
2026-01-14 12:30:32,970 - WARNING - 404 found: https://lyubertsy.cian.ru/sale/flat/323269973/
2026-01-14 12:30:33,735 - INFO - Batch #52 completed: checked=1000, 404_found=10, exceptions=0, total_checked=52000, total_404=475, pending_deletes=75, total_deleted=400, avg_speed=631.0 records/sec
2026-01-14 12:30:33,736 - INFO - Processing batch #53, last_id=81916
2026-01-14 12:30:33,748 - INFO - Fetched 1000 rows from database
2026-01-14 12:30:33,943 - WARNING - 404 found: https://klin.cian.ru/sale/flat/323908760/
2026-01-14 12:30:34,058 - WARNING - 404 found: https://vidnoye.cian.ru/sale/flat/323664653/
2026-01-14 12:30:34,963 - INFO - Batch #53 completed: checked=1000, 404_found=2, exceptions=0, total_checked=53000, total_404=477, pending_deletes=77, total_deleted=400, avg_speed=633.7 records/sec
2026-01-14 12:30:34,964 - INFO - Processing batch #54, last_id=82932
2026-01-14 12:30:34,974 - INFO - Fetched 1000 rows from database
2026-01-14 12:30:35,030 - WARNING - 404 found: https://vidnoye.cian.ru/sale/flat/322735610/
2026-01-14 12:30:35,056 - WARNING - 404 found: https://vidnoye.cian.ru/sale/flat/322519496/
2026-01-14 12:30:35,087 - WARNING - 404 found: https://vidnoye.cian.ru/sale/flat/322292043/
2026-01-14 12:30:35,090 - WARNING - 404 found: https://ramenskoye.cian.ru/sale/flat/322451057/
2026-01-14 12:30:35,096 - WARNING - 404 found: https://zvenigorod.cian.ru/sale/flat/322231060/
2026-01-14 12:30:35,107 - WARNING - 404 found: https://krasnogorsk.cian.ru/sale/flat/322186850/
2026-01-14 12:30:35,318 - WARNING - 404 found: https://vidnoye.cian.ru/sale/flat/319748419/
2026-01-14 12:30:35,368 - WARNING - 404 found: https://krasnogorsk.cian.ru/sale/flat/300437251/
2026-01-14 12:30:35,375 - WARNING - 404 found: https://odintsovo.cian.ru/sale/flat/294225718/
2026-01-14 12:30:35,423 - WARNING - 404 found: https://vidnoye.cian.ru/sale/flat/323818762/
2026-01-14 12:30:35,473 - WARNING - 404 found: https://sergiyev-posad.cian.ru/sale/flat/321899036/
2026-01-14 12:30:35,483 - WARNING - 404 found: https://sergiyev-posad.cian.ru/sale/flat/321899001/
2026-01-14 12:30:35,491 - WARNING - 404 found: https://sergiyev-posad.cian.ru/sale/flat/322464331/
2026-01-14 12:30:40,170 - INFO - Batch #54 completed: checked=1000, 404_found=13, exceptions=0, total_checked=54000, total_404=490, pending_deletes=90, total_deleted=400, avg_speed=607.8 records/sec
2026-01-14 12:30:40,170 - INFO - Processing batch #55, last_id=83947
2026-01-14 12:30:40,181 - INFO - Fetched 1000 rows from database
2026-01-14 12:30:40,484 - WARNING - 404 found: https://www.cian.ru/sale/flat/316424155/
2026-01-14 12:30:40,540 - WARNING - 404 found: https://pushkino.cian.ru/sale/flat/323779023/
2026-01-14 12:30:40,709 - INFO - Batch #55 completed: checked=1000, 404_found=2, exceptions=0, total_checked=55000, total_404=492, pending_deletes=92, total_deleted=400, avg_speed=615.3 records/sec
2026-01-14 12:30:40,710 - INFO - Processing batch #56, last_id=84958
2026-01-14 12:30:40,718 - INFO - Fetched 1000 rows from database
2026-01-14 12:30:40,868 - WARNING - 404 found: https://krasnogorsk.cian.ru/sale/flat/321060750/
2026-01-14 12:30:41,299 - INFO - Batch #56 completed: checked=1000, 404_found=1, exceptions=0, total_checked=56000, total_404=493, pending_deletes=93, total_deleted=400, avg_speed=622.4 records/sec
2026-01-14 12:30:41,299 - INFO - Processing batch #57, last_id=85967
2026-01-14 12:30:41,309 - INFO - Fetched 1000 rows from database
2026-01-14 12:30:41,375 - WARNING - 404 found: https://odintsovo.cian.ru/sale/flat/310684091/
2026-01-14 12:30:41,383 - WARNING - 404 found: https://domodedovo.cian.ru/sale/flat/323059965/
2026-01-14 12:30:41,418 - WARNING - 404 found: https://mytishchi.cian.ru/sale/flat/321207958/
2026-01-14 12:30:41,471 - WARNING - 404 found: https://krasnogorsk.cian.ru/sale/flat/322267692/
2026-01-14 12:30:41,480 - WARNING - 404 found: https://podolsk.cian.ru/sale/flat/315228932/
2026-01-14 12:30:41,619 - WARNING - 404 found: https://balashikha.cian.ru/sale/flat/323700193/
2026-01-14 12:30:41,949 - INFO - Batch #57 completed: checked=1000, 404_found=6, exceptions=0, total_checked=57000, total_404=499, pending_deletes=99, total_deleted=400, avg_speed=629.0 records/sec
2026-01-14 12:30:41,949 - INFO - Processing batch #58, last_id=86978
2026-01-14 12:30:41,962 - INFO - Fetched 1000 rows from database
2026-01-14 12:30:42,456 - WARNING - 404 found: https://domodedovo.cian.ru/sale/flat/320538906/
2026-01-14 12:30:42,646 - INFO - Deleted 100 offers with IDs: [69122, 69155, 69248, 69339, 69376, 69485, 69686, 69948, 70171, 70254, 70480, 70571, 70637, 70663, 70844, 70847, 71129, 71139, 71312, 71381, 71424, 71604, 71724, 71808, 71987, 71994, 72221, 72884, 72906, 72957, 73427, 73498, 73519, 73553, 73634, 73771, 74728, 74853, 75568, 75910, 76303, 76364, 76530, 76816, 77210, 77365, 77429, 77520, 77523, 77531, 77593, 77620, 77813, 78469, 78566, 78576, 78633, 79020, 79465, 79875, 80082, 80105, 80164, 80368, 80835, 80932, 81180, 81241, 81448, 81449, 81572, 81739, 81742, 81777, 81849, 82346, 82551, 83031, 83086, 83112, 83153, 83166, 83182, 83572, 83693, 83699, 83794, 83893, 83894, 83935, 84546, 84674, 85211, 86090, 86118, 86173, 86202, 86215, 86529, 87917]
2026-01-14 12:30:42,672 - INFO - Batch #58 completed: checked=1000, 404_found=1, exceptions=0, total_checked=58000, total_404=500, pending_deletes=0, total_deleted=500, avg_speed=634.9 records/sec
2026-01-14 12:30:42,672 - INFO - Processing batch #59, last_id=87981
2026-01-14 12:30:42,682 - INFO - Fetched 1000 rows from database
2026-01-14 12:30:42,930 - WARNING - 404 found: https://shchyolkovo.cian.ru/sale/flat/319628760/
2026-01-14 12:30:43,101 - WARNING - 404 found: https://shchyolkovo.cian.ru/sale/flat/319628775/
2026-01-14 12:30:43,183 - WARNING - 404 found: https://vidnoye.cian.ru/sale/flat/323507991/
2026-01-14 12:30:43,217 - INFO - Batch #59 completed: checked=1000, 404_found=3, exceptions=0, total_checked=59000, total_404=503, pending_deletes=3, total_deleted=500, avg_speed=642.0 records/sec
2026-01-14 12:30:43,217 - INFO - Processing batch #60, last_id=88986
2026-01-14 12:30:43,230 - INFO - Fetched 1000 rows from database
2026-01-14 12:30:43,285 - WARNING - 404 found: https://balashikha.cian.ru/sale/flat/317177505/
2026-01-14 12:30:43,401 - WARNING - 404 found: https://vidnoye.cian.ru/sale/flat/323508265/
2026-01-14 12:30:43,553 - WARNING - 404 found: https://vidnoye.cian.ru/sale/flat/324099890/
2026-01-14 12:30:45,340 - INFO - Batch #60 completed: checked=1000, 404_found=3, exceptions=0, total_checked=60000, total_404=506, pending_deletes=6, total_deleted=500, avg_speed=638.2 records/sec
2026-01-14 12:30:45,340 - INFO - Processing batch #61, last_id=89990
2026-01-14 12:30:45,348 - INFO - Fetched 1000 rows from database
2026-01-14 12:30:45,391 - WARNING - 404 found: https://mytishchi.cian.ru/sale/flat/322340426/
2026-01-14 12:30:45,557 - WARNING - 404 found: https://reutov.cian.ru/sale/flat/321131159/
2026-01-14 12:30:45,558 - WARNING - 404 found: https://kotelniki.cian.ru/sale/flat/316147998/
2026-01-14 12:30:45,564 - WARNING - 404 found: https://mytishchi.cian.ru/sale/flat/324109449/
2026-01-14 12:30:45,599 - WARNING - 404 found: https://mytishchi.cian.ru/sale/flat/324134000/
2026-01-14 12:30:45,965 - INFO - Batch #61 completed: checked=1000, 404_found=5, exceptions=0, total_checked=61000, total_404=511, pending_deletes=11, total_deleted=500, avg_speed=644.5 records/sec
2026-01-14 12:30:45,965 - INFO - Processing batch #62, last_id=91000
2026-01-14 12:30:45,973 - INFO - Fetched 1000 rows from database
2026-01-14 12:30:45,991 - WARNING - 404 found: https://khimki.cian.ru/sale/flat/321055729/
2026-01-14 12:30:46,037 - WARNING - 404 found: https://odintsovo.cian.ru/sale/flat/309687003/
2026-01-14 12:30:46,196 - WARNING - 404 found: https://solnechnogorsk.cian.ru/sale/flat/324114966/
2026-01-14 12:30:46,266 - WARNING - 404 found: https://domodedovo.cian.ru/sale/flat/324265185/
2026-01-14 12:30:46,293 - WARNING - 404 found: https://khimki.cian.ru/sale/flat/323544762/
2026-01-14 12:30:46,311 - WARNING - 404 found: https://khimki.cian.ru/sale/flat/322982872/
2026-01-14 12:30:46,362 - WARNING - 404 found: https://lyubertsy.cian.ru/sale/flat/316491444/
2026-01-14 12:30:46,398 - WARNING - 404 found: https://odintsovo.cian.ru/sale/flat/323662554/
2026-01-14 12:30:46,588 - INFO - Batch #62 completed: checked=1000, 404_found=8, exceptions=0, total_checked=62000, total_404=519, pending_deletes=19, total_deleted=500, avg_speed=650.8 records/sec
2026-01-14 12:30:46,588 - INFO - Processing batch #63, last_id=92012
2026-01-14 12:30:46,597 - INFO - Fetched 1000 rows from database
2026-01-14 12:30:46,952 - WARNING - 404 found: https://kotelniki.cian.ru/sale/flat/323737769/
2026-01-14 12:30:47,152 - WARNING - 404 found: https://mytishchi.cian.ru/sale/flat/321235521/
2026-01-14 12:30:47,295 - WARNING - 404 found: https://krasnogorsk.cian.ru/sale/flat/321061038/
2026-01-14 12:30:47,431 - INFO - Batch #63 completed: checked=1000, 404_found=3, exceptions=0, total_checked=63000, total_404=522, pending_deletes=22, total_deleted=500, avg_speed=655.5 records/sec
2026-01-14 12:30:47,431 - INFO - Processing batch #64, last_id=93016
2026-01-14 12:30:47,440 - INFO - Fetched 1000 rows from database
2026-01-14 12:30:47,900 - WARNING - 404 found: https://balashikha.cian.ru/sale/flat/315839085/
2026-01-14 12:30:48,011 - INFO - Batch #64 completed: checked=1000, 404_found=1, exceptions=0, total_checked=64000, total_404=523, pending_deletes=23, total_deleted=500, avg_speed=661.9 records/sec
2026-01-14 12:30:48,011 - INFO - Processing batch #65, last_id=94023
2026-01-14 12:30:48,021 - INFO - Fetched 1000 rows from database
2026-01-14 12:30:48,082 - WARNING - 404 found: https://reutov.cian.ru/sale/flat/324232708/
2026-01-14 12:30:48,239 - WARNING - 404 found: https://mytishchi.cian.ru/sale/flat/323893916/
2026-01-14 12:30:48,564 - INFO - Batch #65 completed: checked=1000, 404_found=2, exceptions=0, total_checked=65000, total_404=525, pending_deletes=25, total_deleted=500, avg_speed=668.4 records/sec
2026-01-14 12:30:48,565 - INFO - Processing batch #66, last_id=95028
2026-01-14 12:30:48,572 - INFO - Fetched 1000 rows from database
2026-01-14 12:30:48,640 - WARNING - 404 found: https://odintsovo.cian.ru/sale/flat/323097740/
2026-01-14 12:30:48,690 - WARNING - 404 found: https://vidnoye.cian.ru/sale/flat/322652509/
2026-01-14 12:30:48,709 - WARNING - 404 found: https://kotelniki.cian.ru/sale/flat/314913511/
2026-01-14 12:30:48,850 - WARNING - 404 found: https://krasnogorsk.cian.ru/sale/flat/324172691/
2026-01-14 12:30:48,854 - WARNING - 404 found: https://krasnogorsk.cian.ru/sale/flat/324263812/
2026-01-14 12:30:48,874 - WARNING - 404 found: https://odintsovo.cian.ru/sale/flat/290836764/
2026-01-14 12:30:48,921 - WARNING - 404 found: https://naro-fominsk.cian.ru/sale/flat/323957976/
2026-01-14 12:30:48,937 - WARNING - 404 found: https://krasnogorsk.cian.ru/sale/flat/322192443/
2026-01-14 12:30:48,983 - WARNING - 404 found: https://naro-fominsk.cian.ru/sale/flat/323957960/
2026-01-14 12:30:49,074 - INFO - Batch #66 completed: checked=1000, 404_found=9, exceptions=0, total_checked=66000, total_404=534, pending_deletes=34, total_deleted=500, avg_speed=675.2 records/sec
2026-01-14 12:30:49,074 - INFO - Processing batch #67, last_id=96042
2026-01-14 12:30:49,081 - INFO - Fetched 1000 rows from database
2026-01-14 12:30:49,100 - WARNING - 404 found: https://kotelniki.cian.ru/sale/flat/322828803/
2026-01-14 12:30:49,189 - WARNING - 404 found: https://vidnoye.cian.ru/sale/flat/311885949/
2026-01-14 12:30:49,221 - WARNING - 404 found: https://naro-fominsk.cian.ru/sale/flat/324318402/
2026-01-14 12:30:49,299 - WARNING - 404 found: https://naro-fominsk.cian.ru/sale/flat/324318421/
2026-01-14 12:30:49,314 - WARNING - 404 found: https://naro-fominsk.cian.ru/sale/flat/324318418/
2026-01-14 12:30:49,319 - WARNING - 404 found: https://naro-fominsk.cian.ru/sale/flat/323957974/
2026-01-14 12:30:49,327 - WARNING - 404 found: https://naro-fominsk.cian.ru/sale/flat/323957978/
2026-01-14 12:30:49,370 - WARNING - 404 found: https://naro-fominsk.cian.ru/sale/flat/323957983/
2026-01-14 12:30:49,376 - WARNING - 404 found: https://naro-fominsk.cian.ru/sale/flat/323957982/
2026-01-14 12:30:49,448 - WARNING - 404 found: https://krasnogorsk.cian.ru/sale/flat/321061064/
2026-01-14 12:30:49,906 - INFO - Batch #67 completed: checked=1000, 404_found=10, exceptions=0, total_checked=67000, total_404=544, pending_deletes=44, total_deleted=500, avg_speed=679.6 records/sec
2026-01-14 12:30:49,907 - INFO - Processing batch #68, last_id=97058
2026-01-14 12:30:49,915 - INFO - Fetched 1000 rows from database
2026-01-14 12:30:49,988 - WARNING - 404 found: https://korolev.cian.ru/sale/flat/322547803/
2026-01-14 12:30:50,112 - WARNING - 404 found: https://odintsovo.cian.ru/sale/flat/321751466/
2026-01-14 12:30:50,445 - INFO - Batch #68 completed: checked=1000, 404_found=2, exceptions=0, total_checked=68000, total_404=546, pending_deletes=46, total_deleted=500, avg_speed=686.0 records/sec
2026-01-14 12:30:50,445 - INFO - Processing batch #69, last_id=98066
2026-01-14 12:30:50,455 - INFO - Fetched 1000 rows from database
2026-01-14 12:30:50,618 - WARNING - 404 found: https://krasnogorsk.cian.ru/sale/flat/321060524/
2026-01-14 12:30:50,633 - WARNING - 404 found: https://mytishchi.cian.ru/sale/flat/324379924/
2026-01-14 12:30:50,636 - WARNING - 404 found: https://krasnogorsk.cian.ru/sale/flat/324406539/
2026-01-14 12:30:50,706 - WARNING - 404 found: https://korolev.cian.ru/sale/flat/323506158/
2026-01-14 12:30:50,722 - WARNING - 404 found: https://vidnoye.cian.ru/sale/flat/322234894/
2026-01-14 12:30:50,728 - WARNING - 404 found: https://vidnoye.cian.ru/sale/flat/322149523/
2026-01-14 12:30:50,893 - WARNING - 404 found: https://reutov.cian.ru/sale/flat/323822873/
2026-01-14 12:30:51,331 - INFO - Batch #69 completed: checked=1000, 404_found=7, exceptions=0, total_checked=69000, total_404=553, pending_deletes=53, total_deleted=500, avg_speed=689.9 records/sec
2026-01-14 12:30:51,332 - INFO - Processing batch #70, last_id=99078
2026-01-14 12:30:51,344 - INFO - Fetched 1000 rows from database
2026-01-14 12:30:51,405 - WARNING - 404 found: https://podolsk.cian.ru/sale/flat/315228889/
2026-01-14 12:30:51,466 - WARNING - 404 found: https://www.cian.ru/sale/flat/324417592/
2026-01-14 12:30:51,489 - WARNING - 404 found: https://mytishchi.cian.ru/sale/suburban/322956778/
2026-01-14 12:30:51,494 - WARNING - 404 found: https://odintsovo.cian.ru/sale/suburban/316308279/
2026-01-14 12:30:51,501 - WARNING - 404 found: https://odintsovo.cian.ru/sale/suburban/321953738/
2026-01-14 12:30:51,515 - WARNING - 404 found: https://serpukhov.cian.ru/sale/suburban/324399241/
2026-01-14 12:30:51,535 - WARNING - 404 found: https://www.cian.ru/sale/suburban/323024378/
2026-01-14 12:30:51,557 - WARNING - 404 found: https://krasnogorsk.cian.ru/sale/suburban/321685133/
2026-01-14 12:30:51,584 - WARNING - 404 found: https://www.cian.ru/sale/suburban/318617068/
2026-01-14 12:30:51,584 - WARNING - 404 found: https://mytishchi.cian.ru/sale/suburban/295768625/
2026-01-14 12:30:51,596 - WARNING - 404 found: https://odintsovo.cian.ru/sale/suburban/322462486/
2026-01-14 12:30:51,604 - WARNING - 404 found: https://www.cian.ru/sale/suburban/321656827/
2026-01-14 12:30:51,612 - WARNING - 404 found: https://mytishchi.cian.ru/sale/suburban/310100138/
2026-01-14 12:30:51,708 - WARNING - 404 found: https://www.cian.ru/sale/suburban/316266454/
2026-01-14 12:30:51,713 - WARNING - 404 found: https://krasnogorsk.cian.ru/sale/suburban/316894244/
2026-01-14 12:30:51,728 - WARNING - 404 found: https://www.cian.ru/sale/suburban/319826591/
2026-01-14 12:30:51,771 - WARNING - 404 found: https://odintsovo.cian.ru/sale/suburban/293807851/
2026-01-14 12:30:51,776 - WARNING - 404 found: https://mytishchi.cian.ru/sale/suburban/324473040/
2026-01-14 12:30:51,887 - INFO - Batch #70 completed: checked=1000, 404_found=18, exceptions=0, total_checked=70000, total_404=571, pending_deletes=71, total_deleted=500, avg_speed=696.1 records/sec
2026-01-14 12:30:51,888 - INFO - Processing batch #71, last_id=100089
2026-01-14 12:30:51,897 - INFO - Fetched 1000 rows from database
2026-01-14 12:30:52,005 - WARNING - 404 found: https://mytishchi.cian.ru/sale/suburban/303756885/
2026-01-14 12:30:52,012 - WARNING - 404 found: https://www.cian.ru/sale/suburban/312736870/
2026-01-14 12:30:52,026 - WARNING - 404 found: https://vidnoye.cian.ru/sale/suburban/323736556/
2026-01-14 12:30:52,111 - WARNING - 404 found: https://www.cian.ru/sale/suburban/322878870/
2026-01-14 12:30:52,161 - WARNING - 404 found: https://www.cian.ru/sale/suburban/324224517/
2026-01-14 12:30:52,184 - WARNING - 404 found: https://khimki.cian.ru/sale/suburban/317761020/
2026-01-14 12:30:52,345 - INFO - Batch #71 completed: checked=1000, 404_found=6, exceptions=0, total_checked=71000, total_404=577, pending_deletes=77, total_deleted=500, avg_speed=702.8 records/sec
2026-01-14 12:30:52,346 - INFO - Processing batch #72, last_id=101102
2026-01-14 12:30:52,357 - INFO - Fetched 1000 rows from database
2026-01-14 12:30:52,443 - WARNING - 404 found: https://www.cian.ru/sale/flat/323754249/
2026-01-14 12:30:52,473 - WARNING - 404 found: https://odintsovo.cian.ru/sale/suburban/322230746/
2026-01-14 12:30:54,633 - INFO - Batch #72 completed: checked=1000, 404_found=2, exceptions=0, total_checked=72000, total_404=579, pending_deletes=79, total_deleted=500, avg_speed=696.9 records/sec
2026-01-14 12:30:54,634 - INFO - Processing batch #73, last_id=102114
2026-01-14 12:30:54,643 - INFO - Fetched 1000 rows from database
2026-01-14 12:30:54,822 - WARNING - 404 found: https://odintsovo.cian.ru/sale/suburban/311104450/
2026-01-14 12:30:55,199 - INFO - Batch #73 completed: checked=1000, 404_found=1, exceptions=0, total_checked=73000, total_404=580, pending_deletes=80, total_deleted=500, avg_speed=702.8 records/sec
2026-01-14 12:30:55,199 - INFO - Processing batch #74, last_id=103121
2026-01-14 12:30:55,213 - INFO - Fetched 1000 rows from database
2026-01-14 12:30:55,258 - WARNING - 404 found: https://www.cian.ru/sale/suburban/320166564/
2026-01-14 12:30:55,276 - WARNING - 404 found: https://www.cian.ru/sale/suburban/324554225/
2026-01-14 12:30:55,293 - WARNING - 404 found: https://korolev.cian.ru/sale/suburban/322444506/
2026-01-14 12:30:55,331 - WARNING - 404 found: https://www.cian.ru/sale/suburban/324466457/
2026-01-14 12:30:55,474 - WARNING - 404 found: https://www.cian.ru/sale/suburban/300299512/
2026-01-14 12:30:55,514 - WARNING - 404 found: https://www.cian.ru/sale/suburban/323069087/
2026-01-14 12:30:55,528 - WARNING - 404 found: https://www.cian.ru/sale/suburban/321216730/
2026-01-14 12:30:55,652 - INFO - Batch #74 completed: checked=1000, 404_found=7, exceptions=0, total_checked=74000, total_404=587, pending_deletes=87, total_deleted=500, avg_speed=709.3 records/sec
2026-01-14 12:30:55,652 - INFO - Processing batch #75, last_id=104133
2026-01-14 12:30:55,663 - INFO - Fetched 1000 rows from database
2026-01-14 12:30:55,815 - WARNING - 404 found: https://odintsovo.cian.ru/sale/suburban/323948371/
2026-01-14 12:30:55,911 - WARNING - 404 found: https://www.cian.ru/sale/suburban/323816763/
2026-01-14 12:30:55,943 - WARNING - 404 found: https://balashikha.cian.ru/sale/suburban/322906818/
2026-01-14 12:30:55,972 - WARNING - 404 found: https://www.cian.ru/sale/suburban/311695597/
2026-01-14 12:30:55,985 - WARNING - 404 found: https://www.cian.ru/sale/suburban/319423836/
2026-01-14 12:30:56,018 - WARNING - 404 found: https://www.cian.ru/sale/suburban/295032334/
2026-01-14 12:30:56,133 - INFO - Batch #75 completed: checked=1000, 404_found=6, exceptions=0, total_checked=75000, total_404=593, pending_deletes=93, total_deleted=500, avg_speed=715.6 records/sec
2026-01-14 12:30:56,134 - INFO - Processing batch #76, last_id=105138
2026-01-14 12:30:56,142 - INFO - Fetched 1000 rows from database
2026-01-14 12:30:56,185 - WARNING - 404 found: https://www.cian.ru/sale/suburban/324356457/
2026-01-14 12:30:56,246 - WARNING - 404 found: https://ivanteyevka.cian.ru/sale/suburban/320721880/
2026-01-14 12:30:56,291 - WARNING - 404 found: https://balashikha.cian.ru/sale/suburban/323847751/
2026-01-14 12:30:56,309 - WARNING - 404 found: https://balashikha.cian.ru/sale/suburban/323843424/
2026-01-14 12:30:56,310 - WARNING - 404 found: https://balashikha.cian.ru/sale/suburban/324159643/
2026-01-14 12:30:56,310 - WARNING - 404 found: https://balashikha.cian.ru/sale/suburban/322113517/
2026-01-14 12:30:56,311 - WARNING - 404 found: https://balashikha.cian.ru/sale/suburban/324346199/
2026-01-14 12:30:56,311 - WARNING - 404 found: https://balashikha.cian.ru/sale/suburban/322030341/
2026-01-14 12:30:56,312 - WARNING - 404 found: https://balashikha.cian.ru/sale/suburban/323338769/
2026-01-14 12:30:56,312 - WARNING - 404 found: https://balashikha.cian.ru/sale/suburban/323339744/
2026-01-14 12:30:56,312 - WARNING - 404 found: https://balashikha.cian.ru/sale/suburban/320738099/
2026-01-14 12:30:56,374 - WARNING - 404 found: https://mytishchi.cian.ru/sale/suburban/303785152/
2026-01-14 12:30:56,383 - WARNING - 404 found: https://mytishchi.cian.ru/sale/suburban/313824831/
2026-01-14 12:30:56,548 - WARNING - 404 found: https://balashikha.cian.ru/sale/suburban/324127641/
2026-01-14 12:30:56,553 - WARNING - 404 found: https://balashikha.cian.ru/sale/suburban/322101882/
2026-01-14 12:30:57,499 - INFO - Deleted 100 offers with IDs: [88421, 88800, 88976, 89083, 89322, 89642, 90073, 90294, 90296, 90331, 90412, 91027, 91117, 91411, 91624, 91681, 91699, 91706, 91822, 92410, 92681, 92915, 93932, 94132, 94439, 95168, 95275, 95304, 95617, 95633, 95686, 95775, 95792, 95931, 96083, 96255, 96347, 96506, 96509, 96517, 96521, 96661, 96662, 96836, 97182, 97466, 98449, 98485, 98486, 98601, 98683, 98686, 99051, 99195, 99301, 99356, 99383, 99384, 99421, 99481, 99539, 99557, 99564, 99627, 99653, 99661, 99865, 99881, 99898, 99982, 99988, 100334, 100377, 100391, 100628, 100781, 100810, 101293, 101380, 102581, 103195, 103217, 103295, 103402, 103758, 103888, 103928, 104555, 104816, 104897, 104997, 105024, 105111, 105189, 105409, 105533, 105540, 105551, 105555, 105558]
2026-01-14 12:30:57,500 - INFO - Batch #76 completed: checked=1000, 404_found=15, exceptions=0, total_checked=76000, total_404=608, pending_deletes=8, total_deleted=600, avg_speed=715.8 records/sec
2026-01-14 12:30:57,500 - INFO - Processing batch #77, last_id=106143
2026-01-14 12:30:57,512 - INFO - Fetched 1000 rows from database
2026-01-14 12:30:57,770 - WARNING - 404 found: https://mytishchi.cian.ru/sale/suburban/311060792/
2026-01-14 12:30:57,839 - WARNING - 404 found: https://mytishchi.cian.ru/sale/suburban/287861447/
2026-01-14 12:30:57,853 - WARNING - 404 found: https://www.cian.ru/sale/suburban/324068411/
2026-01-14 12:30:57,893 - WARNING - 404 found: https://www.cian.ru/sale/suburban/319141816/
2026-01-14 12:30:58,010 - INFO - Batch #77 completed: checked=1000, 404_found=4, exceptions=0, total_checked=77000, total_404=612, pending_deletes=12, total_deleted=600, avg_speed=721.7 records/sec
2026-01-14 12:30:58,011 - INFO - Processing batch #78, last_id=107152
2026-01-14 12:30:58,019 - INFO - Fetched 1000 rows from database
2026-01-14 12:30:58,154 - WARNING - 404 found: https://www.cian.ru/sale/suburban/310211009/
2026-01-14 12:30:58,155 - WARNING - 404 found: https://www.cian.ru/sale/suburban/321352602/
2026-01-14 12:30:58,188 - WARNING - 404 found: https://mytishchi.cian.ru/sale/suburban/321273027/
2026-01-14 12:30:58,193 - WARNING - 404 found: https://mytishchi.cian.ru/sale/suburban/320844782/
2026-01-14 12:30:58,197 - WARNING - 404 found: https://mytishchi.cian.ru/sale/suburban/317806605/
2026-01-14 12:30:58,198 - WARNING - 404 found: https://www.cian.ru/sale/suburban/324369421/
2026-01-14 12:30:58,206 - WARNING - 404 found: https://www.cian.ru/sale/suburban/324369418/
2026-01-14 12:30:58,307 - WARNING - 404 found: https://pushkino.cian.ru/sale/suburban/324378700/
2026-01-14 12:30:58,370 - WARNING - 404 found: https://mytishchi.cian.ru/sale/suburban/324163905/
2026-01-14 12:30:58,412 - WARNING - 404 found: https://www.cian.ru/sale/suburban/318419275/
2026-01-14 12:31:00,267 - INFO - Batch #78 completed: checked=1000, 404_found=10, exceptions=0, total_checked=78000, total_404=622, pending_deletes=22, total_deleted=600, avg_speed=716.0 records/sec
2026-01-14 12:31:00,267 - INFO - Processing batch #79, last_id=108163
2026-01-14 12:31:00,280 - INFO - Fetched 1000 rows from database
2026-01-14 12:31:00,300 - WARNING - 404 found: https://www.cian.ru/sale/suburban/318484063/
2026-01-14 12:31:00,483 - WARNING - 404 found: https://korolev.cian.ru/sale/suburban/317001925/
2026-01-14 12:31:00,513 - WARNING - 404 found: https://www.cian.ru/sale/suburban/321471582/
2026-01-14 12:31:00,543 - WARNING - 404 found: https://www.cian.ru/sale/suburban/324513790/
2026-01-14 12:31:00,671 - WARNING - 404 found: https://www.cian.ru/sale/suburban/316122931/
2026-01-14 12:31:01,310 - INFO - Batch #79 completed: checked=1000, 404_found=5, exceptions=0, total_checked=79000, total_404=627, pending_deletes=27, total_deleted=600, avg_speed=718.3 records/sec
2026-01-14 12:31:01,311 - INFO - Processing batch #80, last_id=109184
2026-01-14 12:31:01,319 - INFO - Fetched 1000 rows from database
2026-01-14 12:31:01,364 - WARNING - 404 found: https://www.cian.ru/sale/suburban/321140384/
2026-01-14 12:31:01,391 - WARNING - 404 found: https://mytishchi.cian.ru/sale/suburban/321347416/
2026-01-14 12:31:01,422 - WARNING - 404 found: https://www.cian.ru/sale/suburban/307150684/
2026-01-14 12:31:01,482 - WARNING - 404 found: https://www.cian.ru/sale/suburban/318749129/
2026-01-14 12:31:01,514 - WARNING - 404 found: https://domodedovo.cian.ru/sale/suburban/320147848/
2026-01-14 12:31:01,613 - WARNING - 404 found: https://odintsovo.cian.ru/sale/suburban/322687996/
2026-01-14 12:31:01,644 - WARNING - 404 found: https://odintsovo.cian.ru/sale/suburban/323466787/
2026-01-14 12:31:01,684 - WARNING - 404 found: https://odintsovo.cian.ru/sale/suburban/324567011/
2026-01-14 12:31:01,689 - WARNING - 404 found: https://odintsovo.cian.ru/sale/suburban/319267790/
2026-01-14 12:31:01,722 - WARNING - 404 found: https://www.cian.ru/sale/suburban/323850792/
2026-01-14 12:31:01,950 - INFO - Batch #80 completed: checked=1000, 404_found=10, exceptions=0, total_checked=80000, total_404=637, pending_deletes=37, total_deleted=600, avg_speed=723.2 records/sec
2026-01-14 12:31:01,950 - INFO - Processing batch #81, last_id=110197
2026-01-14 12:31:01,961 - INFO - Fetched 1000 rows from database
2026-01-14 12:31:01,982 - WARNING - 404 found: https://ivanteyevka.cian.ru/sale/suburban/324614110/
2026-01-14 12:31:02,124 - WARNING - 404 found: https://solnechnogorsk.cian.ru/sale/suburban/323145035/
2026-01-14 12:31:02,207 - WARNING - 404 found: https://www.cian.ru/sale/suburban/311002150/
2026-01-14 12:31:02,250 - WARNING - 404 found: https://www.cian.ru/sale/suburban/323611193/
2026-01-14 12:31:02,256 - WARNING - 404 found: https://www.cian.ru/sale/suburban/324518706/
2026-01-14 12:31:02,302 - WARNING - 404 found: https://www.cian.ru/sale/suburban/312236634/
2026-01-14 12:31:02,373 - WARNING - 404 found: https://www.cian.ru/sale/suburban/320550481/
2026-01-14 12:31:02,666 - INFO - Batch #81 completed: checked=1000, 404_found=7, exceptions=0, total_checked=81000, total_404=644, pending_deletes=44, total_deleted=600, avg_speed=727.5 records/sec
2026-01-14 12:31:02,667 - INFO - Processing batch #82, last_id=111204
2026-01-14 12:31:02,676 - INFO - Fetched 1000 rows from database
2026-01-14 12:31:02,730 - WARNING - 404 found: https://www.cian.ru/sale/suburban/323423890/
2026-01-14 12:31:02,735 - WARNING - 404 found: https://www.cian.ru/sale/suburban/320264113/
2026-01-14 12:31:02,756 - WARNING - 404 found: https://www.cian.ru/sale/suburban/324492395/
2026-01-14 12:31:02,852 - WARNING - 404 found: https://www.cian.ru/sale/suburban/323515165/
2026-01-14 12:31:03,151 - INFO - Batch #82 completed: checked=1000, 404_found=4, exceptions=0, total_checked=82000, total_404=648, pending_deletes=48, total_deleted=600, avg_speed=733.3 records/sec
2026-01-14 12:31:03,151 - INFO - Processing batch #83, last_id=112209
2026-01-14 12:31:03,159 - INFO - Fetched 1000 rows from database
2026-01-14 12:31:03,180 - WARNING - 404 found: https://www.cian.ru/sale/suburban/324337482/
2026-01-14 12:31:03,190 - WARNING - 404 found: https://noginsk.cian.ru/sale/suburban/323871266/
2026-01-14 12:31:03,224 - WARNING - 404 found: https://naro-fominsk.cian.ru/sale/suburban/323689008/
2026-01-14 12:31:03,673 - INFO - Batch #83 completed: checked=1000, 404_found=3, exceptions=0, total_checked=83000, total_404=651, pending_deletes=51, total_deleted=600, avg_speed=738.8 records/sec
2026-01-14 12:31:03,673 - INFO - Processing batch #84, last_id=113213
2026-01-14 12:31:03,684 - INFO - Fetched 1000 rows from database
2026-01-14 12:31:03,740 - WARNING - 404 found: https://domodedovo.cian.ru/sale/suburban/319889244/
2026-01-14 12:31:03,766 - WARNING - 404 found: https://naro-fominsk.cian.ru/sale/suburban/305786292/
2026-01-14 12:31:03,917 - WARNING - 404 found: https://noginsk.cian.ru/sale/suburban/323522812/
2026-01-14 12:31:03,918 - WARNING - 404 found: https://naro-fominsk.cian.ru/sale/suburban/318801518/
2026-01-14 12:31:03,920 - WARNING - 404 found: https://zvenigorod.cian.ru/sale/suburban/321906656/
2026-01-14 12:31:04,192 - INFO - Batch #84 completed: checked=1000, 404_found=5, exceptions=0, total_checked=84000, total_404=656, pending_deletes=56, total_deleted=600, avg_speed=744.2 records/sec
2026-01-14 12:31:04,193 - INFO - Processing batch #85, last_id=114219
2026-01-14 12:31:04,203 - INFO - Fetched 1000 rows from database
2026-01-14 12:31:04,255 - WARNING - 404 found: https://www.cian.ru/sale/suburban/322172745/
2026-01-14 12:31:04,257 - WARNING - 404 found: https://www.cian.ru/sale/suburban/308553893/
2026-01-14 12:31:04,654 - INFO - Batch #85 completed: checked=1000, 404_found=2, exceptions=0, total_checked=85000, total_404=658, pending_deletes=58, total_deleted=600, avg_speed=750.0 records/sec
2026-01-14 12:31:04,654 - INFO - Processing batch #86, last_id=115224
2026-01-14 12:31:04,664 - INFO - Fetched 1000 rows from database
2026-01-14 12:31:05,184 - INFO - Batch #86 completed: checked=1000, 404_found=0, exceptions=0, total_checked=86000, total_404=658, pending_deletes=58, total_deleted=600, avg_speed=755.3 records/sec
2026-01-14 12:31:05,184 - INFO - Processing batch #87, last_id=116228
2026-01-14 12:31:05,195 - INFO - Fetched 1000 rows from database
2026-01-14 12:31:05,214 - WARNING - 404 found: https://www.cian.ru/sale/suburban/322337845/
2026-01-14 12:31:05,219 - WARNING - 404 found: https://www.cian.ru/sale/suburban/323998482/
2026-01-14 12:31:05,463 - WARNING - 404 found: https://www.cian.ru/sale/suburban/320850604/
2026-01-14 12:31:06,400 - INFO - Batch #87 completed: checked=1000, 404_found=3, exceptions=0, total_checked=87000, total_404=661, pending_deletes=61, total_deleted=600, avg_speed=756.0 records/sec
2026-01-14 12:31:06,400 - INFO - Processing batch #88, last_id=117237
2026-01-14 12:31:06,409 - INFO - Fetched 1000 rows from database
2026-01-14 12:31:06,899 - INFO - Batch #88 completed: checked=1000, 404_found=0, exceptions=0, total_checked=88000, total_404=661, pending_deletes=61, total_deleted=600, avg_speed=761.4 records/sec
2026-01-14 12:31:06,900 - INFO - Processing batch #89, last_id=118242
2026-01-14 12:31:06,927 - INFO - Fetched 1000 rows from database
2026-01-14 12:31:07,018 - WARNING - 404 found: https://chernogolovka.cian.ru/sale/suburban/321845159/
2026-01-14 12:31:07,162 - WARNING - 404 found: https://www.cian.ru/sale/suburban/324208821/
2026-01-14 12:31:07,189 - WARNING - 404 found: https://www.cian.ru/sale/suburban/303280798/
2026-01-14 12:31:07,304 - INFO - Batch #89 completed: checked=1000, 404_found=3, exceptions=0, total_checked=89000, total_404=664, pending_deletes=64, total_deleted=600, avg_speed=767.4 records/sec
2026-01-14 12:31:07,304 - INFO - Processing batch #90, last_id=119251
2026-01-14 12:31:07,313 - INFO - Fetched 1000 rows from database
2026-01-14 12:31:07,704 - INFO - Batch #90 completed: checked=1000, 404_found=0, exceptions=0, total_checked=90000, total_404=664, pending_deletes=64, total_deleted=600, avg_speed=773.3 records/sec
2026-01-14 12:31:07,704 - INFO - Processing batch #91, last_id=120259
2026-01-14 12:31:07,715 - INFO - Fetched 1000 rows from database
2026-01-14 12:31:07,822 - WARNING - 404 found: https://www.cian.ru/sale/suburban/306911007/
2026-01-14 12:31:08,015 - WARNING - 404 found: https://naro-fominsk.cian.ru/sale/suburban/319139054/
2026-01-14 12:31:08,131 - INFO - Batch #91 completed: checked=1000, 404_found=2, exceptions=0, total_checked=91000, total_404=666, pending_deletes=66, total_deleted=600, avg_speed=779.1 records/sec
2026-01-14 12:31:08,131 - INFO - Processing batch #92, last_id=121260
2026-01-14 12:31:08,141 - INFO - Fetched 1000 rows from database
2026-01-14 12:31:08,175 - WARNING - 404 found: https://www.cian.ru/sale/suburban/322436026/
2026-01-14 12:31:08,260 - WARNING - 404 found: https://www.cian.ru/sale/suburban/319777987/
2026-01-14 12:31:08,296 - WARNING - 404 found: https://www.cian.ru/sale/suburban/321820377/
2026-01-14 12:31:08,328 - WARNING - 404 found: https://solnechnogorsk.cian.ru/sale/suburban/323563859/
2026-01-14 12:31:08,338 - WARNING - 404 found: https://dmitrov.cian.ru/sale/suburban/290780827/
2026-01-14 12:31:08,410 - WARNING - 404 found: https://www.cian.ru/sale/suburban/318787239/
2026-01-14 12:31:09,299 - INFO - Batch #92 completed: checked=1000, 404_found=6, exceptions=0, total_checked=92000, total_404=672, pending_deletes=72, total_deleted=600, avg_speed=779.8 records/sec
2026-01-14 12:31:09,299 - INFO - Processing batch #93, last_id=122267
2026-01-14 12:31:09,307 - INFO - Fetched 1000 rows from database
2026-01-14 12:31:09,551 - WARNING - 404 found: https://solnechnogorsk.cian.ru/sale/suburban/316460022/
2026-01-14 12:31:09,653 - WARNING - 404 found: https://www.cian.ru/sale/suburban/323903013/
2026-01-14 12:31:09,672 - WARNING - 404 found: https://ivanteyevka.cian.ru/sale/suburban/297552233/
2026-01-14 12:31:09,738 - INFO - Batch #93 completed: checked=1000, 404_found=3, exceptions=0, total_checked=93000, total_404=675, pending_deletes=75, total_deleted=600, avg_speed=785.4 records/sec
2026-01-14 12:31:09,738 - INFO - Processing batch #94, last_id=123269
2026-01-14 12:31:09,747 - INFO - Fetched 1000 rows from database
2026-01-14 12:31:09,791 - WARNING - 404 found: https://www.cian.ru/sale/suburban/320369254/
2026-01-14 12:31:09,801 - WARNING - 404 found: https://www.cian.ru/sale/suburban/320369250/
2026-01-14 12:31:09,801 - WARNING - 404 found: https://www.cian.ru/sale/suburban/320369266/
2026-01-14 12:31:09,803 - WARNING - 404 found: https://www.cian.ru/sale/suburban/320369245/
2026-01-14 12:31:09,988 - WARNING - 404 found: https://www.cian.ru/sale/suburban/320369263/
2026-01-14 12:31:10,895 - INFO - Batch #94 completed: checked=1000, 404_found=5, exceptions=0, total_checked=94000, total_404=680, pending_deletes=80, total_deleted=600, avg_speed=786.1 records/sec
2026-01-14 12:31:10,896 - INFO - Processing batch #95, last_id=124277
2026-01-14 12:31:10,904 - INFO - Fetched 1000 rows from database
2026-01-14 12:31:11,153 - WARNING - 404 found: https://naro-fominsk.cian.ru/sale/suburban/309236890/
2026-01-14 12:31:11,988 - INFO - Batch #95 completed: checked=1000, 404_found=1, exceptions=0, total_checked=95000, total_404=681, pending_deletes=81, total_deleted=600, avg_speed=787.3 records/sec
2026-01-14 12:31:11,994 - INFO - Processing batch #96, last_id=125280
2026-01-14 12:31:12,008 - INFO - Fetched 1000 rows from database
2026-01-14 12:31:12,155 - WARNING - 404 found: https://www.cian.ru/sale/suburban/323275588/
2026-01-14 12:31:12,164 - WARNING - 404 found: https://www.cian.ru/sale/suburban/324751039/
2026-01-14 12:31:12,237 - WARNING - 404 found: https://www.cian.ru/sale/suburban/321315177/
2026-01-14 12:31:12,281 - WARNING - 404 found: https://www.cian.ru/sale/suburban/323892683/
2026-01-14 12:31:12,293 - WARNING - 404 found: https://www.cian.ru/sale/suburban/324061176/
2026-01-14 12:31:12,367 - WARNING - 404 found: https://www.cian.ru/sale/suburban/318337189/
2026-01-14 12:31:12,671 - INFO - Batch #96 completed: checked=1000, 404_found=6, exceptions=0, total_checked=96000, total_404=687, pending_deletes=87, total_deleted=600, avg_speed=791.1 records/sec
2026-01-14 12:31:12,672 - INFO - Processing batch #97, last_id=126285
2026-01-14 12:31:12,682 - INFO - Fetched 1000 rows from database
2026-01-14 12:31:12,893 - WARNING - 404 found: https://www.cian.ru/sale/suburban/319787584/
2026-01-14 12:31:13,103 - INFO - Batch #97 completed: checked=1000, 404_found=1, exceptions=0, total_checked=97000, total_404=688, pending_deletes=88, total_deleted=600, avg_speed=796.5 records/sec
2026-01-14 12:31:13,103 - INFO - Processing batch #98, last_id=127289
2026-01-14 12:31:13,111 - INFO - Fetched 1000 rows from database
2026-01-14 12:31:13,139 - WARNING - 404 found: https://www.cian.ru/sale/suburban/324411231/
2026-01-14 12:31:13,246 - WARNING - 404 found: https://www.cian.ru/sale/suburban/290710711/
2026-01-14 12:31:13,279 - WARNING - 404 found: https://www.cian.ru/sale/suburban/319888377/
2026-01-14 12:31:13,356 - WARNING - 404 found: https://www.cian.ru/sale/suburban/314716716/
2026-01-14 12:31:13,478 - INFO - Batch #98 completed: checked=1000, 404_found=4, exceptions=0, total_checked=98000, total_404=692, pending_deletes=92, total_deleted=600, avg_speed=802.3 records/sec
2026-01-14 12:31:13,478 - INFO - Processing batch #99, last_id=128296
2026-01-14 12:31:13,488 - INFO - Fetched 1000 rows from database
2026-01-14 12:31:13,727 - WARNING - 404 found: https://www.cian.ru/sale/suburban/323951642/
2026-01-14 12:31:13,857 - INFO - Batch #99 completed: checked=1000, 404_found=1, exceptions=0, total_checked=99000, total_404=693, pending_deletes=93, total_deleted=600, avg_speed=807.9 records/sec
2026-01-14 12:31:13,857 - INFO - Processing batch #100, last_id=129297
2026-01-14 12:31:13,866 - INFO - Fetched 1000 rows from database
2026-01-14 12:31:14,104 - WARNING - 404 found: https://www.cian.ru/sale/suburban/323570703/
2026-01-14 12:31:14,112 - WARNING - 404 found: https://www.cian.ru/sale/suburban/301128737/
2026-01-14 12:31:14,234 - INFO - Batch #100 completed: checked=1000, 404_found=2, exceptions=0, total_checked=100000, total_404=695, pending_deletes=95, total_deleted=600, avg_speed=813.6 records/sec
2026-01-14 12:31:14,234 - INFO - Processing batch #101, last_id=130306
2026-01-14 12:31:14,246 - INFO - Fetched 1000 rows from database
2026-01-14 12:31:14,445 - WARNING - 404 found: https://mytishchi.cian.ru/sale/suburban/294517704/
2026-01-14 12:31:14,503 - WARNING - 404 found: https://odintsovo.cian.ru/sale/suburban/322451907/
2026-01-14 12:31:14,564 - WARNING - 404 found: https://mytishchi.cian.ru/sale/suburban/323664598/
2026-01-14 12:31:14,569 - WARNING - 404 found: https://www.cian.ru/sale/suburban/312898511/
2026-01-14 12:31:14,572 - WARNING - 404 found: https://www.cian.ru/sale/suburban/314263906/
2026-01-14 12:31:14,583 - WARNING - 404 found: https://www.cian.ru/sale/suburban/314263909/
2026-01-14 12:31:14,591 - WARNING - 404 found: https://www.cian.ru/sale/suburban/321941252/
2026-01-14 12:31:14,693 - ERROR - Error deleting offers [105559, 105562, 105563, 105565, 105671, 105697, 106051, 106056, 106708, 106822, 106868, 106895, 107487, 107497, 107518, 107575, 107580, 107587, 107599, 107858, 107942, 108063, 108196, 108661, 108727, 108792, 109107, 109287, 109354, 109447, 109600, 109699, 109932, 110019, 110047, 110120, 110153, 110231, 110538, 110739, 110827, 110837, 110914, 111054, 111332, 111338, 111387, 111627, 112227, 112265, 112368, 113355, 113424, 113822, 113827, 113829, 114354, 114365, 116256, 116265, 116891, 118488, 118898, 118968, 120545, 121094, 121293, 121594, 121681, 121767, 121796, 121970, 122850, 123131, 123170, 123378, 123384, 123390, 123397, 123882, 124894, 125680, 125697, 125900, 126023, 126043, 126238, 126803, 127311, 127666, 127761, 127979, 128973, 129926, 130006, 130857, 131016, 131196, 131213, 131219]: (sqlalchemy.dialects.postgresql.asyncpg.IntegrityError) <class 'asyncpg.exceptions.ForeignKeyViolationError'>: UPDATE или DELETE в таблице "offer" нарушает ограничение внешнего ключа "fk_favorite_offer_id_offer" таблицы "favorite"
DETAIL:  На ключ (id)=(125900) всё ещё есть ссылки в таблице "favorite".
[SQL: DELETE FROM offer WHERE offer.id IN ($1::INTEGER, $2::INTEGER, $3::INTEGER, $4::INTEGER, $5::INTEGER, $6::INTEGER, $7::INTEGER, $8::INTEGER, $9::INTEGER, $10::INTEGER, $11::INTEGER, $12::INTEGER, $13::INTEGER, $14::INTEGER, $15::INTEGER, $16::INTEGER, $17::INTEGER, $18::INTEGER, $19::INTEGER, $20::INTEGER, $21::INTEGER, $22::INTEGER, $23::INTEGER, $24::INTEGER, $25::INTEGER, $26::INTEGER, $27::INTEGER, $28::INTEGER, $29::INTEGER, $30::INTEGER, $31::INTEGER, $32::INTEGER, $33::INTEGER, $34::INTEGER, $35::INTEGER, $36::INTEGER, $37::INTEGER, $38::INTEGER, $39::INTEGER, $40::INTEGER, $41::INTEGER, $42::INTEGER, $43::INTEGER, $44::INTEGER, $45::INTEGER, $46::INTEGER, $47::INTEGER, $48::INTEGER, $49::INTEGER, $50::INTEGER, $51::INTEGER, $52::INTEGER, $53::INTEGER, $54::INTEGER, $55::INTEGER, $56::INTEGER, $57::INTEGER, $58::INTEGER, $59::INTEGER, $60::INTEGER, $61::INTEGER, $62::INTEGER, $63::INTEGER, $64::INTEGER, $65::INTEGER, $66::INTEGER, $67::INTEGER, $68::INTEGER, $69::INTEGER, $70::INTEGER, $71::INTEGER, $72::INTEGER, $73::INTEGER, $74::INTEGER, $75::INTEGER, $76::INTEGER, $77::INTEGER, $78::INTEGER, $79::INTEGER, $80::INTEGER, $81::INTEGER, $82::INTEGER, $83::INTEGER, $84::INTEGER, $85::INTEGER, $86::INTEGER, $87::INTEGER, $88::INTEGER, $89::INTEGER, $90::INTEGER, $91::INTEGER, $92::INTEGER, $93::INTEGER, $94::INTEGER, $95::INTEGER, $96::INTEGER, $97::INTEGER, $98::INTEGER, $99::INTEGER, $100::INTEGER)]
[parameters: (105559, 105562, 105563, 105565, 105671, 105697, 106051, 106056, 106708, 106822, 106868, 106895, 107487, 107497, 107518, 107575, 107580, 107587, 107599, 107858, 107942, 108063, 108196, 108661, 108727, 108792, 109107, 109287, 109354, 109447, 109600, 109699, 109932, 110019, 110047, 110120, 110153, 110231, 110538, 110739, 110827, 110837, 110914, 111054, 111332, 111338, 111387, 111627, 112227, 112265, 112368, 113355, 113424, 113822, 113827, 113829, 114354, 114365, 116256, 116265, 116891, 118488, 118898, 118968, 120545, 121094, 121293, 121594, 121681, 121767, 121796, 121970, 122850, 123131, 123170, 123378, 123384, 123390, 123397, 123882, 124894, 125680, 125697, 125900, 126023, 126043, 126238, 126803, 127311, 127666, 127761, 127979, 128973, 129926, 130006, 130857, 131016, 131196, 131213, 131219)]
(Background on this error at: https://sqlalche.me/e/20/gkpj)
2026-01-14 12:31:14,693 - INFO - Batch #101 completed: checked=1000, 404_found=7, exceptions=0, total_checked=101000, total_404=702, pending_deletes=2, total_deleted=600, avg_speed=818.7 records/sec
2026-01-14 12:31:14,693 - INFO - Processing batch #102, last_id=131315
2026-01-14 12:31:14,703 - INFO - Fetched 1000 rows from database
2026-01-14 12:31:14,890 - WARNING - 404 found: https://www.cian.ru/sale/suburban/314224992/
2026-01-14 12:31:14,904 - WARNING - 404 found: https://www.cian.ru/sale/suburban/322720048/
2026-01-14 12:31:14,909 - WARNING - 404 found: https://www.cian.ru/sale/suburban/322720072/
2026-01-14 12:31:16,051 - INFO - Batch #102 completed: checked=1000, 404_found=3, exceptions=0, total_checked=102000, total_404=705, pending_deletes=5, total_deleted=600, avg_speed=817.8 records/sec
2026-01-14 12:31:16,051 - INFO - Processing batch #103, last_id=132326
2026-01-14 12:31:16,066 - INFO - Fetched 951 rows from database
2026-01-14 12:31:19,898 - INFO - Batch #103 completed: checked=951, 404_found=0, exceptions=0, total_checked=102951, total_404=705, pending_deletes=5, total_deleted=600, avg_speed=800.7 records/sec
2026-01-14 12:31:19,899 - INFO - Processing batch #104, last_id=133880
2026-01-14 12:31:19,901 - INFO - No more rows to process
2026-01-14 12:31:19,908 - INFO - Deleted 5 offers with IDs: [131222, 131270, 131401, 131822, 131829]
2026-01-14 12:31:19,929 - INFO - ============================================================
2026-01-14 12:31:19,930 - INFO - PROCESSING COMPLETED
2026-01-14 12:31:19,930 - INFO - ============================================================
2026-01-14 12:31:19,931 - INFO - Total batches processed: 104
2026-01-14 12:31:19,931 - INFO - Total records checked: 102951
2026-01-14 12:31:19,931 - INFO - Total 404 images found: 705
2026-01-14 12:31:19,931 - INFO - Total offers deleted: 605
2026-01-14 12:31:19,931 - INFO - Delete mode: ENABLED
2026-01-14 12:31:19,931 - INFO - Total time: 128.61 seconds
2026-01-14 12:31:19,932 - INFO - Average speed: 800.5 records/sec
2026-01-14 12:31:19,932 - INFO - 404 rate: 0.68%
2026-01-14 12:31:19,932 - INFO - Delete rate: 85.82%
