2026-01-14 14:24:22,062 - INFO - Batch #1, last_id=0
2026-01-14 14:24:22,386 - WARNING - 404 image found | offer_id=28649 | offer_url=https://bryansk.cian.ru/sale/suburban/320992952/
2026-01-14 14:24:22,387 - WARNING - 404 image found | offer_id=28657 | offer_url=https://bryansk.cian.ru/sale/suburban/314726491/
2026-01-14 14:24:22,388 - WARNING - 404 image found | offer_id=28665 | offer_url=https://bryansk.cian.ru/sale/suburban/301527556/
2026-01-14 14:24:22,392 - WARNING - 404 image found | offer_id=28653 | offer_url=https://bryansk.cian.ru/sale/suburban/316898026/
2026-01-14 14:24:22,395 - WARNING - 404 image found | offer_id=28654 | offer_url=https://bryansk.cian.ru/sale/suburban/317026852/
2026-01-14 14:24:22,409 - WARNING - 404 image found | offer_id=28658 | offer_url=https://bryansk.cian.ru/sale/suburban/314158656/
2026-01-14 14:24:22,409 - WARNING - 404 image found | offer_id=28656 | offer_url=https://bryansk.cian.ru/sale/suburban/314763240/
2026-01-14 14:24:22,414 - WARNING - 404 image found | offer_id=28661 | offer_url=https://bryansk.cian.ru/sale/suburban/308060828/
2026-01-14 14:24:22,417 - WARNING - 404 image found | offer_id=28660 | offer_url=https://bryansk.cian.ru/sale/suburban/313954428/
2026-01-14 14:24:22,424 - WARNING - 404 image found | offer_id=28671 | offer_url=https://bryansk.cian.ru/sale/flat/323470941/
2026-01-14 14:24:22,432 - WARNING - 404 image found | offer_id=28684 | offer_url=https://bryansk.cian.ru/sale/flat/322853624/
2026-01-14 14:24:22,432 - WARNING - 404 image found | offer_id=28647 | offer_url=https://bryansk.cian.ru/sale/suburban/321700470/
2026-01-14 14:24:22,432 - WARNING - 404 image found | offer_id=28679 | offer_url=https://bryansk.cian.ru/sale/flat/323073837/
2026-01-14 14:24:22,433 - WARNING - 404 image found | offer_id=28686 | offer_url=https://bryansk.cian.ru/sale/flat/322634725/
2026-01-14 14:24:22,434 - WARNING - 404 image found | offer_id=28673 | offer_url=https://bryansk.cian.ru/sale/flat/323449834/
2026-01-14 14:24:22,434 - WARNING - 404 image found | offer_id=28675 | offer_url=https://bryansk.cian.ru/sale/flat/323385119/
2026-01-14 14:24:22,438 - WARNING - 404 image found | offer_id=28693 | offer_url=https://bryansk.cian.ru/sale/flat/322353892/
2026-01-14 14:24:22,439 - WARNING - 404 image found | offer_id=28663 | offer_url=https://bryansk.cian.ru/sale/suburban/307830529/
2026-01-14 14:24:22,441 - WARNING - 404 image found | offer_id=28683 | offer_url=https://bryansk.cian.ru/sale/flat/322856055/
2026-01-14 14:24:22,455 - WARNING - 404 image found | offer_id=28701 | offer_url=https://bryansk.cian.ru/sale/flat/321883417/
2026-01-14 14:24:22,455 - WARNING - 404 image found | offer_id=28678 | offer_url=https://bryansk.cian.ru/sale/flat/323087263/
2026-01-14 14:24:22,455 - WARNING - 404 image found | offer_id=28696 | offer_url=https://bryansk.cian.ru/sale/flat/322226292/
2026-01-14 14:24:22,456 - WARNING - 404 image found | offer_id=28699 | offer_url=https://bryansk.cian.ru/sale/flat/322098352/
2026-01-14 14:24:22,456 - WARNING - 404 image found | offer_id=28676 | offer_url=https://bryansk.cian.ru/sale/flat/323382798/
2026-01-14 14:24:22,456 - WARNING - 404 image found | offer_id=28672 | offer_url=https://bryansk.cian.ru/sale/flat/323461396/
2026-01-14 14:24:22,456 - WARNING - 404 image found | offer_id=28707 | offer_url=https://bryansk.cian.ru/sale/flat/321226574/
2026-01-14 14:24:22,458 - WARNING - 404 image found | offer_id=28700 | offer_url=https://bryansk.cian.ru/sale/flat/321974545/
2026-01-14 14:24:22,458 - WARNING - 404 image found | offer_id=28690 | offer_url=https://bryansk.cian.ru/sale/flat/322487299/
2026-01-14 14:24:22,459 - WARNING - 404 image found | offer_id=28691 | offer_url=https://bryansk.cian.ru/sale/flat/322498939/
2026-01-14 14:24:22,461 - WARNING - 404 image found | offer_id=28692 | offer_url=https://bryansk.cian.ru/sale/flat/322481692/
2026-01-14 14:24:22,461 - WARNING - 404 image found | offer_id=28704 | offer_url=https://bryansk.cian.ru/sale/flat/321708314/
2026-01-14 14:24:22,469 - WARNING - 404 image found | offer_id=28710 | offer_url=https://bryansk.cian.ru/sale/flat/320881527/
2026-01-14 14:24:22,469 - WARNING - 404 image found | offer_id=28694 | offer_url=https://bryansk.cian.ru/sale/flat/322324472/
2026-01-14 14:24:22,470 - WARNING - 404 image found | offer_id=28703 | offer_url=https://bryansk.cian.ru/sale/flat/321713227/
2026-01-14 14:24:22,471 - WARNING - 404 image found | offer_id=28695 | offer_url=https://bryansk.cian.ru/sale/flat/322237581/
2026-01-14 14:24:22,473 - WARNING - 404 image found | offer_id=28708 | offer_url=https://bryansk.cian.ru/sale/flat/321089512/
2026-01-14 14:24:22,480 - WARNING - 404 image found | offer_id=28720 | offer_url=https://bryansk.cian.ru/sale/flat/319812490/
2026-01-14 14:24:22,481 - WARNING - 404 image found | offer_id=28715 | offer_url=https://bryansk.cian.ru/sale/flat/320178030/
2026-01-14 14:24:22,481 - WARNING - 404 image found | offer_id=28714 | offer_url=https://bryansk.cian.ru/sale/flat/320178034/
2026-01-14 14:24:22,488 - WARNING - 404 image found | offer_id=28722 | offer_url=https://bryansk.cian.ru/sale/flat/319528111/
2026-01-14 14:24:22,488 - WARNING - 404 image found | offer_id=28712 | offer_url=https://bryansk.cian.ru/sale/flat/320507128/
2026-01-14 14:24:22,494 - WARNING - 404 image found | offer_id=28729 | offer_url=https://bryansk.cian.ru/sale/flat/318718188/
2026-01-14 14:24:22,495 - WARNING - 404 image found | offer_id=28711 | offer_url=https://bryansk.cian.ru/sale/flat/320771013/
2026-01-14 14:24:22,497 - WARNING - 404 image found | offer_id=28706 | offer_url=https://bryansk.cian.ru/sale/flat/321621666/
2026-01-14 14:24:22,498 - WARNING - 404 image found | offer_id=28738 | offer_url=https://bryansk.cian.ru/sale/flat/317881612/
2026-01-14 14:24:22,509 - WARNING - 404 image found | offer_id=28739 | offer_url=https://bryansk.cian.ru/sale/flat/317697308/
2026-01-14 14:24:22,513 - WARNING - 404 image found | offer_id=28744 | offer_url=https://bryansk.cian.ru/sale/flat/317221535/
2026-01-14 14:24:22,515 - WARNING - 404 image found | offer_id=28737 | offer_url=https://bryansk.cian.ru/sale/flat/318204373/
2026-01-14 14:24:22,515 - WARNING - 404 image found | offer_id=28748 | offer_url=https://bryansk.cian.ru/sale/flat/316338598/
2026-01-14 14:24:22,516 - WARNING - 404 image found | offer_id=28754 | offer_url=https://bryansk.cian.ru/sale/flat/314564045/
2026-01-14 14:24:22,517 - WARNING - 404 image found | offer_id=28724 | offer_url=https://bryansk.cian.ru/sale/flat/319495527/
2026-01-14 14:24:22,517 - WARNING - 404 image found | offer_id=28755 | offer_url=https://bryansk.cian.ru/sale/flat/314560490/
2026-01-14 14:24:22,518 - WARNING - 404 image found | offer_id=28713 | offer_url=https://bryansk.cian.ru/sale/flat/320434198/
2026-01-14 14:24:22,520 - WARNING - 404 image found | offer_id=28709 | offer_url=https://bryansk.cian.ru/sale/flat/321027526/
2026-01-14 14:24:22,520 - WARNING - 404 image found | offer_id=28732 | offer_url=https://bryansk.cian.ru/sale/flat/318638222/
2026-01-14 14:24:22,521 - WARNING - 404 image found | offer_id=28753 | offer_url=https://bryansk.cian.ru/sale/flat/314741434/
2026-01-14 14:24:22,532 - WARNING - 404 image found | offer_id=28756 | offer_url=https://bryansk.cian.ru/sale/flat/314467349/
2026-01-14 14:24:22,537 - WARNING - 404 image found | offer_id=28752 | offer_url=https://bryansk.cian.ru/sale/flat/315042808/
2026-01-14 14:24:22,538 - WARNING - 404 image found | offer_id=28774 | offer_url=https://bryansk.cian.ru/sale/flat/301162493/
2026-01-14 14:24:22,543 - WARNING - 404 image found | offer_id=28775 | offer_url=https://bryansk.cian.ru/sale/flat/289971332/
2026-01-14 14:24:22,544 - WARNING - 404 image found | offer_id=28761 | offer_url=https://bryansk.cian.ru/sale/flat/312100166/
2026-01-14 14:24:22,545 - WARNING - 404 image found | offer_id=28698 | offer_url=https://bryansk.cian.ru/sale/flat/322145107/
2026-01-14 14:24:22,547 - WARNING - 404 image found | offer_id=28766 | offer_url=https://bryansk.cian.ru/sale/flat/310974505/
2026-01-14 14:24:22,547 - WARNING - 404 image found | offer_id=28768 | offer_url=https://bryansk.cian.ru/sale/flat/310831186/
2026-01-14 14:24:22,548 - WARNING - 404 image found | offer_id=28760 | offer_url=https://bryansk.cian.ru/sale/flat/312135094/
2026-01-14 14:24:22,548 - WARNING - 404 image found | offer_id=28728 | offer_url=https://bryansk.cian.ru/sale/flat/318807171/
2026-01-14 14:24:22,550 - WARNING - 404 image found | offer_id=28763 | offer_url=https://bryansk.cian.ru/sale/flat/311818339/
2026-01-14 14:24:22,554 - WARNING - 404 image found | offer_id=28773 | offer_url=https://bryansk.cian.ru/sale/flat/303905732/
2026-01-14 14:24:22,557 - WARNING - 404 image found | offer_id=28771 | offer_url=https://bryansk.cian.ru/sale/flat/308706584/
2026-01-14 14:24:22,560 - WARNING - 404 image found | offer_id=28784 | offer_url=https://bryansk.cian.ru/sale/flat/323238612/
2026-01-14 14:24:22,564 - WARNING - 404 image found | offer_id=28780 | offer_url=https://bryansk.cian.ru/sale/flat/323435971/
2026-01-14 14:24:22,564 - WARNING - 404 image found | offer_id=28778 | offer_url=https://bryansk.cian.ru/sale/flat/323463430/
2026-01-14 14:24:22,567 - WARNING - 404 image found | offer_id=28793 | offer_url=https://bryansk.cian.ru/sale/flat/322728036/
2026-01-14 14:24:22,568 - WARNING - 404 image found | offer_id=28787 | offer_url=https://bryansk.cian.ru/sale/flat/323115689/
2026-01-14 14:24:22,568 - WARNING - 404 image found | offer_id=28783 | offer_url=https://bryansk.cian.ru/sale/flat/323264228/
2026-01-14 14:24:22,573 - WARNING - 404 image found | offer_id=28791 | offer_url=https://bryansk.cian.ru/sale/flat/322814534/
2026-01-14 14:24:22,576 - WARNING - 404 image found | offer_id=28781 | offer_url=https://bryansk.cian.ru/sale/flat/323346787/
2026-01-14 14:24:22,577 - WARNING - 404 image found | offer_id=28759 | offer_url=https://bryansk.cian.ru/sale/flat/312467880/
2026-01-14 14:24:22,583 - WARNING - 404 image found | offer_id=28733 | offer_url=https://bryansk.cian.ru/sale/flat/318414607/
2026-01-14 14:24:22,583 - WARNING - 404 image found | offer_id=28807 | offer_url=https://bryansk.cian.ru/sale/flat/321390714/
2026-01-14 14:24:22,584 - WARNING - 404 image found | offer_id=28804 | offer_url=https://bryansk.cian.ru/sale/flat/321737808/
2026-01-14 14:24:22,585 - WARNING - 404 image found | offer_id=28798 | offer_url=https://bryansk.cian.ru/sale/flat/322199088/
2026-01-14 14:24:22,592 - WARNING - 404 image found | offer_id=28803 | offer_url=https://bryansk.cian.ru/sale/flat/321883090/
2026-01-14 14:24:22,593 - WARNING - 404 image found | offer_id=28790 | offer_url=https://bryansk.cian.ru/sale/flat/322828778/
2026-01-14 14:24:22,594 - WARNING - 404 image found | offer_id=28751 | offer_url=https://bryansk.cian.ru/sale/flat/316314204/
2026-01-14 14:24:22,594 - WARNING - 404 image found | offer_id=28792 | offer_url=https://bryansk.cian.ru/sale/flat/322690763/
2026-01-14 14:24:22,609 - WARNING - 404 image found | offer_id=28814 | offer_url=https://bryansk.cian.ru/sale/flat/321064195/
2026-01-14 14:24:22,609 - WARNING - 404 image found | offer_id=28788 | offer_url=https://bryansk.cian.ru/sale/flat/323016855/
2026-01-14 14:24:22,609 - WARNING - 404 image found | offer_id=28818 | offer_url=https://bryansk.cian.ru/sale/flat/320433868/
2026-01-14 14:24:22,609 - WARNING - 404 image found | offer_id=28785 | offer_url=https://bryansk.cian.ru/sale/flat/323227400/
2026-01-14 14:24:22,610 - WARNING - 404 image found | offer_id=28819 | offer_url=https://bryansk.cian.ru/sale/flat/319867124/
2026-01-14 14:24:22,611 - WARNING - 404 image found | offer_id=28820 | offer_url=https://bryansk.cian.ru/sale/flat/319863752/
2026-01-14 14:24:22,611 - WARNING - 404 image found | offer_id=28805 | offer_url=https://bryansk.cian.ru/sale/flat/321563914/
2026-01-14 14:24:22,612 - WARNING - 404 image found | offer_id=28808 | offer_url=https://bryansk.cian.ru/sale/flat/321345701/
2026-01-14 14:24:22,613 - WARNING - 404 image found | offer_id=28813 | offer_url=https://bryansk.cian.ru/sale/flat/320881528/
2026-01-14 14:24:22,619 - WARNING - 404 image found | offer_id=28829 | offer_url=https://bryansk.cian.ru/sale/flat/319982966/
2026-01-14 14:24:22,620 - WARNING - 404 image found | offer_id=28827 | offer_url=https://bryansk.cian.ru/sale/flat/319775179/
2026-01-14 14:24:22,622 - WARNING - 404 image found | offer_id=28831 | offer_url=https://bryansk.cian.ru/sale/flat/319581080/
2026-01-14 14:24:22,625 - WARNING - 404 image found | offer_id=28767 | offer_url=https://bryansk.cian.ru/sale/flat/310917522/
2026-01-14 14:24:22,626 - WARNING - 404 image found | offer_id=28812 | offer_url=https://bryansk.cian.ru/sale/flat/321089514/
2026-01-14 14:24:22,626 - WARNING - 404 image found | offer_id=28817 | offer_url=https://bryansk.cian.ru/sale/flat/320434199/
2026-01-14 14:24:22,626 - WARNING - 404 image found | offer_id=28828 | offer_url=https://bryansk.cian.ru/sale/flat/319666263/
2026-01-14 14:24:22,630 - WARNING - 404 image found | offer_id=28841 | offer_url=https://bryansk.cian.ru/sale/flat/318118486/
2026-01-14 14:24:22,630 - WARNING - 404 image found | offer_id=28840 | offer_url=https://bryansk.cian.ru/sale/flat/318182231/
2026-01-14 14:24:22,631 - WARNING - 404 image found | offer_id=28826 | offer_url=https://bryansk.cian.ru/sale/flat/320371679/
2026-01-14 14:24:22,638 - WARNING - 404 image found | offer_id=28837 | offer_url=https://bryansk.cian.ru/sale/flat/318356600/
2026-01-14 14:24:22,638 - WARNING - 404 image found | offer_id=28836 | offer_url=https://bryansk.cian.ru/sale/flat/318704985/
2026-01-14 14:24:22,641 - WARNING - 404 image found | offer_id=28850 | offer_url=https://bryansk.cian.ru/sale/flat/317222811/
2026-01-14 14:24:22,654 - WARNING - 404 image found | offer_id=28851 | offer_url=https://bryansk.cian.ru/sale/flat/316977088/
2026-01-14 14:24:22,655 - WARNING - 404 image found | offer_id=28858 | offer_url=https://bryansk.cian.ru/sale/flat/312095379/
2026-01-14 14:24:22,655 - WARNING - 404 image found | offer_id=28849 | offer_url=https://bryansk.cian.ru/sale/flat/317222729/
2026-01-14 14:24:22,655 - WARNING - 404 image found | offer_id=28838 | offer_url=https://bryansk.cian.ru/sale/flat/318356946/
2026-01-14 14:24:22,656 - WARNING - 404 image found | offer_id=28843 | offer_url=https://bryansk.cian.ru/sale/flat/318033504/
2026-01-14 14:24:22,657 - WARNING - 404 image found | offer_id=28824 | offer_url=https://bryansk.cian.ru/sale/flat/320249475/
2026-01-14 14:24:22,669 - WARNING - 404 image found | offer_id=28859 | offer_url=https://bryansk.cian.ru/sale/flat/311320687/
2026-01-14 14:24:22,670 - WARNING - 404 image found | offer_id=28844 | offer_url=https://bryansk.cian.ru/sale/flat/318033088/
2026-01-14 14:24:22,674 - WARNING - 404 image found | offer_id=28853 | offer_url=https://bryansk.cian.ru/sale/flat/314560621/
2026-01-14 14:24:22,675 - WARNING - 404 image found | offer_id=28870 | offer_url=https://bryansk.cian.ru/sale/flat/323361898/
2026-01-14 14:24:22,679 - WARNING - 404 image found | offer_id=28878 | offer_url=https://bryansk.cian.ru/sale/flat/323004465/
2026-01-14 14:24:22,680 - WARNING - 404 image found | offer_id=28832 | offer_url=https://bryansk.cian.ru/sale/flat/319461392/
2026-01-14 14:24:22,681 - WARNING - 404 image found | offer_id=28874 | offer_url=https://bryansk.cian.ru/sale/flat/323149610/
2026-01-14 14:24:22,682 - WARNING - 404 image found | offer_id=28873 | offer_url=https://bryansk.cian.ru/sale/flat/323128776/
2026-01-14 14:24:22,683 - WARNING - 404 image found | offer_id=28876 | offer_url=https://bryansk.cian.ru/sale/flat/323007466/
2026-01-14 14:24:22,684 - WARNING - 404 image found | offer_id=28871 | offer_url=https://bryansk.cian.ru/sale/flat/323263618/
2026-01-14 14:24:22,685 - WARNING - 404 image found | offer_id=28875 | offer_url=https://bryansk.cian.ru/sale/flat/323050519/
2026-01-14 14:24:22,692 - WARNING - 404 image found | offer_id=28884 | offer_url=https://bryansk.cian.ru/sale/flat/322757653/
2026-01-14 14:24:22,693 - WARNING - 404 image found | offer_id=28882 | offer_url=https://bryansk.cian.ru/sale/flat/322849687/
2026-01-14 14:24:22,698 - WARNING - 404 image found | offer_id=28892 | offer_url=https://bryansk.cian.ru/sale/flat/322113129/
2026-01-14 14:24:22,699 - WARNING - 404 image found | offer_id=28889 | offer_url=https://bryansk.cian.ru/sale/flat/322228448/
2026-01-14 14:24:22,699 - WARNING - 404 image found | offer_id=28881 | offer_url=https://bryansk.cian.ru/sale/flat/322858727/
2026-01-14 14:24:22,700 - WARNING - 404 image found | offer_id=28867 | offer_url=https://bryansk.cian.ru/sale/flat/301023676/
2026-01-14 14:24:22,700 - WARNING - 404 image found | offer_id=28880 | offer_url=https://bryansk.cian.ru/sale/flat/322878741/
2026-01-14 14:24:22,702 - WARNING - 404 image found | offer_id=28890 | offer_url=https://bryansk.cian.ru/sale/flat/322158437/
2026-01-14 14:24:22,702 - WARNING - 404 image found | offer_id=28895 | offer_url=https://bryansk.cian.ru/sale/flat/321857122/
2026-01-14 14:24:22,703 - WARNING - 404 image found | offer_id=28854 | offer_url=https://bryansk.cian.ru/sale/flat/314168472/
2026-01-14 14:24:22,704 - WARNING - 404 image found | offer_id=28896 | offer_url=https://bryansk.cian.ru/sale/flat/321441234/
2026-01-14 14:24:22,707 - WARNING - 404 image found | offer_id=28893 | offer_url=https://bryansk.cian.ru/sale/flat/322155897/
2026-01-14 14:24:22,708 - WARNING - 404 image found | offer_id=28887 | offer_url=https://bryansk.cian.ru/sale/flat/322471244/
2026-01-14 14:24:22,708 - WARNING - 404 image found | offer_id=28872 | offer_url=https://bryansk.cian.ru/sale/flat/323190069/
2026-01-14 14:24:22,709 - WARNING - 404 image found | offer_id=28898 | offer_url=https://bryansk.cian.ru/sale/flat/321207548/
2026-01-14 14:24:22,715 - WARNING - 404 image found | offer_id=28900 | offer_url=https://bryansk.cian.ru/sale/flat/320799217/
2026-01-14 14:24:22,719 - WARNING - 404 image found | offer_id=28904 | offer_url=https://bryansk.cian.ru/sale/flat/320433870/
2026-01-14 14:24:22,720 - WARNING - 404 image found | offer_id=28902 | offer_url=https://bryansk.cian.ru/sale/flat/320579560/
2026-01-14 14:24:22,721 - WARNING - 404 image found | offer_id=28869 | offer_url=https://bryansk.cian.ru/sale/flat/323568340/
2026-01-14 14:24:22,723 - WARNING - 404 image found | offer_id=28914 | offer_url=https://bryansk.cian.ru/sale/flat/318946562/
2026-01-14 14:24:22,723 - WARNING - 404 image found | offer_id=28905 | offer_url=https://bryansk.cian.ru/sale/flat/320192977/
2026-01-14 14:24:22,724 - WARNING - 404 image found | offer_id=28911 | offer_url=https://bryansk.cian.ru/sale/flat/319185262/
2026-01-14 14:24:22,727 - WARNING - 404 image found | offer_id=28891 | offer_url=https://bryansk.cian.ru/sale/flat/322310874/
2026-01-14 14:24:22,729 - WARNING - 404 image found | offer_id=28906 | offer_url=https://bryansk.cian.ru/sale/flat/320162552/
2026-01-14 14:24:22,732 - WARNING - 404 image found | offer_id=28899 | offer_url=https://bryansk.cian.ru/sale/flat/320870497/
2026-01-14 14:24:22,732 - WARNING - 404 image found | offer_id=28919 | offer_url=https://bryansk.cian.ru/sale/flat/318288921/
2026-01-14 14:24:22,733 - WARNING - 404 image found | offer_id=28913 | offer_url=https://bryansk.cian.ru/sale/flat/319010355/
2026-01-14 14:24:22,737 - WARNING - 404 image found | offer_id=28901 | offer_url=https://bryansk.cian.ru/sale/flat/320670144/
2026-01-14 14:24:22,740 - WARNING - 404 image found | offer_id=28909 | offer_url=https://bryansk.cian.ru/sale/flat/319842899/
2026-01-14 14:24:22,742 - WARNING - 404 image found | offer_id=28845 | offer_url=https://bryansk.cian.ru/sale/flat/317881608/
2026-01-14 14:24:22,743 - WARNING - 404 image found | offer_id=28925 | offer_url=https://bryansk.cian.ru/sale/flat/317881610/
2026-01-14 14:24:22,744 - WARNING - 404 image found | offer_id=28918 | offer_url=https://bryansk.cian.ru/sale/flat/318121405/
2026-01-14 14:24:22,745 - WARNING - 404 image found | offer_id=28910 | offer_url=https://bryansk.cian.ru/sale/flat/319461391/
2026-01-14 14:24:22,746 - WARNING - 404 image found | offer_id=28888 | offer_url=https://bryansk.cian.ru/sale/flat/322288284/
2026-01-14 14:24:22,747 - WARNING - 404 image found | offer_id=28921 | offer_url=https://bryansk.cian.ru/sale/flat/318033089/
2026-01-14 14:24:22,747 - WARNING - 404 image found | offer_id=28922 | offer_url=https://bryansk.cian.ru/sale/flat/318012778/
2026-01-14 14:24:22,749 - WARNING - 404 image found | offer_id=28932 | offer_url=https://bryansk.cian.ru/sale/flat/315019404/
2026-01-14 14:24:22,756 - WARNING - 404 image found | offer_id=28933 | offer_url=https://bryansk.cian.ru/sale/flat/313129143/
2026-01-14 14:24:22,757 - WARNING - 404 image found | offer_id=28936 | offer_url=https://bryansk.cian.ru/sale/flat/311985995/
2026-01-14 14:24:22,759 - WARNING - 404 image found | offer_id=28923 | offer_url=https://bryansk.cian.ru/sale/flat/317882296/
2026-01-14 14:24:22,760 - WARNING - 404 image found | offer_id=28931 | offer_url=https://bryansk.cian.ru/sale/flat/316600565/
2026-01-14 14:24:22,762 - WARNING - 404 image found | offer_id=28924 | offer_url=https://bryansk.cian.ru/sale/flat/317881607/
2026-01-14 14:24:22,763 - WARNING - 404 image found | offer_id=28894 | offer_url=https://bryansk.cian.ru/sale/flat/321859344/
2026-01-14 14:24:22,764 - WARNING - 404 image found | offer_id=28920 | offer_url=https://bryansk.cian.ru/sale/flat/318076042/
2026-01-14 14:24:22,765 - WARNING - 404 image found | offer_id=28944 | offer_url=https://bryansk.cian.ru/sale/flat/308630722/
2026-01-14 14:24:22,765 - WARNING - 404 image found | offer_id=28916 | offer_url=https://bryansk.cian.ru/sale/flat/318388969/
2026-01-14 14:24:22,766 - WARNING - 404 image found | offer_id=28940 | offer_url=https://bryansk.cian.ru/sale/flat/309672231/
2026-01-14 14:24:22,769 - WARNING - 404 image found | offer_id=28950 | offer_url=https://bryansk.cian.ru/sale/flat/323574029/
2026-01-14 14:24:22,770 - WARNING - 404 image found | offer_id=28908 | offer_url=https://bryansk.cian.ru/sale/flat/320149574/
2026-01-14 14:24:22,776 - WARNING - 404 image found | offer_id=28934 | offer_url=https://bryansk.cian.ru/sale/flat/312361796/
2026-01-14 14:24:22,777 - WARNING - 404 image found | offer_id=28938 | offer_url=https://bryansk.cian.ru/sale/flat/310830958/
2026-01-14 14:24:22,778 - WARNING - 404 image found | offer_id=28960 | offer_url=https://bryansk.cian.ru/sale/flat/323073810/
2026-01-14 14:24:22,789 - WARNING - 404 image found | offer_id=28969 | offer_url=https://bryansk.cian.ru/sale/flat/322371272/
2026-01-14 14:24:22,790 - WARNING - 404 image found | offer_id=28972 | offer_url=https://bryansk.cian.ru/sale/flat/321981007/
2026-01-14 14:24:22,792 - WARNING - 404 image found | offer_id=28961 | offer_url=https://bryansk.cian.ru/sale/flat/322878997/
2026-01-14 14:24:22,793 - WARNING - 404 image found | offer_id=28968 | offer_url=https://bryansk.cian.ru/sale/flat/322371462/
2026-01-14 14:24:22,793 - WARNING - 404 image found | offer_id=28957 | offer_url=https://bryansk.cian.ru/sale/flat/323238610/
2026-01-14 14:24:22,793 - WARNING - 404 image found | offer_id=28965 | offer_url=https://bryansk.cian.ru/sale/flat/322565497/
2026-01-14 14:24:22,794 - WARNING - 404 image found | offer_id=28967 | offer_url=https://bryansk.cian.ru/sale/flat/322679318/
2026-01-14 14:24:22,794 - WARNING - 404 image found | offer_id=28959 | offer_url=https://bryansk.cian.ru/sale/flat/323160106/
2026-01-14 14:24:22,796 - WARNING - 404 image found | offer_id=28941 | offer_url=https://bryansk.cian.ru/sale/flat/309327000/
2026-01-14 14:24:22,796 - WARNING - 404 image found | offer_id=28973 | offer_url=https://bryansk.cian.ru/sale/flat/321842190/
2026-01-14 14:24:22,796 - WARNING - 404 image found | offer_id=28976 | offer_url=https://bryansk.cian.ru/sale/flat/321564299/
2026-01-14 14:24:22,796 - WARNING - 404 image found | offer_id=28956 | offer_url=https://bryansk.cian.ru/sale/flat/323246636/
2026-01-14 14:24:22,797 - WARNING - 404 image found | offer_id=28937 | offer_url=https://bryansk.cian.ru/sale/flat/311098092/
2026-01-14 14:24:22,799 - WARNING - 404 image found | offer_id=28953 | offer_url=https://bryansk.cian.ru/sale/flat/323372589/
2026-01-14 14:24:22,800 - WARNING - 404 image found | offer_id=28970 | offer_url=https://bryansk.cian.ru/sale/flat/321983399/
2026-01-14 14:24:22,802 - WARNING - 404 image found | offer_id=28977 | offer_url=https://bryansk.cian.ru/sale/flat/321501320/
2026-01-14 14:24:22,804 - WARNING - 404 image found | offer_id=28979 | offer_url=https://bryansk.cian.ru/sale/flat/321089515/
2026-01-14 14:24:22,808 - WARNING - 404 image found | offer_id=28974 | offer_url=https://bryansk.cian.ru/sale/flat/321888342/
2026-01-14 14:24:22,809 - WARNING - 404 image found | offer_id=28966 | offer_url=https://bryansk.cian.ru/sale/flat/322693928/
2026-01-14 14:24:22,809 - WARNING - 404 image found | offer_id=28954 | offer_url=https://bryansk.cian.ru/sale/flat/323393441/
2026-01-14 14:24:22,813 - WARNING - 404 image found | offer_id=28982 | offer_url=https://bryansk.cian.ru/sale/flat/321029637/
2026-01-14 14:24:22,817 - WARNING - 404 image found | offer_id=28978 | offer_url=https://bryansk.cian.ru/sale/flat/321286404/
2026-01-14 14:24:22,819 - WARNING - 404 image found | offer_id=28989 | offer_url=https://bryansk.cian.ru/sale/flat/320376363/
2026-01-14 14:24:22,819 - WARNING - 404 image found | offer_id=28986 | offer_url=https://bryansk.cian.ru/sale/flat/320670146/
2026-01-14 14:24:22,820 - WARNING - 404 image found | offer_id=28995 | offer_url=https://bryansk.cian.ru/sale/flat/320025750/
2026-01-14 14:24:22,826 - WARNING - 404 image found | offer_id=28991 | offer_url=https://bryansk.cian.ru/sale/flat/320339541/
2026-01-14 14:24:22,829 - WARNING - 404 image found | offer_id=28980 | offer_url=https://bryansk.cian.ru/sale/flat/321088970/
2026-01-14 14:24:22,830 - WARNING - 404 image found | offer_id=29003 | offer_url=https://bryansk.cian.ru/sale/flat/319889334/
2026-01-14 14:24:22,832 - WARNING - 404 image found | offer_id=29002 | offer_url=https://bryansk.cian.ru/sale/flat/319786683/
2026-01-14 14:24:22,834 - WARNING - 404 image found | offer_id=28975 | offer_url=https://bryansk.cian.ru/sale/flat/321732709/
2026-01-14 14:24:22,836 - WARNING - 404 image found | offer_id=29008 | offer_url=https://bryansk.cian.ru/sale/flat/319574721/
2026-01-14 14:24:22,838 - WARNING - 404 image found | offer_id=29013 | offer_url=https://bryansk.cian.ru/sale/flat/317919636/
2026-01-14 14:24:22,844 - WARNING - 404 image found | offer_id=29014 | offer_url=https://bryansk.cian.ru/sale/flat/319478773/
2026-01-14 14:24:22,845 - WARNING - 404 image found | offer_id=29000 | offer_url=https://bryansk.cian.ru/sale/flat/319922155/
2026-01-14 14:24:22,847 - WARNING - 404 image found | offer_id=29015 | offer_url=https://bryansk.cian.ru/sale/flat/317882295/
2026-01-14 14:24:22,849 - WARNING - 404 image found | offer_id=29024 | offer_url=https://bryansk.cian.ru/sale/flat/314646701/
2026-01-14 14:24:22,850 - WARNING - 404 image found | offer_id=29026 | offer_url=https://bryansk.cian.ru/sale/flat/313650347/
2026-01-14 14:24:22,850 - WARNING - 404 image found | offer_id=29020 | offer_url=https://bryansk.cian.ru/sale/flat/317881606/
2026-01-14 14:24:22,851 - WARNING - 404 image found | offer_id=29006 | offer_url=https://bryansk.cian.ru/sale/flat/319688597/
2026-01-14 14:24:22,852 - WARNING - 404 image found | offer_id=29017 | offer_url=https://bryansk.cian.ru/sale/flat/317521221/
2026-01-14 14:24:22,853 - WARNING - 404 image found | offer_id=29010 | offer_url=https://bryansk.cian.ru/sale/flat/318967502/
2026-01-14 14:24:22,855 - WARNING - 404 image found | offer_id=29021 | offer_url=https://bryansk.cian.ru/sale/flat/317468774/
2026-01-14 14:24:22,858 - WARNING - 404 image found | offer_id=29022 | offer_url=https://bryansk.cian.ru/sale/flat/315202990/
2026-01-14 14:24:22,866 - WARNING - 404 image found | offer_id=29033 | offer_url=https://bryansk.cian.ru/sale/flat/310305890/
2026-01-14 14:24:22,870 - WARNING - 404 image found | offer_id=29039 | offer_url=https://bryansk.cian.ru/sale/flat/323206536/
2026-01-14 14:24:22,877 - WARNING - 404 image found | offer_id=29042 | offer_url=https://bryansk.cian.ru/sale/flat/323013910/
2026-01-14 14:24:22,879 - WARNING - 404 image found | offer_id=29011 | offer_url=https://bryansk.cian.ru/sale/flat/318761248/
2026-01-14 14:24:22,879 - WARNING - 404 image found | offer_id=29044 | offer_url=https://bryansk.cian.ru/sale/flat/322756836/
2026-01-14 14:24:22,881 - WARNING - 404 image found | offer_id=29054 | offer_url=https://bryansk.cian.ru/sale/flat/322394044/
2026-01-14 14:24:22,890 - WARNING - 404 image found | offer_id=29009 | offer_url=https://bryansk.cian.ru/sale/flat/319017078/
2026-01-14 14:24:22,891 - WARNING - 404 image found | offer_id=29043 | offer_url=https://bryansk.cian.ru/sale/flat/322969873/
2026-01-14 14:24:22,892 - WARNING - 404 image found | offer_id=29037 | offer_url=https://bryansk.cian.ru/sale/flat/323325425/
2026-01-14 14:24:22,892 - WARNING - 404 image found | offer_id=29040 | offer_url=https://bryansk.cian.ru/sale/flat/323127263/
2026-01-14 14:24:22,893 - WARNING - 404 image found | offer_id=29047 | offer_url=https://bryansk.cian.ru/sale/flat/322755521/
2026-01-14 14:24:22,893 - WARNING - 404 image found | offer_id=29057 | offer_url=https://bryansk.cian.ru/sale/flat/322068914/
2026-01-14 14:24:22,894 - WARNING - 404 image found | offer_id=29046 | offer_url=https://bryansk.cian.ru/sale/flat/322714860/
2026-01-14 14:24:22,894 - WARNING - 404 image found | offer_id=29058 | offer_url=https://bryansk.cian.ru/sale/flat/322034999/
2026-01-14 14:24:22,895 - WARNING - 404 image found | offer_id=29064 | offer_url=https://bryansk.cian.ru/sale/flat/321807189/
2026-01-14 14:24:22,898 - WARNING - 404 image found | offer_id=29065 | offer_url=https://bryansk.cian.ru/sale/flat/321756615/
2026-01-14 14:24:22,900 - WARNING - 404 image found | offer_id=29068 | offer_url=https://bryansk.cian.ru/sale/flat/321469109/
2026-01-14 14:24:22,901 - WARNING - 404 image found | offer_id=29056 | offer_url=https://bryansk.cian.ru/sale/flat/322307725/
2026-01-14 14:24:22,901 - WARNING - 404 image found | offer_id=29063 | offer_url=https://bryansk.cian.ru/sale/flat/321881012/
2026-01-14 14:24:22,902 - WARNING - 404 image found | offer_id=29067 | offer_url=https://bryansk.cian.ru/sale/flat/321124667/
2026-01-14 14:24:22,908 - WARNING - 404 image found | offer_id=29053 | offer_url=https://bryansk.cian.ru/sale/flat/322525858/
2026-01-14 14:24:22,914 - WARNING - 404 image found | offer_id=29073 | offer_url=https://bryansk.cian.ru/sale/flat/321089194/
2026-01-14 14:24:22,914 - WARNING - 404 image found | offer_id=29072 | offer_url=https://bryansk.cian.ru/sale/flat/320992954/
2026-01-14 14:24:22,915 - WARNING - 404 image found | offer_id=29019 | offer_url=https://bryansk.cian.ru/sale/flat/317476660/
2026-01-14 14:24:22,917 - WARNING - 404 image found | offer_id=29052 | offer_url=https://bryansk.cian.ru/sale/flat/322536808/
2026-01-14 14:24:22,917 - WARNING - 404 image found | offer_id=29034 | offer_url=https://bryansk.cian.ru/sale/flat/291369583/
2026-01-14 14:24:22,919 - WARNING - 404 image found | offer_id=29050 | offer_url=https://bryansk.cian.ru/sale/flat/322653481/
2026-01-14 14:24:22,920 - WARNING - 404 image found | offer_id=29078 | offer_url=https://bryansk.cian.ru/sale/flat/320501021/
2026-01-14 14:24:22,933 - WARNING - 404 image found | offer_id=29090 | offer_url=https://bryansk.cian.ru/sale/flat/320140049/
2026-01-14 14:24:22,934 - WARNING - 404 image found | offer_id=29066 | offer_url=https://bryansk.cian.ru/sale/flat/321470625/
2026-01-14 14:24:22,934 - WARNING - 404 image found | offer_id=29038 | offer_url=https://bryansk.cian.ru/sale/flat/323449196/
2026-01-14 14:24:22,938 - WARNING - 404 image found | offer_id=29091 | offer_url=https://bryansk.cian.ru/sale/flat/319460342/
2026-01-14 14:24:22,939 - WARNING - 404 image found | offer_id=29095 | offer_url=https://bryansk.cian.ru/sale/flat/319050286/
2026-01-14 14:24:22,939 - WARNING - 404 image found | offer_id=29100 | offer_url=https://bryansk.cian.ru/sale/flat/318033507/
2026-01-14 14:24:22,940 - WARNING - 404 image found | offer_id=29104 | offer_url=https://bryansk.cian.ru/sale/flat/317290575/
2026-01-14 14:24:22,941 - WARNING - 404 image found | offer_id=29099 | offer_url=https://bryansk.cian.ru/sale/flat/318238009/
2026-01-14 14:24:22,943 - WARNING - 404 image found | offer_id=29101 | offer_url=https://bryansk.cian.ru/sale/flat/317919635/
2026-01-14 14:24:22,946 - WARNING - 404 image found | offer_id=29107 | offer_url=https://bryansk.cian.ru/sale/flat/316357975/
2026-01-14 14:24:22,947 - WARNING - 404 image found | offer_id=29080 | offer_url=https://bryansk.cian.ru/sale/flat/320448003/
2026-01-14 14:24:22,947 - WARNING - 404 image found | offer_id=29098 | offer_url=https://bryansk.cian.ru/sale/flat/318323247/
2026-01-14 14:24:22,950 - WARNING - 404 image found | offer_id=29106 | offer_url=https://bryansk.cian.ru/sale/flat/316365720/
2026-01-14 14:24:22,951 - WARNING - 404 image found | offer_id=29102 | offer_url=https://bryansk.cian.ru/sale/flat/317881605/
2026-01-14 14:24:22,953 - WARNING - 404 image found | offer_id=29081 | offer_url=https://bryansk.cian.ru/sale/flat/320377469/
2026-01-14 14:24:22,954 - WARNING - 404 image found | offer_id=29109 | offer_url=https://bryansk.cian.ru/sale/flat/315977537/
2026-01-14 14:24:22,958 - WARNING - 404 image found | offer_id=29111 | offer_url=https://bryansk.cian.ru/sale/flat/315031428/
2026-01-14 14:24:22,961 - WARNING - 404 image found | offer_id=29062 | offer_url=https://bryansk.cian.ru/sale/flat/321896783/
2026-01-14 14:24:22,962 - WARNING - 404 image found | offer_id=29122 | offer_url=https://bryansk.cian.ru/sale/flat/297485564/
2026-01-14 14:24:22,962 - WARNING - 404 image found | offer_id=29118 | offer_url=https://bryansk.cian.ru/sale/flat/313003076/
2026-01-14 14:24:22,968 - WARNING - 404 image found | offer_id=29121 | offer_url=https://bryansk.cian.ru/sale/flat/312116880/
2026-01-14 14:24:22,972 - WARNING - 404 image found | offer_id=29115 | offer_url=https://bryansk.cian.ru/sale/flat/314260496/
2026-01-14 14:24:22,975 - WARNING - 404 image found | offer_id=29116 | offer_url=https://bryansk.cian.ru/sale/flat/314223780/
2026-01-14 14:24:22,978 - WARNING - 404 image found | offer_id=29129 | offer_url=https://bryansk.cian.ru/sale/flat/323283923/
2026-01-14 14:24:22,989 - WARNING - 404 image found | offer_id=29142 | offer_url=https://bryansk.cian.ru/sale/flat/321149138/
2026-01-14 14:24:22,989 - WARNING - 404 image found | offer_id=29140 | offer_url=https://bryansk.cian.ru/sale/flat/321372989/
2026-01-14 14:24:22,990 - WARNING - 404 image found | offer_id=29132 | offer_url=https://bryansk.cian.ru/sale/flat/323006862/
2026-01-14 14:24:22,990 - WARNING - 404 image found | offer_id=29138 | offer_url=https://bryansk.cian.ru/sale/flat/321945171/
2026-01-14 14:24:22,990 - WARNING - 404 image found | offer_id=29144 | offer_url=https://bryansk.cian.ru/sale/flat/321089196/
2026-01-14 14:24:22,991 - WARNING - 404 image found | offer_id=29149 | offer_url=https://bryansk.cian.ru/sale/flat/320670148/
2026-01-14 14:24:22,992 - WARNING - 404 image found | offer_id=29136 | offer_url=https://bryansk.cian.ru/sale/flat/322873375/
2026-01-14 14:24:22,995 - WARNING - 404 image found | offer_id=29150 | offer_url=https://bryansk.cian.ru/sale/flat/320178035/
2026-01-14 14:24:22,998 - WARNING - 404 image found | offer_id=29134 | offer_url=https://bryansk.cian.ru/sale/flat/323137409/
2026-01-14 14:24:22,998 - WARNING - 404 image found | offer_id=29133 | offer_url=https://bryansk.cian.ru/sale/flat/322878653/
2026-01-14 14:24:23,000 - WARNING - 404 image found | offer_id=29145 | offer_url=https://bryansk.cian.ru/sale/flat/320994802/
2026-01-14 14:24:23,001 - WARNING - 404 image found | offer_id=29148 | offer_url=https://bryansk.cian.ru/sale/flat/320671865/
2026-01-14 14:24:23,012 - WARNING - 404 image found | offer_id=29075 | offer_url=https://bryansk.cian.ru/sale/flat/320655338/
2026-01-14 14:24:23,027 - WARNING - 404 image found | offer_id=29141 | offer_url=https://bryansk.cian.ru/sale/flat/321226603/
2026-01-14 14:24:23,029 - WARNING - 404 image found | offer_id=29156 | offer_url=https://bryansk.cian.ru/sale/flat/317882301/
2026-01-14 14:24:23,038 - WARNING - 404 image found | offer_id=29152 | offer_url=https://bryansk.cian.ru/sale/flat/319405493/
2026-01-14 14:24:24,041 - WARNING - 404 image found | offer_id=29128 | offer_url=https://bryansk.cian.ru/sale/flat/323458354/
2026-01-14 14:24:24,060 - INFO - checked=500, 404=289, deleted=200, deactivated=0, speed=250.1/s
2026-01-14 14:24:24,060 - INFO - Batch #2, last_id=29156
2026-01-14 14:24:24,083 - WARNING - 404 image found | offer_id=29159 | offer_url=https://bryansk.cian.ru/sale/flat/318033499/
2026-01-14 14:24:24,087 - WARNING - 404 image found | offer_id=29165 | offer_url=https://bryansk.cian.ru/sale/flat/308769619/
2026-01-14 14:24:24,089 - WARNING - 404 image found | offer_id=29180 | offer_url=https://bryansk.cian.ru/sale/flat/321089519/
2026-01-14 14:24:24,089 - WARNING - 404 image found | offer_id=29174 | offer_url=https://bryansk.cian.ru/sale/flat/322574371/
2026-01-14 14:24:24,090 - WARNING - 404 image found | offer_id=29181 | offer_url=https://bryansk.cian.ru/sale/flat/321089197/
2026-01-14 14:24:24,090 - WARNING - 404 image found | offer_id=29172 | offer_url=https://bryansk.cian.ru/sale/flat/322790918/
2026-01-14 14:24:24,092 - WARNING - 404 image found | offer_id=29173 | offer_url=https://bryansk.cian.ru/sale/flat/322871484/
2026-01-14 14:24:24,098 - WARNING - 404 image found | offer_id=29186 | offer_url=https://bryansk.cian.ru/sale/flat/320670149/
2026-01-14 14:24:24,110 - WARNING - 404 image found | offer_id=29170 | offer_url=https://bryansk.cian.ru/sale/flat/322875731/
2026-01-14 14:24:24,111 - WARNING - 404 image found | offer_id=29179 | offer_url=https://bryansk.cian.ru/sale/flat/322006868/
2026-01-14 14:24:24,111 - WARNING - 404 image found | offer_id=29161 | offer_url=https://bryansk.cian.ru/sale/flat/316008653/
2026-01-14 14:24:24,111 - WARNING - 404 image found | offer_id=29183 | offer_url=https://bryansk.cian.ru/sale/flat/320881530/
2026-01-14 14:24:24,112 - WARNING - 404 image found | offer_id=29192 | offer_url=https://bryansk.cian.ru/sale/flat/317882292/
2026-01-14 14:24:24,112 - WARNING - 404 image found | offer_id=29157 | offer_url=https://bryansk.cian.ru/sale/flat/317882294/
2026-01-14 14:24:24,112 - WARNING - 404 image found | offer_id=29168 | offer_url=https://bryansk.cian.ru/sale/flat/323317860/
2026-01-14 14:24:24,113 - WARNING - 404 image found | offer_id=29189 | offer_url=https://bryansk.cian.ru/sale/flat/320178033/
2026-01-14 14:24:24,114 - WARNING - 404 image found | offer_id=29185 | offer_url=https://bryansk.cian.ru/sale/flat/320192158/
2026-01-14 14:24:24,114 - WARNING - 404 image found | offer_id=29191 | offer_url=https://bryansk.cian.ru/sale/flat/317919633/
2026-01-14 14:24:24,115 - WARNING - 404 image found | offer_id=29187 | offer_url=https://bryansk.cian.ru/sale/flat/319804816/
2026-01-14 14:24:24,123 - WARNING - 404 image found | offer_id=29194 | offer_url=https://bryansk.cian.ru/sale/flat/314157200/
2026-01-14 14:24:24,123 - WARNING - 404 image found | offer_id=29188 | offer_url=https://bryansk.cian.ru/sale/flat/318156364/
2026-01-14 14:24:24,124 - WARNING - 404 image found | offer_id=29169 | offer_url=https://bryansk.cian.ru/sale/flat/323080213/
2026-01-14 14:24:24,124 - WARNING - 404 image found | offer_id=29195 | offer_url=https://bryansk.cian.ru/sale/flat/313476930/
2026-01-14 14:24:24,125 - WARNING - 404 image found | offer_id=29184 | offer_url=https://bryansk.cian.ru/sale/flat/320671866/
2026-01-14 14:24:24,126 - WARNING - 404 image found | offer_id=29166 | offer_url=https://bryansk.cian.ru/sale/flat/323405375/
2026-01-14 14:24:24,134 - WARNING - 404 image found | offer_id=29213 | offer_url=https://bryansk.cian.ru/sale/flat/322557866/
2026-01-14 14:24:24,136 - WARNING - 404 image found | offer_id=29207 | offer_url=https://bryansk.cian.ru/sale/flat/323338340/
2026-01-14 14:24:24,137 - WARNING - 404 image found | offer_id=29208 | offer_url=https://bryansk.cian.ru/sale/flat/323300316/
2026-01-14 14:24:24,139 - WARNING - 404 image found | offer_id=29190 | offer_url=https://bryansk.cian.ru/sale/flat/317882300/
2026-01-14 14:24:24,142 - WARNING - 404 image found | offer_id=29201 | offer_url=https://bryansk.cian.ru/sale/flat/309572894/
2026-01-14 14:24:24,145 - WARNING - 404 image found | offer_id=29199 | offer_url=https://bryansk.cian.ru/sale/flat/312869862/
2026-01-14 14:24:24,147 - WARNING - 404 image found | offer_id=29209 | offer_url=https://bryansk.cian.ru/sale/flat/322878668/
2026-01-14 14:24:24,148 - WARNING - 404 image found | offer_id=29198 | offer_url=https://bryansk.cian.ru/sale/flat/312759457/
2026-01-14 14:24:24,148 - WARNING - 404 image found | offer_id=29218 | offer_url=https://bryansk.cian.ru/sale/flat/321820777/
2026-01-14 14:24:24,149 - WARNING - 404 image found | offer_id=29171 | offer_url=https://bryansk.cian.ru/sale/flat/323351944/
2026-01-14 14:24:24,150 - WARNING - 404 image found | offer_id=29216 | offer_url=https://bryansk.cian.ru/sale/flat/321953632/
2026-01-14 14:24:24,150 - WARNING - 404 image found | offer_id=29196 | offer_url=https://bryansk.cian.ru/sale/flat/314774667/
2026-01-14 14:24:24,151 - WARNING - 404 image found | offer_id=29217 | offer_url=https://bryansk.cian.ru/sale/flat/322302550/
2026-01-14 14:24:24,156 - WARNING - 404 image found | offer_id=29215 | offer_url=https://bryansk.cian.ru/sale/flat/322336187/
2026-01-14 14:24:24,164 - WARNING - 404 image found | offer_id=29227 | offer_url=https://bryansk.cian.ru/sale/flat/321011423/
2026-01-14 14:24:24,166 - WARNING - 404 image found | offer_id=29221 | offer_url=https://bryansk.cian.ru/sale/flat/321711947/
2026-01-14 14:24:24,168 - WARNING - 404 image found | offer_id=29230 | offer_url=https://bryansk.cian.ru/sale/flat/320671867/
2026-01-14 14:24:24,168 - WARNING - 404 image found | offer_id=29239 | offer_url=https://bryansk.cian.ru/sale/flat/317882298/
2026-01-14 14:24:24,171 - WARNING - 404 image found | offer_id=29235 | offer_url=https://bryansk.cian.ru/sale/flat/318872944/
2026-01-14 14:24:24,173 - WARNING - 404 image found | offer_id=29223 | offer_url=https://bryansk.cian.ru/sale/flat/321693903/
2026-01-14 14:24:24,173 - WARNING - 404 image found | offer_id=29206 | offer_url=https://bryansk.cian.ru/sale/flat/323336136/
2026-01-14 14:24:24,173 - WARNING - 404 image found | offer_id=29244 | offer_url=https://bryansk.cian.ru/sale/flat/312355124/
2026-01-14 14:24:24,174 - WARNING - 404 image found | offer_id=29237 | offer_url=https://bryansk.cian.ru/sale/flat/318018534/
2026-01-14 14:24:24,174 - WARNING - 404 image found | offer_id=29238 | offer_url=https://bryansk.cian.ru/sale/flat/317919632/
2026-01-14 14:24:24,184 - WARNING - 404 image found | offer_id=29228 | offer_url=https://bryansk.cian.ru/sale/flat/320881531/
2026-01-14 14:24:24,190 - WARNING - 404 image found | offer_id=29251 | offer_url=https://bryansk.cian.ru/sale/flat/323298518/
2026-01-14 14:24:24,191 - WARNING - 404 image found | offer_id=29245 | offer_url=https://bryansk.cian.ru/sale/flat/309934453/
2026-01-14 14:24:24,193 - WARNING - 404 image found | offer_id=29261 | offer_url=https://bryansk.cian.ru/sale/flat/322310290/
2026-01-14 14:24:24,196 - WARNING - 404 image found | offer_id=29234 | offer_url=https://bryansk.cian.ru/sale/flat/318838795/
2026-01-14 14:24:24,196 - WARNING - 404 image found | offer_id=29262 | offer_url=https://bryansk.cian.ru/sale/flat/322237448/
2026-01-14 14:24:24,199 - WARNING - 404 image found | offer_id=29241 | offer_url=https://bryansk.cian.ru/sale/flat/316896762/
2026-01-14 14:24:24,201 - WARNING - 404 image found | offer_id=29236 | offer_url=https://bryansk.cian.ru/sale/flat/318033086/
2026-01-14 14:24:24,208 - WARNING - 404 image found | offer_id=29205 | offer_url=https://bryansk.cian.ru/sale/flat/305324195/
2026-01-14 14:24:24,209 - WARNING - 404 image found | offer_id=29266 | offer_url=https://bryansk.cian.ru/sale/flat/321793149/
2026-01-14 14:24:24,212 - WARNING - 404 image found | offer_id=29277 | offer_url=https://bryansk.cian.ru/sale/flat/320433872/
2026-01-14 14:24:24,213 - WARNING - 404 image found | offer_id=29278 | offer_url=https://bryansk.cian.ru/sale/flat/320434200/
2026-01-14 14:24:24,214 - WARNING - 404 image found | offer_id=29276 | offer_url=https://bryansk.cian.ru/sale/flat/320670151/
2026-01-14 14:24:24,216 - WARNING - 404 image found | offer_id=29275 | offer_url=https://bryansk.cian.ru/sale/flat/320671868/
2026-01-14 14:24:24,217 - WARNING - 404 image found | offer_id=29270 | offer_url=https://bryansk.cian.ru/sale/flat/321050418/
2026-01-14 14:24:24,222 - WARNING - 404 image found | offer_id=29283 | offer_url=https://bryansk.cian.ru/sale/flat/320178028/
2026-01-14 14:24:24,224 - WARNING - 404 image found | offer_id=29267 | offer_url=https://bryansk.cian.ru/sale/flat/321743749/
2026-01-14 14:24:24,225 - WARNING - 404 image found | offer_id=29280 | offer_url=https://bryansk.cian.ru/sale/flat/320373708/
2026-01-14 14:24:24,227 - WARNING - 404 image found | offer_id=29249 | offer_url=https://bryansk.cian.ru/sale/flat/323484794/
2026-01-14 14:24:24,231 - WARNING - 404 image found | offer_id=29289 | offer_url=https://bryansk.cian.ru/sale/flat/319819704/
2026-01-14 14:24:24,235 - WARNING - 404 image found | offer_id=29252 | offer_url=https://bryansk.cian.ru/sale/flat/323237519/
2026-01-14 14:24:24,238 - WARNING - 404 image found | offer_id=29290 | offer_url=https://bryansk.cian.ru/sale/flat/318651439/
2026-01-14 14:24:24,241 - WARNING - 404 image found | offer_id=29285 | offer_url=https://bryansk.cian.ru/sale/flat/320044333/
2026-01-14 14:24:24,243 - WARNING - 404 image found | offer_id=29299 | offer_url=https://bryansk.cian.ru/sale/flat/312810239/
2026-01-14 14:24:24,244 - WARNING - 404 image found | offer_id=29296 | offer_url=https://bryansk.cian.ru/sale/flat/313723579/
2026-01-14 14:24:24,245 - WARNING - 404 image found | offer_id=29294 | offer_url=https://bryansk.cian.ru/sale/flat/318076032/
2026-01-14 14:24:24,246 - WARNING - 404 image found | offer_id=29259 | offer_url=https://bryansk.cian.ru/sale/flat/322807460/
2026-01-14 14:24:24,248 - WARNING - 404 image found | offer_id=29265 | offer_url=https://bryansk.cian.ru/sale/flat/322290982/
2026-01-14 14:24:24,249 - WARNING - 404 image found | offer_id=29300 | offer_url=https://bryansk.cian.ru/sale/flat/310830928/
2026-01-14 14:24:24,250 - WARNING - 404 image found | offer_id=29297 | offer_url=https://bryansk.cian.ru/sale/flat/314860452/
2026-01-14 14:24:24,252 - WARNING - 404 image found | offer_id=29264 | offer_url=https://bryansk.cian.ru/sale/flat/321912100/
2026-01-14 14:24:24,252 - WARNING - 404 image found | offer_id=29305 | offer_url=https://bryansk.cian.ru/sale/flat/284842255/
2026-01-14 14:24:24,253 - WARNING - 404 image found | offer_id=29295 | offer_url=https://bryansk.cian.ru/sale/flat/316347489/
2026-01-14 14:24:24,253 - WARNING - 404 image found | offer_id=29301 | offer_url=https://bryansk.cian.ru/sale/flat/308937711/
2026-01-14 14:24:24,255 - WARNING - 404 image found | offer_id=29255 | offer_url=https://bryansk.cian.ru/sale/flat/323013908/
2026-01-14 14:24:24,256 - WARNING - 404 image found | offer_id=29307 | offer_url=https://bryansk.cian.ru/sale/flat/323570658/
2026-01-14 14:24:24,265 - WARNING - 404 image found | offer_id=29314 | offer_url=https://bryansk.cian.ru/sale/flat/322249721/
2026-01-14 14:24:24,266 - WARNING - 404 image found | offer_id=29310 | offer_url=https://bryansk.cian.ru/sale/flat/323343117/
2026-01-14 14:24:24,272 - WARNING - 404 image found | offer_id=29312 | offer_url=https://bryansk.cian.ru/sale/flat/322490124/
2026-01-14 14:24:24,274 - WARNING - 404 image found | offer_id=29315 | offer_url=https://bryansk.cian.ru/sale/flat/321563923/
2026-01-14 14:24:24,276 - WARNING - 404 image found | offer_id=29316 | offer_url=https://bryansk.cian.ru/sale/flat/321451173/
2026-01-14 14:24:24,276 - WARNING - 404 image found | offer_id=29306 | offer_url=https://bryansk.cian.ru/sale/flat/323576385/
2026-01-14 14:24:24,277 - WARNING - 404 image found | offer_id=29311 | offer_url=https://bryansk.cian.ru/sale/flat/323171725/
2026-01-14 14:24:24,280 - WARNING - 404 image found | offer_id=29317 | offer_url=https://bryansk.cian.ru/sale/flat/321089522/
2026-01-14 14:24:24,289 - WARNING - 404 image found | offer_id=29318 | offer_url=https://bryansk.cian.ru/sale/flat/321089199/
2026-01-14 14:24:24,291 - WARNING - 404 image found | offer_id=29328 | offer_url=https://bryansk.cian.ru/sale/flat/316943038/
2026-01-14 14:24:24,292 - WARNING - 404 image found | offer_id=29332 | offer_url=https://bryansk.cian.ru/sale/flat/309810561/
2026-01-14 14:24:24,292 - WARNING - 404 image found | offer_id=29331 | offer_url=https://bryansk.cian.ru/sale/flat/311993852/
2026-01-14 14:24:24,293 - WARNING - 404 image found | offer_id=29322 | offer_url=https://bryansk.cian.ru/sale/flat/321137369/
2026-01-14 14:24:24,296 - WARNING - 404 image found | offer_id=29329 | offer_url=https://bryansk.cian.ru/sale/flat/312991259/
2026-01-14 14:24:24,298 - WARNING - 404 image found | offer_id=29302 | offer_url=https://bryansk.cian.ru/sale/flat/304790044/
2026-01-14 14:24:24,300 - WARNING - 404 image found | offer_id=29333 | offer_url=https://bryansk.cian.ru/sale/flat/311673654/
2026-01-14 14:24:24,305 - WARNING - 404 image found | offer_id=29339 | offer_url=https://bryansk.cian.ru/sale/flat/322930156/
2026-01-14 14:24:24,305 - WARNING - 404 image found | offer_id=29273 | offer_url=https://bryansk.cian.ru/sale/flat/320881532/
2026-01-14 14:24:24,309 - WARNING - 404 image found | offer_id=29337 | offer_url=https://bryansk.cian.ru/sale/flat/323392082/
2026-01-14 14:24:24,310 - WARNING - 404 image found | offer_id=29343 | offer_url=https://bryansk.cian.ru/sale/flat/322185568/
2026-01-14 14:24:24,311 - WARNING - 404 image found | offer_id=29345 | offer_url=https://bryansk.cian.ru/sale/flat/322154825/
2026-01-14 14:24:24,312 - WARNING - 404 image found | offer_id=29349 | offer_url=https://bryansk.cian.ru/sale/flat/321083658/
2026-01-14 14:24:24,313 - WARNING - 404 image found | offer_id=29320 | offer_url=https://bryansk.cian.ru/sale/flat/320434201/
2026-01-14 14:24:24,319 - WARNING - 404 image found | offer_id=29348 | offer_url=https://bryansk.cian.ru/sale/flat/321089200/
2026-01-14 14:24:24,322 - WARNING - 404 image found | offer_id=29293 | offer_url=https://bryansk.cian.ru/sale/flat/316795279/
2026-01-14 14:24:24,337 - WARNING - 404 image found | offer_id=29325 | offer_url=https://bryansk.cian.ru/sale/flat/317930127/
2026-01-14 14:24:24,338 - WARNING - 404 image found | offer_id=29361 | offer_url=https://bryansk.cian.ru/sale/flat/321089525/
2026-01-14 14:24:24,339 - WARNING - 404 image found | offer_id=29360 | offer_url=https://bryansk.cian.ru/sale/flat/321089201/
2026-01-14 14:24:24,341 - WARNING - 404 image found | offer_id=29358 | offer_url=https://bryansk.cian.ru/sale/flat/322565521/
2026-01-14 14:24:24,343 - WARNING - 404 image found | offer_id=29363 | offer_url=https://bryansk.cian.ru/sale/flat/320881533/
2026-01-14 14:24:24,349 - WARNING - 404 image found | offer_id=29362 | offer_url=https://bryansk.cian.ru/sale/flat/323004628/
2026-01-14 14:24:24,355 - WARNING - 404 image found | offer_id=29350 | offer_url=https://bryansk.cian.ru/sale/flat/319884410/
2026-01-14 14:24:24,357 - WARNING - 404 image found | offer_id=29352 | offer_url=https://bryansk.cian.ru/sale/flat/319081073/
2026-01-14 14:24:24,358 - WARNING - 404 image found | offer_id=29372 | offer_url=https://bryansk.cian.ru/sale/flat/318033090/
2026-01-14 14:24:24,359 - WARNING - 404 image found | offer_id=29370 | offer_url=https://bryansk.cian.ru/sale/flat/319778064/
2026-01-14 14:24:24,360 - WARNING - 404 image found | offer_id=29375 | offer_url=https://bryansk.cian.ru/sale/flat/312798563/
2026-01-14 14:24:24,363 - WARNING - 404 image found | offer_id=29371 | offer_url=https://bryansk.cian.ru/sale/flat/320433874/
2026-01-14 14:24:24,364 - WARNING - 404 image found | offer_id=29368 | offer_url=https://bryansk.cian.ru/sale/flat/320434202/
2026-01-14 14:24:24,371 - WARNING - 404 image found | offer_id=29377 | offer_url=https://bryansk.cian.ru/sale/flat/318779141/
2026-01-14 14:24:24,373 - WARNING - 404 image found | offer_id=29385 | offer_url=https://bryansk.cian.ru/sale/flat/321089203/
2026-01-14 14:24:24,379 - WARNING - 404 image found | offer_id=29387 | offer_url=https://bryansk.cian.ru/sale/flat/320433875/
2026-01-14 14:24:24,379 - WARNING - 404 image found | offer_id=29382 | offer_url=https://bryansk.cian.ru/sale/flat/323087261/
2026-01-14 14:24:24,380 - WARNING - 404 image found | offer_id=29379 | offer_url=https://bryansk.cian.ru/sale/flat/323461382/
2026-01-14 14:24:24,380 - WARNING - 404 image found | offer_id=29390 | offer_url=https://bryansk.cian.ru/sale/flat/318118484/
2026-01-14 14:24:24,382 - WARNING - 404 image found | offer_id=29357 | offer_url=https://bryansk.cian.ru/sale/flat/321100557/
2026-01-14 14:24:24,383 - WARNING - 404 image found | offer_id=29395 | offer_url=https://bryansk.cian.ru/sale/flat/318076038/
2026-01-14 14:24:24,384 - WARNING - 404 image found | offer_id=29389 | offer_url=https://bryansk.cian.ru/sale/flat/320434203/
2026-01-14 14:24:24,385 - WARNING - 404 image found | offer_id=29391 | offer_url=https://bryansk.cian.ru/sale/flat/320178027/
2026-01-14 14:24:24,398 - WARNING - 404 image found | offer_id=29384 | offer_url=https://bryansk.cian.ru/sale/flat/321089526/
2026-01-14 14:24:24,398 - WARNING - 404 image found | offer_id=29279 | offer_url=https://bryansk.cian.ru/sale/flat/320373715/
2026-01-14 14:24:24,398 - WARNING - 404 image found | offer_id=29398 | offer_url=https://bryansk.cian.ru/sale/flat/323393533/
2026-01-14 14:24:24,398 - WARNING - 404 image found | offer_id=29355 | offer_url=https://bryansk.cian.ru/sale/flat/318231430/
2026-01-14 14:24:24,399 - WARNING - 404 image found | offer_id=29335 | offer_url=https://bryansk.cian.ru/sale/flat/299233584/
2026-01-14 14:24:24,400 - WARNING - 404 image found | offer_id=29404 | offer_url=https://bryansk.cian.ru/sale/flat/321089204/
2026-01-14 14:24:24,401 - WARNING - 404 image found | offer_id=29400 | offer_url=https://bryansk.cian.ru/sale/flat/322737992/
2026-01-14 14:24:24,403 - WARNING - 404 image found | offer_id=29409 | offer_url=https://bryansk.cian.ru/sale/flat/318076047/
2026-01-14 14:24:24,404 - WARNING - 404 image found | offer_id=29401 | offer_url=https://bryansk.cian.ru/sale/flat/321858733/
2026-01-14 14:24:24,413 - WARNING - 404 image found | offer_id=29408 | offer_url=https://bryansk.cian.ru/sale/flat/321022850/
2026-01-14 14:24:24,416 - WARNING - 404 image found | offer_id=29405 | offer_url=https://bryansk.cian.ru/sale/flat/321182695/
2026-01-14 14:24:24,421 - WARNING - 404 image found | offer_id=29402 | offer_url=https://bryansk.cian.ru/sale/flat/321702712/
2026-01-14 14:24:24,424 - WARNING - 404 image found | offer_id=29411 | offer_url=https://bryansk.cian.ru/sale/flat/320433876/
2026-01-14 14:24:24,424 - WARNING - 404 image found | offer_id=29399 | offer_url=https://bryansk.cian.ru/sale/flat/323068778/
2026-01-14 14:24:24,425 - WARNING - 404 image found | offer_id=29344 | offer_url=https://bryansk.cian.ru/sale/flat/322155795/
2026-01-14 14:24:24,425 - WARNING - 404 image found | offer_id=29412 | offer_url=https://bryansk.cian.ru/sale/flat/320434205/
2026-01-14 14:24:24,426 - WARNING - 404 image found | offer_id=29419 | offer_url=https://bryansk.cian.ru/sale/flat/322969979/
2026-01-14 14:24:24,426 - WARNING - 404 image found | offer_id=29394 | offer_url=https://bryansk.cian.ru/sale/flat/314157232/
2026-01-14 14:24:24,429 - WARNING - 404 image found | offer_id=29413 | offer_url=https://bryansk.cian.ru/sale/flat/318637401/
2026-01-14 14:24:24,434 - WARNING - 404 image found | offer_id=29421 | offer_url=https://bryansk.cian.ru/sale/flat/321978937/
2026-01-14 14:24:24,434 - WARNING - 404 image found | offer_id=29388 | offer_url=https://bryansk.cian.ru/sale/flat/320178031/
2026-01-14 14:24:24,435 - WARNING - 404 image found | offer_id=29406 | offer_url=https://bryansk.cian.ru/sale/flat/321056852/
2026-01-14 14:24:24,436 - WARNING - 404 image found | offer_id=29403 | offer_url=https://bryansk.cian.ru/sale/flat/321089528/
2026-01-14 14:24:24,436 - WARNING - 404 image found | offer_id=29354 | offer_url=https://bryansk.cian.ru/sale/flat/314287601/
2026-01-14 14:24:24,440 - WARNING - 404 image found | offer_id=29418 | offer_url=https://bryansk.cian.ru/sale/flat/322529973/
2026-01-14 14:24:24,441 - WARNING - 404 image found | offer_id=29430 | offer_url=https://bryansk.cian.ru/sale/flat/318286161/
2026-01-14 14:24:24,443 - WARNING - 404 image found | offer_id=29417 | offer_url=https://bryansk.cian.ru/sale/flat/322981106/
2026-01-14 14:24:24,451 - WARNING - 404 image found | offer_id=29435 | offer_url=https://bryansk.cian.ru/sale/flat/321089207/
2026-01-14 14:24:24,451 - WARNING - 404 image found | offer_id=29426 | offer_url=https://bryansk.cian.ru/sale/flat/321089205/
2026-01-14 14:24:24,454 - WARNING - 404 image found | offer_id=29432 | offer_url=https://bryansk.cian.ru/sale/flat/320433878/
2026-01-14 14:24:24,454 - WARNING - 404 image found | offer_id=29427 | offer_url=https://bryansk.cian.ru/sale/flat/318033500/
2026-01-14 14:24:24,466 - WARNING - 404 image found | offer_id=29429 | offer_url=https://bryansk.cian.ru/sale/flat/320881537/
2026-01-14 14:24:24,467 - WARNING - 404 image found | offer_id=29443 | offer_url=https://bryansk.cian.ru/sale/flat/320178032/
2026-01-14 14:24:24,468 - WARNING - 404 image found | offer_id=29437 | offer_url=https://bryansk.cian.ru/sale/flat/320881538/
2026-01-14 14:24:24,468 - WARNING - 404 image found | offer_id=29450 | offer_url=https://bryansk.cian.ru/sale/flat/320881539/
2026-01-14 14:24:24,469 - WARNING - 404 image found | offer_id=29444 | offer_url=https://bryansk.cian.ru/sale/flat/318119728/
2026-01-14 14:24:24,473 - WARNING - 404 image found | offer_id=29440 | offer_url=https://bryansk.cian.ru/sale/flat/320361753/
2026-01-14 14:24:24,478 - WARNING - 404 image found | offer_id=29446 | offer_url=https://bryansk.cian.ru/sale/flat/319342539/
2026-01-14 14:24:24,479 - WARNING - 404 image found | offer_id=29424 | offer_url=https://bryansk.cian.ru/sale/flat/318077505/
2026-01-14 14:24:24,480 - WARNING - 404 image found | offer_id=29448 | offer_url=https://bryansk.cian.ru/sale/flat/322829798/
2026-01-14 14:24:24,481 - WARNING - 404 image found | offer_id=29442 | offer_url=https://bryansk.cian.ru/sale/flat/320280704/
2026-01-14 14:24:24,482 - WARNING - 404 image found | offer_id=29423 | offer_url=https://bryansk.cian.ru/sale/flat/321089529/
2026-01-14 14:24:24,484 - WARNING - 404 image found | offer_id=29458 | offer_url=https://bryansk.cian.ru/sale/flat/323573184/
2026-01-14 14:24:24,489 - WARNING - 404 image found | offer_id=29455 | offer_url=https://bryansk.cian.ru/sale/flat/292666510/
2026-01-14 14:24:24,490 - WARNING - 404 image found | offer_id=29378 | offer_url=https://bryansk.cian.ru/sale/flat/320843565/
2026-01-14 14:24:24,492 - WARNING - 404 image found | offer_id=29465 | offer_url=https://bryansk.cian.ru/sale/flat/323227408/
2026-01-14 14:24:24,493 - WARNING - 404 image found | offer_id=29454 | offer_url=https://bryansk.cian.ru/sale/flat/320881540/
2026-01-14 14:24:24,494 - WARNING - 404 image found | offer_id=29463 | offer_url=https://bryansk.cian.ru/sale/flat/322878663/
2026-01-14 14:24:24,496 - WARNING - 404 image found | offer_id=29468 | offer_url=https://bryansk.cian.ru/sale/flat/322878636/
2026-01-14 14:24:24,498 - WARNING - 404 image found | offer_id=29461 | offer_url=https://bryansk.cian.ru/sale/flat/323252959/
2026-01-14 14:24:24,498 - WARNING - 404 image found | offer_id=29441 | offer_url=https://bryansk.cian.ru/sale/flat/318076037/
2026-01-14 14:24:24,501 - WARNING - 404 image found | offer_id=29460 | offer_url=https://bryansk.cian.ru/sale/flat/323356815/
2026-01-14 14:24:24,506 - WARNING - 404 image found | offer_id=29464 | offer_url=https://bryansk.cian.ru/sale/flat/322834915/
2026-01-14 14:24:24,507 - WARNING - 404 image found | offer_id=29477 | offer_url=https://bryansk.cian.ru/sale/flat/322470297/
2026-01-14 14:24:24,511 - WARNING - 404 image found | offer_id=29462 | offer_url=https://bryansk.cian.ru/sale/flat/323151944/
2026-01-14 14:24:24,514 - WARNING - 404 image found | offer_id=29485 | offer_url=https://bryansk.cian.ru/sale/flat/321746130/
2026-01-14 14:24:24,516 - WARNING - 404 image found | offer_id=29480 | offer_url=https://bryansk.cian.ru/sale/flat/321746298/
2026-01-14 14:24:24,521 - WARNING - 404 image found | offer_id=29478 | offer_url=https://bryansk.cian.ru/sale/flat/322757655/
2026-01-14 14:24:24,523 - WARNING - 404 image found | offer_id=29487 | offer_url=https://bryansk.cian.ru/sale/flat/321666950/
2026-01-14 14:24:24,524 - WARNING - 404 image found | offer_id=29456 | offer_url=https://bryansk.cian.ru/sale/flat/320881541/
2026-01-14 14:24:24,534 - WARNING - 404 image found | offer_id=29428 | offer_url=https://bryansk.cian.ru/sale/flat/320434206/
2026-01-14 14:24:24,534 - WARNING - 404 image found | offer_id=29495 | offer_url=https://bryansk.cian.ru/sale/flat/320710472/
2026-01-14 14:24:24,534 - WARNING - 404 image found | offer_id=29494 | offer_url=https://bryansk.cian.ru/sale/flat/320687087/
2026-01-14 14:24:24,534 - WARNING - 404 image found | offer_id=29466 | offer_url=https://bryansk.cian.ru/sale/flat/323092244/
2026-01-14 14:24:24,536 - WARNING - 404 image found | offer_id=29445 | offer_url=https://bryansk.cian.ru/sale/flat/320178014/
2026-01-14 14:24:24,536 - WARNING - 404 image found | offer_id=29493 | offer_url=https://bryansk.cian.ru/sale/flat/320948308/
2026-01-14 14:24:24,536 - WARNING - 404 image found | offer_id=29472 | offer_url=https://bryansk.cian.ru/sale/flat/322167733/
2026-01-14 14:24:24,536 - WARNING - 404 image found | offer_id=29490 | offer_url=https://bryansk.cian.ru/sale/flat/321283194/
2026-01-14 14:24:24,546 - WARNING - 404 image found | offer_id=29498 | offer_url=https://bryansk.cian.ru/sale/flat/320519769/
2026-01-14 14:24:24,546 - WARNING - 404 image found | offer_id=29486 | offer_url=https://bryansk.cian.ru/sale/flat/321657196/
2026-01-14 14:24:24,547 - WARNING - 404 image found | offer_id=29502 | offer_url=https://bryansk.cian.ru/sale/flat/319977269/
2026-01-14 14:24:24,547 - WARNING - 404 image found | offer_id=29499 | offer_url=https://bryansk.cian.ru/sale/flat/320516648/
2026-01-14 14:24:24,547 - WARNING - 404 image found | offer_id=29470 | offer_url=https://bryansk.cian.ru/sale/flat/322878977/
2026-01-14 14:24:24,550 - WARNING - 404 image found | offer_id=29497 | offer_url=https://bryansk.cian.ru/sale/flat/320509763/
2026-01-14 14:24:24,561 - WARNING - 404 image found | offer_id=29508 | offer_url=https://bryansk.cian.ru/sale/flat/319895933/
2026-01-14 14:24:24,563 - WARNING - 404 image found | offer_id=29512 | offer_url=https://bryansk.cian.ru/sale/flat/319451233/
2026-01-14 14:24:24,564 - WARNING - 404 image found | offer_id=29496 | offer_url=https://bryansk.cian.ru/sale/flat/320685564/
2026-01-14 14:24:24,567 - WARNING - 404 image found | offer_id=29517 | offer_url=https://bryansk.cian.ru/sale/flat/318463798/
2026-01-14 14:24:24,568 - WARNING - 404 image found | offer_id=29505 | offer_url=https://bryansk.cian.ru/sale/flat/319451229/
2026-01-14 14:24:24,571 - WARNING - 404 image found | offer_id=29528 | offer_url=https://bryansk.cian.ru/sale/flat/318356596/
2026-01-14 14:24:24,572 - WARNING - 404 image found | offer_id=29518 | offer_url=https://bryansk.cian.ru/sale/flat/318701266/
2026-01-14 14:24:24,579 - WARNING - 404 image found | offer_id=29525 | offer_url=https://bryansk.cian.ru/sale/flat/317620325/
2026-01-14 14:24:24,579 - WARNING - 404 image found | offer_id=29526 | offer_url=https://bryansk.cian.ru/sale/flat/318402422/
2026-01-14 14:24:24,580 - WARNING - 404 image found | offer_id=29506 | offer_url=https://bryansk.cian.ru/sale/flat/319977271/
2026-01-14 14:24:24,581 - WARNING - 404 image found | offer_id=29519 | offer_url=https://bryansk.cian.ru/sale/flat/318466531/
2026-01-14 14:24:24,584 - WARNING - 404 image found | offer_id=29532 | offer_url=https://bryansk.cian.ru/sale/flat/317925963/
2026-01-14 14:24:24,585 - WARNING - 404 image found | offer_id=29524 | offer_url=https://bryansk.cian.ru/sale/flat/318463796/
2026-01-14 14:24:24,588 - WARNING - 404 image found | offer_id=29484 | offer_url=https://bryansk.cian.ru/sale/flat/322112912/
2026-01-14 14:24:24,592 - WARNING - 404 image found | offer_id=29530 | offer_url=https://bryansk.cian.ru/sale/flat/318084222/
2026-01-14 14:24:24,597 - WARNING - 404 image found | offer_id=29536 | offer_url=https://bryansk.cian.ru/sale/flat/318019311/
2026-01-14 14:24:24,602 - WARNING - 404 image found | offer_id=29545 | offer_url=https://bryansk.cian.ru/sale/flat/317406681/
2026-01-14 14:24:24,603 - WARNING - 404 image found | offer_id=29537 | offer_url=https://bryansk.cian.ru/sale/flat/318402977/
2026-01-14 14:24:24,603 - WARNING - 404 image found | offer_id=29543 | offer_url=https://bryansk.cian.ru/sale/flat/317405577/
2026-01-14 14:24:24,610 - WARNING - 404 image found | offer_id=29547 | offer_url=https://bryansk.cian.ru/sale/flat/317268469/
2026-01-14 14:24:24,610 - WARNING - 404 image found | offer_id=29509 | offer_url=https://bryansk.cian.ru/sale/flat/319785775/
2026-01-14 14:24:24,611 - WARNING - 404 image found | offer_id=29539 | offer_url=https://bryansk.cian.ru/sale/flat/318331520/
2026-01-14 14:24:24,612 - WARNING - 404 image found | offer_id=29546 | offer_url=https://bryansk.cian.ru/sale/flat/317000949/
2026-01-14 14:24:24,614 - WARNING - 404 image found | offer_id=29548 | offer_url=https://bryansk.cian.ru/sale/flat/317268305/
2026-01-14 14:24:24,615 - WARNING - 404 image found | offer_id=29531 | offer_url=https://bryansk.cian.ru/sale/flat/317863673/
2026-01-14 14:24:24,617 - WARNING - 404 image found | offer_id=29549 | offer_url=https://bryansk.cian.ru/sale/flat/317268239/
2026-01-14 14:24:24,619 - WARNING - 404 image found | offer_id=29534 | offer_url=https://bryansk.cian.ru/sale/flat/317902263/
2026-01-14 14:24:24,623 - WARNING - 404 image found | offer_id=29554 | offer_url=https://bryansk.cian.ru/sale/flat/316943699/
2026-01-14 14:24:24,624 - WARNING - 404 image found | offer_id=29551 | offer_url=https://bryansk.cian.ru/sale/flat/317267191/
2026-01-14 14:24:24,625 - WARNING - 404 image found | offer_id=29553 | offer_url=https://bryansk.cian.ru/sale/flat/316944416/
2026-01-14 14:24:24,626 - WARNING - 404 image found | offer_id=29556 | offer_url=https://bryansk.cian.ru/sale/flat/316943244/
2026-01-14 14:24:24,626 - WARNING - 404 image found | offer_id=29555 | offer_url=https://bryansk.cian.ru/sale/flat/316889644/
2026-01-14 14:24:24,631 - WARNING - 404 image found | offer_id=29550 | offer_url=https://bryansk.cian.ru/sale/flat/317268643/
2026-01-14 14:24:24,640 - WARNING - 404 image found | offer_id=29563 | offer_url=https://bryansk.cian.ru/sale/flat/316224562/
2026-01-14 14:24:24,640 - WARNING - 404 image found | offer_id=29557 | offer_url=https://bryansk.cian.ru/sale/flat/316247619/
2026-01-14 14:24:24,642 - WARNING - 404 image found | offer_id=29573 | offer_url=https://bryansk.cian.ru/sale/flat/311156567/
2026-01-14 14:24:24,646 - WARNING - 404 image found | offer_id=29565 | offer_url=https://bryansk.cian.ru/sale/flat/312710436/
2026-01-14 14:24:24,646 - WARNING - 404 image found | offer_id=29564 | offer_url=https://bryansk.cian.ru/sale/flat/313557447/
2026-01-14 14:24:24,646 - WARNING - 404 image found | offer_id=29523 | offer_url=https://bryansk.cian.ru/sale/flat/318356272/
2026-01-14 14:24:24,651 - WARNING - 404 image found | offer_id=29572 | offer_url=https://bryansk.cian.ru/sale/flat/311156690/
2026-01-14 14:24:24,652 - WARNING - 404 image found | offer_id=29575 | offer_url=https://bryansk.cian.ru/sale/flat/311098098/
2026-01-14 14:24:24,655 - WARNING - 404 image found | offer_id=29510 | offer_url=https://bryansk.cian.ru/sale/flat/319451231/
2026-01-14 14:24:24,657 - WARNING - 404 image found | offer_id=29571 | offer_url=https://bryansk.cian.ru/sale/flat/311475743/
2026-01-14 14:24:24,657 - WARNING - 404 image found | offer_id=29578 | offer_url=https://bryansk.cian.ru/sale/flat/311157014/
2026-01-14 14:24:24,660 - WARNING - 404 image found | offer_id=29542 | offer_url=https://bryansk.cian.ru/sale/flat/317446090/
2026-01-14 14:24:24,664 - WARNING - 404 image found | offer_id=29583 | offer_url=https://bryansk.cian.ru/sale/flat/309703070/
2026-01-14 14:24:24,672 - WARNING - 404 image found | offer_id=29592 | offer_url=https://bryansk.cian.ru/sale/flat/308534678/
2026-01-14 14:24:24,674 - WARNING - 404 image found | offer_id=29552 | offer_url=https://bryansk.cian.ru/sale/flat/316772325/
2026-01-14 14:24:24,678 - WARNING - 404 image found | offer_id=29587 | offer_url=https://bryansk.cian.ru/sale/flat/308703082/
2026-01-14 14:24:24,683 - WARNING - 404 image found | offer_id=29586 | offer_url=https://bryansk.cian.ru/sale/flat/308931581/
2026-01-14 14:24:24,685 - WARNING - 404 image found | offer_id=29581 | offer_url=https://bryansk.cian.ru/sale/flat/310830735/
2026-01-14 14:24:24,695 - WARNING - 404 image found | offer_id=29611 | offer_url=https://bryansk.cian.ru/sale/flat/323244518/
2026-01-14 14:24:24,698 - WARNING - 404 image found | offer_id=29616 | offer_url=https://bryansk.cian.ru/sale/flat/323041302/
2026-01-14 14:24:24,700 - WARNING - 404 image found | offer_id=29603 | offer_url=https://bryansk.cian.ru/sale/flat/323519179/
2026-01-14 14:24:24,700 - WARNING - 404 image found | offer_id=29606 | offer_url=https://bryansk.cian.ru/sale/flat/323390030/
2026-01-14 14:24:24,701 - WARNING - 404 image found | offer_id=29618 | offer_url=https://bryansk.cian.ru/sale/flat/322021185/
2026-01-14 14:24:24,701 - WARNING - 404 image found | offer_id=29521 | offer_url=https://bryansk.cian.ru/sale/flat/318463800/
2026-01-14 14:24:24,702 - WARNING - 404 image found | offer_id=29608 | offer_url=https://bryansk.cian.ru/sale/flat/323232250/
2026-01-14 14:24:24,705 - WARNING - 404 image found | offer_id=29607 | offer_url=https://bryansk.cian.ru/sale/flat/323392083/
2026-01-14 14:24:24,706 - WARNING - 404 image found | offer_id=29620 | offer_url=https://bryansk.cian.ru/sale/flat/322847243/
2026-01-14 14:24:24,716 - WARNING - 404 image found | offer_id=29617 | offer_url=https://bryansk.cian.ru/sale/flat/322787419/
2026-01-14 14:24:24,716 - WARNING - 404 image found | offer_id=29613 | offer_url=https://bryansk.cian.ru/sale/flat/322886033/
2026-01-14 14:24:24,717 - WARNING - 404 image found | offer_id=29605 | offer_url=https://bryansk.cian.ru/sale/flat/323514744/
2026-01-14 14:24:24,733 - WARNING - 404 image found | offer_id=29633 | offer_url=https://bryansk.cian.ru/sale/flat/321845032/
2026-01-14 14:24:24,733 - WARNING - 404 image found | offer_id=29630 | offer_url=https://bryansk.cian.ru/sale/flat/321931361/
2026-01-14 14:24:24,733 - WARNING - 404 image found | offer_id=29614 | offer_url=https://bryansk.cian.ru/sale/flat/323169170/
2026-01-14 14:24:24,734 - WARNING - 404 image found | offer_id=29600 | offer_url=https://bryansk.cian.ru/sale/flat/304970368/
2026-01-14 14:24:24,734 - WARNING - 404 image found | offer_id=29635 | offer_url=https://bryansk.cian.ru/sale/flat/321695184/
2026-01-14 14:24:24,734 - WARNING - 404 image found | offer_id=29636 | offer_url=https://bryansk.cian.ru/sale/flat/321842167/
2026-01-14 14:24:24,736 - WARNING - 404 image found | offer_id=29639 | offer_url=https://bryansk.cian.ru/sale/flat/321613321/
2026-01-14 14:24:24,738 - WARNING - 404 image found | offer_id=29646 | offer_url=https://bryansk.cian.ru/sale/flat/321030715/
2026-01-14 14:24:24,746 - WARNING - 404 image found | offer_id=29601 | offer_url=https://bryansk.cian.ru/sale/flat/306799905/
2026-01-14 14:24:24,747 - WARNING - 404 image found | offer_id=29628 | offer_url=https://bryansk.cian.ru/sale/flat/322307726/
2026-01-14 14:24:24,751 - WARNING - 404 image found | offer_id=29624 | offer_url=https://bryansk.cian.ru/sale/flat/322754581/
2026-01-14 14:24:24,756 - WARNING - 404 image found | offer_id=29650 | offer_url=https://bryansk.cian.ru/sale/flat/320861050/
2026-01-14 14:24:24,757 - WARNING - 404 image found | offer_id=29658 | offer_url=https://bryansk.cian.ru/sale/flat/320371680/
2026-01-14 14:24:24,757 - WARNING - 404 image found | offer_id=29649 | offer_url=https://bryansk.cian.ru/sale/flat/320879775/
2026-01-14 14:24:24,758 - WARNING - 404 image found | offer_id=29604 | offer_url=https://bryansk.cian.ru/sale/flat/323493719/
2026-01-14 14:24:24,759 - WARNING - 404 image found | offer_id=29642 | offer_url=https://bryansk.cian.ru/sale/flat/321439063/
2026-01-14 14:24:24,777 - WARNING - 404 image found | offer_id=29662 | offer_url=https://bryansk.cian.ru/sale/flat/320102456/
2026-01-14 14:24:24,786 - WARNING - 404 image found | offer_id=29666 | offer_url=https://bryansk.cian.ru/sale/flat/319952173/
2026-01-14 14:24:24,797 - WARNING - 404 image found | offer_id=29665 | offer_url=https://bryansk.cian.ru/sale/flat/319979241/
2026-01-14 14:24:24,802 - WARNING - 404 image found | offer_id=29657 | offer_url=https://bryansk.cian.ru/sale/flat/320432325/
2026-01-14 14:24:24,813 - WARNING - 404 image found | offer_id=29609 | offer_url=https://bryansk.cian.ru/sale/flat/323251846/
2026-01-14 14:24:24,814 - WARNING - 404 image found | offer_id=29655 | offer_url=https://bryansk.cian.ru/sale/flat/320441048/
2026-01-14 14:24:24,923 - WARNING - 404 image found | offer_id=29663 | offer_url=https://bryansk.cian.ru/sale/flat/320097156/
2026-01-14 14:24:29,208 - WARNING - 404 image found | offer_id=29202 | offer_url=https://bryansk.cian.ru/sale/flat/312091911/
2026-01-14 14:24:29,228 - INFO - checked=1000, 404=583, deleted=500, deactivated=0, speed=139.5/s
2026-01-14 14:24:29,228 - INFO - Batch #3, last_id=29666
2026-01-14 14:24:29,252 - WARNING - 404 image found | offer_id=29676 | offer_url=https://bryansk.cian.ru/sale/flat/319128199/
2026-01-14 14:24:29,253 - WARNING - 404 image found | offer_id=29690 | offer_url=https://bryansk.cian.ru/sale/flat/317924045/
2026-01-14 14:24:29,254 - WARNING - 404 image found | offer_id=29675 | offer_url=https://bryansk.cian.ru/sale/flat/319320074/
2026-01-14 14:24:29,255 - WARNING - 404 image found | offer_id=29674 | offer_url=https://bryansk.cian.ru/sale/flat/319251088/
2026-01-14 14:24:29,258 - WARNING - 404 image found | offer_id=29671 | offer_url=https://bryansk.cian.ru/sale/flat/319725645/
2026-01-14 14:24:29,259 - WARNING - 404 image found | offer_id=29669 | offer_url=https://bryansk.cian.ru/sale/flat/319778612/
2026-01-14 14:24:29,260 - WARNING - 404 image found | offer_id=29677 | offer_url=https://bryansk.cian.ru/sale/flat/318991498/
2026-01-14 14:24:29,277 - WARNING - 404 image found | offer_id=29693 | offer_url=https://bryansk.cian.ru/sale/flat/317639081/
2026-01-14 14:24:29,277 - WARNING - 404 image found | offer_id=29685 | offer_url=https://bryansk.cian.ru/sale/flat/318083875/
2026-01-14 14:24:29,278 - WARNING - 404 image found | offer_id=29667 | offer_url=https://bryansk.cian.ru/sale/flat/319826365/
2026-01-14 14:24:29,280 - WARNING - 404 image found | offer_id=29699 | offer_url=https://bryansk.cian.ru/sale/flat/317837068/
2026-01-14 14:24:29,283 - WARNING - 404 image found | offer_id=29670 | offer_url=https://bryansk.cian.ru/sale/flat/319763630/
2026-01-14 14:24:29,285 - WARNING - 404 image found | offer_id=29683 | offer_url=https://bryansk.cian.ru/sale/flat/318463794/
2026-01-14 14:24:29,287 - WARNING - 404 image found | offer_id=29702 | offer_url=https://bryansk.cian.ru/sale/flat/311974672/
2026-01-14 14:24:29,288 - WARNING - 404 image found | offer_id=29694 | offer_url=https://bryansk.cian.ru/sale/flat/317477616/
2026-01-14 14:24:29,290 - WARNING - 404 image found | offer_id=29687 | offer_url=https://bryansk.cian.ru/sale/flat/317925973/
2026-01-14 14:24:29,290 - WARNING - 404 image found | offer_id=29700 | offer_url=https://bryansk.cian.ru/sale/flat/317243200/
2026-01-14 14:24:29,292 - WARNING - 404 image found | offer_id=29696 | offer_url=https://bryansk.cian.ru/sale/flat/317222938/
2026-01-14 14:24:29,300 - WARNING - 404 image found | offer_id=29703 | offer_url=https://bryansk.cian.ru/sale/flat/314136467/
2026-01-14 14:24:29,301 - WARNING - 404 image found | offer_id=29678 | offer_url=https://bryansk.cian.ru/sale/flat/319558250/
2026-01-14 14:24:29,302 - WARNING - 404 image found | offer_id=29710 | offer_url=https://bryansk.cian.ru/sale/flat/312235904/
2026-01-14 14:24:29,303 - WARNING - 404 image found | offer_id=29711 | offer_url=https://bryansk.cian.ru/sale/flat/310831003/
2026-01-14 14:24:29,307 - WARNING - 404 image found | offer_id=29684 | offer_url=https://bryansk.cian.ru/sale/flat/318121414/
2026-01-14 14:24:29,320 - WARNING - 404 image found | offer_id=29719 | offer_url=https://bryansk.cian.ru/sale/flat/306431898/
2026-01-14 14:24:29,321 - WARNING - 404 image found | offer_id=29729 | offer_url=https://bryansk.cian.ru/sale/flat/323274687/
2026-01-14 14:24:29,322 - WARNING - 404 image found | offer_id=29714 | offer_url=https://bryansk.cian.ru/sale/flat/309615758/
2026-01-14 14:24:29,322 - WARNING - 404 image found | offer_id=29730 | offer_url=https://bryansk.cian.ru/sale/flat/323264224/
2026-01-14 14:24:29,322 - WARNING - 404 image found | offer_id=29712 | offer_url=https://bryansk.cian.ru/sale/flat/309976130/
2026-01-14 14:24:29,322 - WARNING - 404 image found | offer_id=29692 | offer_url=https://bryansk.cian.ru/sale/flat/311107598/
2026-01-14 14:24:29,324 - WARNING - 404 image found | offer_id=29722 | offer_url=https://bryansk.cian.ru/sale/flat/308414510/
2026-01-14 14:24:29,324 - WARNING - 404 image found | offer_id=29726 | offer_url=https://bryansk.cian.ru/sale/flat/323341263/
2026-01-14 14:24:29,330 - WARNING - 404 image found | offer_id=29725 | offer_url=https://bryansk.cian.ru/sale/flat/323325426/
2026-01-14 14:24:29,330 - WARNING - 404 image found | offer_id=29689 | offer_url=https://bryansk.cian.ru/sale/flat/317866128/
2026-01-14 14:24:29,331 - WARNING - 404 image found | offer_id=29727 | offer_url=https://bryansk.cian.ru/sale/flat/323167859/
2026-01-14 14:24:29,331 - WARNING - 404 image found | offer_id=29728 | offer_url=https://bryansk.cian.ru/sale/flat/323341251/
2026-01-14 14:24:29,336 - WARNING - 404 image found | offer_id=29731 | offer_url=https://bryansk.cian.ru/sale/flat/323398706/
2026-01-14 14:24:29,340 - WARNING - 404 image found | offer_id=29735 | offer_url=https://bryansk.cian.ru/sale/flat/323305203/
2026-01-14 14:24:29,341 - WARNING - 404 image found | offer_id=29746 | offer_url=https://bryansk.cian.ru/sale/flat/322719212/
2026-01-14 14:24:29,343 - WARNING - 404 image found | offer_id=29686 | offer_url=https://bryansk.cian.ru/sale/flat/317922552/
2026-01-14 14:24:29,345 - WARNING - 404 image found | offer_id=29724 | offer_url=https://bryansk.cian.ru/sale/flat/323451354/
2026-01-14 14:24:29,345 - WARNING - 404 image found | offer_id=29679 | offer_url=https://bryansk.cian.ru/sale/flat/319707285/
2026-01-14 14:24:29,346 - WARNING - 404 image found | offer_id=29668 | offer_url=https://bryansk.cian.ru/sale/flat/319790131/
2026-01-14 14:24:29,348 - WARNING - 404 image found | offer_id=29750 | offer_url=https://bryansk.cian.ru/sale/flat/322856308/
2026-01-14 14:24:29,350 - WARNING - 404 image found | offer_id=29737 | offer_url=https://bryansk.cian.ru/sale/flat/322562318/
2026-01-14 14:24:29,351 - WARNING - 404 image found | offer_id=29736 | offer_url=https://bryansk.cian.ru/sale/flat/322897222/
2026-01-14 14:24:29,352 - WARNING - 404 image found | offer_id=29740 | offer_url=https://bryansk.cian.ru/sale/flat/322878851/
2026-01-14 14:24:29,357 - WARNING - 404 image found | offer_id=29747 | offer_url=https://bryansk.cian.ru/sale/flat/322678335/
2026-01-14 14:24:29,361 - WARNING - 404 image found | offer_id=29723 | offer_url=https://bryansk.cian.ru/sale/flat/323516207/
2026-01-14 14:24:29,363 - WARNING - 404 image found | offer_id=29743 | offer_url=https://bryansk.cian.ru/sale/flat/322585708/
2026-01-14 14:24:29,369 - WARNING - 404 image found | offer_id=29749 | offer_url=https://bryansk.cian.ru/sale/flat/322655660/
2026-01-14 14:24:29,370 - WARNING - 404 image found | offer_id=29762 | offer_url=https://bryansk.cian.ru/sale/flat/320992949/
2026-01-14 14:24:29,372 - WARNING - 404 image found | offer_id=29752 | offer_url=https://bryansk.cian.ru/sale/flat/322186510/
2026-01-14 14:24:29,373 - WARNING - 404 image found | offer_id=29742 | offer_url=https://bryansk.cian.ru/sale/flat/323110709/
2026-01-14 14:24:29,374 - WARNING - 404 image found | offer_id=29733 | offer_url=https://bryansk.cian.ru/sale/flat/323186181/
2026-01-14 14:24:29,381 - WARNING - 404 image found | offer_id=29763 | offer_url=https://bryansk.cian.ru/sale/flat/319737243/
2026-01-14 14:24:29,382 - WARNING - 404 image found | offer_id=29759 | offer_url=https://bryansk.cian.ru/sale/flat/321716877/
2026-01-14 14:24:29,383 - WARNING - 404 image found | offer_id=29755 | offer_url=https://bryansk.cian.ru/sale/flat/321954535/
2026-01-14 14:24:29,391 - WARNING - 404 image found | offer_id=29744 | offer_url=https://bryansk.cian.ru/sale/flat/322909809/
2026-01-14 14:24:29,392 - WARNING - 404 image found | offer_id=29769 | offer_url=https://bryansk.cian.ru/sale/flat/320219887/
2026-01-14 14:24:29,393 - WARNING - 404 image found | offer_id=29758 | offer_url=https://bryansk.cian.ru/sale/flat/321955370/
2026-01-14 14:24:29,394 - WARNING - 404 image found | offer_id=29754 | offer_url=https://bryansk.cian.ru/sale/flat/322245027/
2026-01-14 14:24:29,395 - WARNING - 404 image found | offer_id=29772 | offer_url=https://bryansk.cian.ru/sale/flat/321030717/
2026-01-14 14:24:29,403 - WARNING - 404 image found | offer_id=29786 | offer_url=https://bryansk.cian.ru/sale/flat/318238473/
2026-01-14 14:24:29,414 - WARNING - 404 image found | offer_id=29770 | offer_url=https://bryansk.cian.ru/sale/flat/321352690/
2026-01-14 14:24:29,414 - WARNING - 404 image found | offer_id=29764 | offer_url=https://bryansk.cian.ru/sale/flat/320963665/
2026-01-14 14:24:29,414 - WARNING - 404 image found | offer_id=29751 | offer_url=https://bryansk.cian.ru/sale/flat/322407097/
2026-01-14 14:24:29,416 - WARNING - 404 image found | offer_id=29776 | offer_url=https://bryansk.cian.ru/sale/flat/320277319/
2026-01-14 14:24:29,416 - WARNING - 404 image found | offer_id=29784 | offer_url=https://bryansk.cian.ru/sale/flat/318332423/
2026-01-14 14:24:29,416 - WARNING - 404 image found | offer_id=29791 | offer_url=https://bryansk.cian.ru/sale/flat/317801059/
2026-01-14 14:24:29,417 - WARNING - 404 image found | offer_id=29778 | offer_url=https://bryansk.cian.ru/sale/flat/319419120/
2026-01-14 14:24:29,418 - WARNING - 404 image found | offer_id=29720 | offer_url=https://bryansk.cian.ru/sale/flat/302160076/
2026-01-14 14:24:29,419 - WARNING - 404 image found | offer_id=29792 | offer_url=https://bryansk.cian.ru/sale/flat/317922550/
2026-01-14 14:24:29,419 - WARNING - 404 image found | offer_id=29788 | offer_url=https://bryansk.cian.ru/sale/flat/318083881/
2026-01-14 14:24:29,421 - WARNING - 404 image found | offer_id=29774 | offer_url=https://bryansk.cian.ru/sale/flat/321251785/
2026-01-14 14:24:29,427 - WARNING - 404 image found | offer_id=29801 | offer_url=https://bryansk.cian.ru/sale/flat/316885315/
2026-01-14 14:24:29,428 - WARNING - 404 image found | offer_id=29780 | offer_url=https://bryansk.cian.ru/sale/flat/318640588/
2026-01-14 14:24:29,429 - WARNING - 404 image found | offer_id=29802 | offer_url=https://bryansk.cian.ru/sale/flat/316286209/
2026-01-14 14:24:29,444 - WARNING - 404 image found | offer_id=29739 | offer_url=https://bryansk.cian.ru/sale/flat/322932442/
2026-01-14 14:24:29,446 - WARNING - 404 image found | offer_id=29804 | offer_url=https://bryansk.cian.ru/sale/flat/317477641/
2026-01-14 14:24:29,446 - WARNING - 404 image found | offer_id=29793 | offer_url=https://bryansk.cian.ru/sale/flat/317121529/
2026-01-14 14:24:29,446 - WARNING - 404 image found | offer_id=29790 | offer_url=https://bryansk.cian.ru/sale/flat/317474892/
2026-01-14 14:24:29,447 - WARNING - 404 image found | offer_id=29808 | offer_url=https://bryansk.cian.ru/sale/flat/314827311/
2026-01-14 14:24:29,447 - WARNING - 404 image found | offer_id=29800 | offer_url=https://bryansk.cian.ru/sale/flat/317384579/
2026-01-14 14:24:29,451 - WARNING - 404 image found | offer_id=29795 | offer_url=https://bryansk.cian.ru/sale/flat/315662428/
2026-01-14 14:24:29,453 - WARNING - 404 image found | offer_id=29823 | offer_url=https://bryansk.cian.ru/sale/flat/308534697/
2026-01-14 14:24:29,456 - WARNING - 404 image found | offer_id=29814 | offer_url=https://bryansk.cian.ru/sale/flat/312990676/
2026-01-14 14:24:29,474 - WARNING - 404 image found | offer_id=29838 | offer_url=https://bryansk.cian.ru/sale/flat/323326732/
2026-01-14 14:24:29,474 - WARNING - 404 image found | offer_id=29798 | offer_url=https://bryansk.cian.ru/sale/flat/317474572/
2026-01-14 14:24:29,476 - WARNING - 404 image found | offer_id=29812 | offer_url=https://bryansk.cian.ru/sale/flat/314167436/
2026-01-14 14:24:29,476 - WARNING - 404 image found | offer_id=29839 | offer_url=https://bryansk.cian.ru/sale/flat/323442654/
2026-01-14 14:24:29,476 - WARNING - 404 image found | offer_id=29832 | offer_url=https://bryansk.cian.ru/sale/flat/301024182/
2026-01-14 14:24:29,476 - WARNING - 404 image found | offer_id=29797 | offer_url=https://bryansk.cian.ru/sale/flat/318118476/
2026-01-14 14:24:29,480 - WARNING - 404 image found | offer_id=29845 | offer_url=https://bryansk.cian.ru/sale/flat/323127936/
2026-01-14 14:24:29,482 - WARNING - 404 image found | offer_id=29834 | offer_url=https://bryansk.cian.ru/sale/flat/323574124/
2026-01-14 14:24:29,482 - WARNING - 404 image found | offer_id=29846 | offer_url=https://bryansk.cian.ru/sale/flat/323318160/
2026-01-14 14:24:29,483 - WARNING - 404 image found | offer_id=29828 | offer_url=https://bryansk.cian.ru/sale/flat/305596114/
2026-01-14 14:24:29,485 - WARNING - 404 image found | offer_id=29821 | offer_url=https://bryansk.cian.ru/sale/flat/308535329/
2026-01-14 14:24:29,488 - WARNING - 404 image found | offer_id=29811 | offer_url=https://bryansk.cian.ru/sale/flat/311246278/
2026-01-14 14:24:29,490 - WARNING - 404 image found | offer_id=29817 | offer_url=https://bryansk.cian.ru/sale/flat/310093246/
2026-01-14 14:24:29,493 - WARNING - 404 image found | offer_id=29835 | offer_url=https://bryansk.cian.ru/sale/flat/323558606/
2026-01-14 14:24:29,494 - WARNING - 404 image found | offer_id=29836 | offer_url=https://bryansk.cian.ru/sale/flat/323572299/
2026-01-14 14:24:29,502 - WARNING - 404 image found | offer_id=29847 | offer_url=https://bryansk.cian.ru/sale/flat/323311037/
2026-01-14 14:24:29,505 - WARNING - 404 image found | offer_id=29848 | offer_url=https://bryansk.cian.ru/sale/flat/323167858/
2026-01-14 14:24:29,521 - WARNING - 404 image found | offer_id=29860 | offer_url=https://bryansk.cian.ru/sale/flat/322705783/
2026-01-14 14:24:29,521 - WARNING - 404 image found | offer_id=29840 | offer_url=https://bryansk.cian.ru/sale/flat/323396900/
2026-01-14 14:24:29,522 - WARNING - 404 image found | offer_id=29873 | offer_url=https://bryansk.cian.ru/sale/flat/320876178/
2026-01-14 14:24:29,522 - WARNING - 404 image found | offer_id=29869 | offer_url=https://bryansk.cian.ru/sale/flat/321774142/
2026-01-14 14:24:29,523 - WARNING - 404 image found | offer_id=29868 | offer_url=https://bryansk.cian.ru/sale/flat/321764297/
2026-01-14 14:24:29,525 - WARNING - 404 image found | offer_id=29881 | offer_url=https://bryansk.cian.ru/sale/flat/319052474/
2026-01-14 14:24:29,527 - WARNING - 404 image found | offer_id=29878 | offer_url=https://bryansk.cian.ru/sale/flat/320087833/
2026-01-14 14:24:29,535 - WARNING - 404 image found | offer_id=29837 | offer_url=https://bryansk.cian.ru/sale/flat/323534574/
2026-01-14 14:24:29,536 - WARNING - 404 image found | offer_id=29879 | offer_url=https://bryansk.cian.ru/sale/flat/319974382/
2026-01-14 14:24:29,538 - WARNING - 404 image found | offer_id=29853 | offer_url=https://bryansk.cian.ru/sale/flat/323274903/
2026-01-14 14:24:29,541 - WARNING - 404 image found | offer_id=29872 | offer_url=https://bryansk.cian.ru/sale/flat/319884879/
2026-01-14 14:24:29,541 - WARNING - 404 image found | offer_id=29806 | offer_url=https://bryansk.cian.ru/sale/flat/315413127/
2026-01-14 14:24:29,542 - WARNING - 404 image found | offer_id=29890 | offer_url=https://bryansk.cian.ru/sale/flat/318948978/
2026-01-14 14:24:29,543 - WARNING - 404 image found | offer_id=29884 | offer_url=https://bryansk.cian.ru/sale/flat/320912081/
2026-01-14 14:24:29,544 - WARNING - 404 image found | offer_id=29859 | offer_url=https://bryansk.cian.ru/sale/flat/322878652/
2026-01-14 14:24:29,544 - WARNING - 404 image found | offer_id=29883 | offer_url=https://bryansk.cian.ru/sale/flat/319820481/
2026-01-14 14:24:29,548 - WARNING - 404 image found | offer_id=29892 | offer_url=https://bryansk.cian.ru/sale/flat/318862121/
2026-01-14 14:24:29,551 - WARNING - 404 image found | offer_id=29895 | offer_url=https://bryansk.cian.ru/sale/flat/317922549/
2026-01-14 14:24:29,552 - WARNING - 404 image found | offer_id=29830 | offer_url=https://bryansk.cian.ru/sale/flat/306002096/
2026-01-14 14:24:29,553 - WARNING - 404 image found | offer_id=29901 | offer_url=https://bryansk.cian.ru/sale/flat/317802445/
2026-01-14 14:24:29,554 - WARNING - 404 image found | offer_id=29827 | offer_url=https://bryansk.cian.ru/sale/flat/309980177/
2026-01-14 14:24:29,558 - WARNING - 404 image found | offer_id=29897 | offer_url=https://bryansk.cian.ru/sale/flat/317925971/
2026-01-14 14:24:29,560 - WARNING - 404 image found | offer_id=29900 | offer_url=https://bryansk.cian.ru/sale/flat/316884325/
2026-01-14 14:24:29,562 - WARNING - 404 image found | offer_id=29908 | offer_url=https://bryansk.cian.ru/sale/flat/317475656/
2026-01-14 14:24:29,564 - WARNING - 404 image found | offer_id=29914 | offer_url=https://bryansk.cian.ru/sale/flat/314565861/
2026-01-14 14:24:29,564 - WARNING - 404 image found | offer_id=29913 | offer_url=https://bryansk.cian.ru/sale/flat/315560794/
2026-01-14 14:24:29,568 - WARNING - 404 image found | offer_id=29915 | offer_url=https://bryansk.cian.ru/sale/flat/314560707/
2026-01-14 14:24:29,572 - WARNING - 404 image found | offer_id=29889 | offer_url=https://bryansk.cian.ru/sale/flat/319009364/
2026-01-14 14:24:29,572 - WARNING - 404 image found | offer_id=29891 | offer_url=https://bryansk.cian.ru/sale/flat/318883310/
2026-01-14 14:24:29,574 - WARNING - 404 image found | offer_id=29907 | offer_url=https://bryansk.cian.ru/sale/flat/316885019/
2026-01-14 14:24:29,575 - WARNING - 404 image found | offer_id=29899 | offer_url=https://bryansk.cian.ru/sale/flat/314586198/
2026-01-14 14:24:29,582 - WARNING - 404 image found | offer_id=29918 | offer_url=https://bryansk.cian.ru/sale/flat/314364329/
2026-01-14 14:24:29,582 - WARNING - 404 image found | offer_id=29862 | offer_url=https://bryansk.cian.ru/sale/flat/322310479/
2026-01-14 14:24:29,583 - WARNING - 404 image found | offer_id=29925 | offer_url=https://bryansk.cian.ru/sale/flat/312135182/
2026-01-14 14:24:29,585 - WARNING - 404 image found | offer_id=29923 | offer_url=https://bryansk.cian.ru/sale/flat/312759079/
2026-01-14 14:24:29,587 - WARNING - 404 image found | offer_id=29924 | offer_url=https://bryansk.cian.ru/sale/flat/312482020/
2026-01-14 14:24:29,593 - WARNING - 404 image found | offer_id=29929 | offer_url=https://bryansk.cian.ru/sale/flat/310098387/
2026-01-14 14:24:29,596 - WARNING - 404 image found | offer_id=29930 | offer_url=https://bryansk.cian.ru/sale/flat/312135107/
2026-01-14 14:24:29,600 - WARNING - 404 image found | offer_id=29920 | offer_url=https://bryansk.cian.ru/sale/flat/314134854/
2026-01-14 14:24:29,604 - WARNING - 404 image found | offer_id=29932 | offer_url=https://bryansk.cian.ru/sale/flat/309712584/
2026-01-14 14:24:29,604 - WARNING - 404 image found | offer_id=29922 | offer_url=https://bryansk.cian.ru/sale/flat/312568605/
2026-01-14 14:24:29,605 - WARNING - 404 image found | offer_id=29910 | offer_url=https://bryansk.cian.ru/sale/flat/316278315/
2026-01-14 14:24:29,611 - WARNING - 404 image found | offer_id=29931 | offer_url=https://bryansk.cian.ru/sale/flat/309845440/
2026-01-14 14:24:29,612 - WARNING - 404 image found | offer_id=29909 | offer_url=https://bryansk.cian.ru/sale/flat/317476198/
2026-01-14 14:24:29,612 - WARNING - 404 image found | offer_id=29939 | offer_url=https://bryansk.cian.ru/sale/flat/306494950/
2026-01-14 14:24:29,618 - WARNING - 404 image found | offer_id=29912 | offer_url=https://bryansk.cian.ru/sale/flat/315722115/
2026-01-14 14:24:29,621 - WARNING - 404 image found | offer_id=29944 | offer_url=https://bryansk.cian.ru/sale/flat/284397007/
2026-01-14 14:24:29,622 - WARNING - 404 image found | offer_id=29950 | offer_url=https://bryansk.cian.ru/sale/flat/323572017/
2026-01-14 14:24:29,624 - WARNING - 404 image found | offer_id=29947 | offer_url=https://bryansk.cian.ru/sale/flat/323559201/
2026-01-14 14:24:29,625 - WARNING - 404 image found | offer_id=29888 | offer_url=https://bryansk.cian.ru/sale/flat/319439221/
2026-01-14 14:24:29,625 - WARNING - 404 image found | offer_id=29906 | offer_url=https://bryansk.cian.ru/sale/flat/317477961/
2026-01-14 14:24:29,626 - WARNING - 404 image found | offer_id=29953 | offer_url=https://bryansk.cian.ru/sale/flat/323377361/
2026-01-14 14:24:29,631 - WARNING - 404 image found | offer_id=29951 | offer_url=https://bryansk.cian.ru/sale/flat/323475559/
2026-01-14 14:24:29,638 - WARNING - 404 image found | offer_id=29963 | offer_url=https://bryansk.cian.ru/sale/flat/322905709/
2026-01-14 14:24:29,639 - WARNING - 404 image found | offer_id=29903 | offer_url=https://bryansk.cian.ru/sale/flat/314977712/
2026-01-14 14:24:29,639 - WARNING - 404 image found | offer_id=29957 | offer_url=https://bryansk.cian.ru/sale/flat/323285946/
2026-01-14 14:24:29,640 - WARNING - 404 image found | offer_id=29960 | offer_url=https://bryansk.cian.ru/sale/flat/323122892/
2026-01-14 14:24:29,642 - WARNING - 404 image found | offer_id=29964 | offer_url=https://bryansk.cian.ru/sale/flat/322896472/
2026-01-14 14:24:29,642 - WARNING - 404 image found | offer_id=29958 | offer_url=https://bryansk.cian.ru/sale/flat/323266461/
2026-01-14 14:24:29,643 - WARNING - 404 image found | offer_id=29965 | offer_url=https://bryansk.cian.ru/sale/flat/323324809/
2026-01-14 14:24:29,646 - WARNING - 404 image found | offer_id=29967 | offer_url=https://bryansk.cian.ru/sale/flat/322878740/
2026-01-14 14:24:29,649 - WARNING - 404 image found | offer_id=29970 | offer_url=https://bryansk.cian.ru/sale/flat/322769456/
2026-01-14 14:24:29,652 - WARNING - 404 image found | offer_id=29956 | offer_url=https://bryansk.cian.ru/sale/flat/323311214/
2026-01-14 14:24:29,654 - WARNING - 404 image found | offer_id=29969 | offer_url=https://bryansk.cian.ru/sale/flat/322867240/
2026-01-14 14:24:29,656 - WARNING - 404 image found | offer_id=29976 | offer_url=https://bryansk.cian.ru/sale/flat/322449072/
2026-01-14 14:24:29,656 - WARNING - 404 image found | offer_id=29954 | offer_url=https://bryansk.cian.ru/sale/flat/323372238/
2026-01-14 14:24:29,657 - WARNING - 404 image found | offer_id=29975 | offer_url=https://bryansk.cian.ru/sale/flat/322477666/
2026-01-14 14:24:29,660 - WARNING - 404 image found | offer_id=29979 | offer_url=https://bryansk.cian.ru/sale/flat/322338561/
2026-01-14 14:24:29,663 - WARNING - 404 image found | offer_id=29980 | offer_url=https://bryansk.cian.ru/sale/flat/322201585/
2026-01-14 14:24:29,666 - WARNING - 404 image found | offer_id=29983 | offer_url=https://bryansk.cian.ru/sale/flat/321955371/
2026-01-14 14:24:29,668 - WARNING - 404 image found | offer_id=29981 | offer_url=https://bryansk.cian.ru/sale/flat/322101762/
2026-01-14 14:24:29,668 - WARNING - 404 image found | offer_id=29962 | offer_url=https://bryansk.cian.ru/sale/flat/322975042/
2026-01-14 14:24:29,673 - WARNING - 404 image found | offer_id=29985 | offer_url=https://bryansk.cian.ru/sale/flat/321842187/
2026-01-14 14:24:29,675 - WARNING - 404 image found | offer_id=29987 | offer_url=https://bryansk.cian.ru/sale/flat/321455356/
2026-01-14 14:24:29,676 - WARNING - 404 image found | offer_id=29989 | offer_url=https://bryansk.cian.ru/sale/flat/321119449/
2026-01-14 14:24:29,677 - WARNING - 404 image found | offer_id=29993 | offer_url=https://bryansk.cian.ru/sale/flat/320761192/
2026-01-14 14:24:29,679 - WARNING - 404 image found | offer_id=30001 | offer_url=https://bryansk.cian.ru/sale/flat/319945206/
2026-01-14 14:24:29,681 - WARNING - 404 image found | offer_id=29996 | offer_url=https://bryansk.cian.ru/sale/flat/320334395/
2026-01-14 14:24:29,682 - WARNING - 404 image found | offer_id=29982 | offer_url=https://bryansk.cian.ru/sale/flat/322069888/
2026-01-14 14:24:29,686 - WARNING - 404 image found | offer_id=30003 | offer_url=https://bryansk.cian.ru/sale/flat/319813944/
2026-01-14 14:24:29,692 - WARNING - 404 image found | offer_id=30005 | offer_url=https://bryansk.cian.ru/sale/flat/319558960/
2026-01-14 14:24:29,693 - WARNING - 404 image found | offer_id=30002 | offer_url=https://bryansk.cian.ru/sale/flat/319895812/
2026-01-14 14:24:29,694 - WARNING - 404 image found | offer_id=30006 | offer_url=https://bryansk.cian.ru/sale/flat/319510875/
2026-01-14 14:24:29,705 - WARNING - 404 image found | offer_id=30007 | offer_url=https://bryansk.cian.ru/sale/flat/319443777/
2026-01-14 14:24:29,705 - WARNING - 404 image found | offer_id=30008 | offer_url=https://bryansk.cian.ru/sale/flat/319387694/
2026-01-14 14:24:29,706 - WARNING - 404 image found | offer_id=30012 | offer_url=https://bryansk.cian.ru/sale/flat/319045829/
2026-01-14 14:24:29,706 - WARNING - 404 image found | offer_id=30014 | offer_url=https://bryansk.cian.ru/sale/flat/318933086/
2026-01-14 14:24:29,706 - WARNING - 404 image found | offer_id=30010 | offer_url=https://bryansk.cian.ru/sale/flat/319068927/
2026-01-14 14:24:29,709 - WARNING - 404 image found | offer_id=30023 | offer_url=https://bryansk.cian.ru/sale/flat/318402261/
2026-01-14 14:24:29,710 - WARNING - 404 image found | offer_id=29998 | offer_url=https://bryansk.cian.ru/sale/flat/320119532/
2026-01-14 14:24:29,717 - WARNING - 404 image found | offer_id=30013 | offer_url=https://bryansk.cian.ru/sale/flat/319009363/
2026-01-14 14:24:29,724 - WARNING - 404 image found | offer_id=29990 | offer_url=https://bryansk.cian.ru/sale/flat/321056486/
2026-01-14 14:24:29,725 - WARNING - 404 image found | offer_id=29992 | offer_url=https://bryansk.cian.ru/sale/flat/320950346/
2026-01-14 14:24:29,726 - WARNING - 404 image found | offer_id=30019 | offer_url=https://bryansk.cian.ru/sale/flat/318659249/
2026-01-14 14:24:29,729 - WARNING - 404 image found | offer_id=30029 | offer_url=https://bryansk.cian.ru/sale/flat/318008940/
2026-01-14 14:24:29,730 - WARNING - 404 image found | offer_id=30034 | offer_url=https://bryansk.cian.ru/sale/flat/317920679/
2026-01-14 14:24:29,734 - WARNING - 404 image found | offer_id=30032 | offer_url=https://bryansk.cian.ru/sale/flat/317922547/
2026-01-14 14:24:29,735 - WARNING - 404 image found | offer_id=30039 | offer_url=https://bryansk.cian.ru/sale/flat/317427744/
2026-01-14 14:24:29,738 - WARNING - 404 image found | offer_id=30040 | offer_url=https://bryansk.cian.ru/sale/flat/316942739/
2026-01-14 14:24:29,740 - WARNING - 404 image found | offer_id=30020 | offer_url=https://bryansk.cian.ru/sale/flat/318570733/
2026-01-14 14:24:29,740 - WARNING - 404 image found | offer_id=30033 | offer_url=https://bryansk.cian.ru/sale/flat/317921886/
2026-01-14 14:24:29,747 - WARNING - 404 image found | offer_id=30027 | offer_url=https://bryansk.cian.ru/sale/flat/318178330/
2026-01-14 14:24:29,748 - WARNING - 404 image found | offer_id=29934 | offer_url=https://bryansk.cian.ru/sale/flat/309450793/
2026-01-14 14:24:29,748 - WARNING - 404 image found | offer_id=30035 | offer_url=https://bryansk.cian.ru/sale/flat/317837069/
2026-01-14 14:24:29,749 - WARNING - 404 image found | offer_id=30047 | offer_url=https://bryansk.cian.ru/sale/flat/314712955/
2026-01-14 14:24:29,749 - WARNING - 404 image found | offer_id=30046 | offer_url=https://bryansk.cian.ru/sale/flat/314947983/
2026-01-14 14:24:29,750 - WARNING - 404 image found | offer_id=30015 | offer_url=https://bryansk.cian.ru/sale/flat/318862122/
2026-01-14 14:24:29,751 - WARNING - 404 image found | offer_id=30044 | offer_url=https://bryansk.cian.ru/sale/flat/316241146/
2026-01-14 14:24:29,753 - WARNING - 404 image found | offer_id=30041 | offer_url=https://bryansk.cian.ru/sale/flat/316333947/
2026-01-14 14:24:29,754 - WARNING - 404 image found | offer_id=30051 | offer_url=https://bryansk.cian.ru/sale/flat/312990354/
2026-01-14 14:24:29,755 - WARNING - 404 image found | offer_id=30031 | offer_url=https://bryansk.cian.ru/sale/flat/317925968/
2026-01-14 14:24:29,763 - WARNING - 404 image found | offer_id=30049 | offer_url=https://bryansk.cian.ru/sale/flat/314499310/
2026-01-14 14:24:29,767 - WARNING - 404 image found | offer_id=30048 | offer_url=https://bryansk.cian.ru/sale/flat/313601909/
2026-01-14 14:24:29,769 - WARNING - 404 image found | offer_id=30055 | offer_url=https://bryansk.cian.ru/sale/flat/312238423/
2026-01-14 14:24:29,770 - WARNING - 404 image found | offer_id=30042 | offer_url=https://bryansk.cian.ru/sale/flat/316883725/
2026-01-14 14:24:29,771 - WARNING - 404 image found | offer_id=30045 | offer_url=https://bryansk.cian.ru/sale/flat/315585629/
2026-01-14 14:24:29,772 - WARNING - 404 image found | offer_id=30050 | offer_url=https://bryansk.cian.ru/sale/flat/313545185/
2026-01-14 14:24:29,773 - WARNING - 404 image found | offer_id=30060 | offer_url=https://bryansk.cian.ru/sale/flat/310423276/
2026-01-14 14:24:29,774 - WARNING - 404 image found | offer_id=29952 | offer_url=https://bryansk.cian.ru/sale/flat/323387506/
2026-01-14 14:24:29,776 - WARNING - 404 image found | offer_id=30059 | offer_url=https://bryansk.cian.ru/sale/flat/310582172/
2026-01-14 14:24:29,790 - WARNING - 404 image found | offer_id=30063 | offer_url=https://bryansk.cian.ru/sale/flat/309513749/
2026-01-14 14:24:29,791 - WARNING - 404 image found | offer_id=30067 | offer_url=https://bryansk.cian.ru/sale/flat/308689300/
2026-01-14 14:24:29,792 - WARNING - 404 image found | offer_id=30083 | offer_url=https://bryansk.cian.ru/sale/flat/322961963/
2026-01-14 14:24:29,795 - WARNING - 404 image found | offer_id=30062 | offer_url=https://bryansk.cian.ru/sale/flat/309523819/
2026-01-14 14:24:29,797 - WARNING - 404 image found | offer_id=30085 | offer_url=https://bryansk.cian.ru/sale/flat/322810745/
2026-01-14 14:24:29,800 - WARNING - 404 image found | offer_id=30090 | offer_url=https://bryansk.cian.ru/sale/flat/322125816/
2026-01-14 14:24:29,800 - WARNING - 404 image found | offer_id=30086 | offer_url=https://bryansk.cian.ru/sale/flat/322718859/
2026-01-14 14:24:29,802 - WARNING - 404 image found | offer_id=30089 | offer_url=https://bryansk.cian.ru/sale/flat/322350331/
2026-01-14 14:24:29,810 - WARNING - 404 image found | offer_id=30084 | offer_url=https://bryansk.cian.ru/sale/flat/322890514/
2026-01-14 14:24:29,811 - WARNING - 404 image found | offer_id=30096 | offer_url=https://bryansk.cian.ru/sale/flat/321714284/
2026-01-14 14:24:29,817 - WARNING - 404 image found | offer_id=30097 | offer_url=https://bryansk.cian.ru/sale/flat/321251793/
2026-01-14 14:24:29,818 - WARNING - 404 image found | offer_id=30087 | offer_url=https://bryansk.cian.ru/sale/flat/322245026/
2026-01-14 14:24:29,819 - WARNING - 404 image found | offer_id=30092 | offer_url=https://bryansk.cian.ru/sale/flat/321925419/
2026-01-14 14:24:29,820 - WARNING - 404 image found | offer_id=30080 | offer_url=https://bryansk.cian.ru/sale/flat/323223835/
2026-01-14 14:24:29,823 - WARNING - 404 image found | offer_id=30065 | offer_url=https://bryansk.cian.ru/sale/flat/308937693/
2026-01-14 14:24:29,823 - WARNING - 404 image found | offer_id=30098 | offer_url=https://bryansk.cian.ru/sale/flat/321163691/
2026-01-14 14:24:29,827 - WARNING - 404 image found | offer_id=29991 | offer_url=https://bryansk.cian.ru/sale/flat/320985530/
2026-01-14 14:24:29,834 - WARNING - 404 image found | offer_id=30058 | offer_url=https://bryansk.cian.ru/sale/flat/310889521/
2026-01-14 14:24:29,841 - WARNING - 404 image found | offer_id=30113 | offer_url=https://bryansk.cian.ru/sale/flat/319797430/
2026-01-14 14:24:29,855 - WARNING - 404 image found | offer_id=30123 | offer_url=https://bryansk.cian.ru/sale/flat/316888774/
2026-01-14 14:24:29,856 - WARNING - 404 image found | offer_id=30099 | offer_url=https://bryansk.cian.ru/sale/flat/321138380/
2026-01-14 14:24:29,857 - WARNING - 404 image found | offer_id=30120 | offer_url=https://bryansk.cian.ru/sale/flat/317920677/
2026-01-14 14:24:29,857 - WARNING - 404 image found | offer_id=30119 | offer_url=https://bryansk.cian.ru/sale/flat/317921885/
2026-01-14 14:24:29,857 - WARNING - 404 image found | offer_id=30117 | offer_url=https://bryansk.cian.ru/sale/flat/318856539/
2026-01-14 14:24:29,858 - WARNING - 404 image found | offer_id=30082 | offer_url=https://bryansk.cian.ru/sale/flat/323171621/
2026-01-14 14:24:29,859 - WARNING - 404 image found | offer_id=30125 | offer_url=https://bryansk.cian.ru/sale/flat/316797235/
2026-01-14 14:24:29,863 - WARNING - 404 image found | offer_id=30127 | offer_url=https://bryansk.cian.ru/sale/flat/315770721/
2026-01-14 14:24:29,864 - WARNING - 404 image found | offer_id=30126 | offer_url=https://bryansk.cian.ru/sale/flat/316712917/
2026-01-14 14:24:29,866 - WARNING - 404 image found | offer_id=30102 | offer_url=https://bryansk.cian.ru/sale/flat/320958417/
2026-01-14 14:24:29,871 - WARNING - 404 image found | offer_id=30101 | offer_url=https://bryansk.cian.ru/sale/flat/321062204/
2026-01-14 14:24:29,871 - WARNING - 404 image found | offer_id=30112 | offer_url=https://bryansk.cian.ru/sale/flat/319707284/
2026-01-14 14:24:29,874 - WARNING - 404 image found | offer_id=30115 | offer_url=https://bryansk.cian.ru/sale/flat/318900458/
2026-01-14 14:24:29,877 - WARNING - 404 image found | offer_id=30122 | offer_url=https://bryansk.cian.ru/sale/flat/316892101/
2026-01-14 14:24:29,878 - WARNING - 404 image found | offer_id=30079 | offer_url=https://bryansk.cian.ru/sale/flat/323312172/
2026-01-14 14:24:29,880 - WARNING - 404 image found | offer_id=30108 | offer_url=https://bryansk.cian.ru/sale/flat/320222570/
2026-01-14 14:24:29,881 - WARNING - 404 image found | offer_id=30139 | offer_url=https://bryansk.cian.ru/sale/flat/296586910/
2026-01-14 14:24:29,882 - WARNING - 404 image found | offer_id=30130 | offer_url=https://bryansk.cian.ru/sale/flat/313927073/
2026-01-14 14:24:29,897 - WARNING - 404 image found | offer_id=30148 | offer_url=https://bryansk.cian.ru/sale/flat/322738770/
2026-01-14 14:24:29,898 - WARNING - 404 image found | offer_id=30145 | offer_url=https://bryansk.cian.ru/sale/flat/323093121/
2026-01-14 14:24:29,898 - WARNING - 404 image found | offer_id=30144 | offer_url=https://bryansk.cian.ru/sale/flat/323209751/
2026-01-14 14:24:29,899 - WARNING - 404 image found | offer_id=30141 | offer_url=https://bryansk.cian.ru/sale/flat/323384047/
2026-01-14 14:24:29,899 - WARNING - 404 image found | offer_id=30061 | offer_url=https://bryansk.cian.ru/sale/flat/309987770/
2026-01-14 14:24:29,899 - WARNING - 404 image found | offer_id=30143 | offer_url=https://bryansk.cian.ru/sale/flat/323318058/
2026-01-14 14:24:29,900 - WARNING - 404 image found | offer_id=30146 | offer_url=https://bryansk.cian.ru/sale/flat/322952115/
2026-01-14 14:24:29,906 - WARNING - 404 image found | offer_id=30149 | offer_url=https://bryansk.cian.ru/sale/flat/322562316/
2026-01-14 14:24:29,907 - WARNING - 404 image found | offer_id=30134 | offer_url=https://bryansk.cian.ru/sale/flat/308534407/
2026-01-14 14:24:29,907 - WARNING - 404 image found | offer_id=30152 | offer_url=https://bryansk.cian.ru/sale/flat/322245025/
2026-01-14 14:24:29,909 - WARNING - 404 image found | offer_id=30158 | offer_url=https://bryansk.cian.ru/sale/flat/320818587/
2026-01-14 14:24:29,912 - WARNING - 404 image found | offer_id=30140 | offer_url=https://bryansk.cian.ru/sale/flat/289125242/
2026-01-14 14:24:29,914 - WARNING - 404 image found | offer_id=30153 | offer_url=https://bryansk.cian.ru/sale/flat/322188268/
2026-01-14 14:24:29,917 - WARNING - 404 image found | offer_id=30155 | offer_url=https://bryansk.cian.ru/sale/flat/321778459/
2026-01-14 14:24:29,918 - WARNING - 404 image found | offer_id=30161 | offer_url=https://bryansk.cian.ru/sale/flat/320670898/
2026-01-14 14:24:29,920 - WARNING - 404 image found | offer_id=30147 | offer_url=https://bryansk.cian.ru/sale/flat/322878791/
2026-01-14 14:24:29,926 - WARNING - 404 image found | offer_id=30151 | offer_url=https://bryansk.cian.ru/sale/flat/322559418/
2026-01-14 14:24:29,929 - WARNING - 404 image found | offer_id=30168 | offer_url=https://bryansk.cian.ru/sale/flat/319916799/
2026-01-14 14:24:29,938 - WARNING - 404 image found | offer_id=30169 | offer_url=https://bryansk.cian.ru/sale/flat/319889269/
2026-01-14 14:24:29,941 - WARNING - 404 image found | offer_id=30167 | offer_url=https://bryansk.cian.ru/sale/flat/320101656/
2026-01-14 14:24:29,942 - WARNING - 404 image found | offer_id=30166 | offer_url=https://bryansk.cian.ru/sale/flat/320303453/
2026-01-14 14:24:29,942 - WARNING - 404 image found | offer_id=30171 | offer_url=https://bryansk.cian.ru/sale/flat/319559084/
2026-01-14 14:24:29,945 - WARNING - 404 image found | offer_id=30150 | offer_url=https://bryansk.cian.ru/sale/flat/322803739/
2026-01-14 14:24:29,945 - WARNING - 404 image found | offer_id=30129 | offer_url=https://bryansk.cian.ru/sale/flat/314532444/
2026-01-14 14:24:29,945 - WARNING - 404 image found | offer_id=30157 | offer_url=https://bryansk.cian.ru/sale/flat/321025231/
2026-01-14 14:24:30,012 - WARNING - 404 image found | offer_id=30114 | offer_url=https://bryansk.cian.ru/sale/flat/319810569/
2026-01-14 14:24:30,026 - WARNING - 404 image found | offer_id=30156 | offer_url=https://bryansk.cian.ru/sale/flat/321296830/
2026-01-14 14:24:30,603 - WARNING - 404 image found | offer_id=29896 | offer_url=https://bryansk.cian.ru/sale/flat/318469493/
2026-01-14 14:24:30,636 - INFO - checked=1500, 404=871, deleted=800, deactivated=0, speed=174.9/s
2026-01-14 14:24:30,636 - INFO - Batch #4, last_id=30171
2026-01-14 14:24:30,665 - WARNING - 404 image found | offer_id=30179 | offer_url=https://bryansk.cian.ru/sale/flat/317925966/
2026-01-14 14:24:30,667 - WARNING - 404 image found | offer_id=30175 | offer_url=https://bryansk.cian.ru/sale/flat/318863669/
2026-01-14 14:24:30,671 - WARNING - 404 image found | offer_id=30190 | offer_url=https://bryansk.cian.ru/sale/flat/313789578/
2026-01-14 14:24:30,671 - WARNING - 404 image found | offer_id=30193 | offer_url=https://bryansk.cian.ru/sale/flat/308614921/
2026-01-14 14:24:30,677 - WARNING - 404 image found | offer_id=30189 | offer_url=https://bryansk.cian.ru/sale/flat/315430208/
2026-01-14 14:24:30,681 - WARNING - 404 image found | offer_id=30184 | offer_url=https://bryansk.cian.ru/sale/flat/316891562/
2026-01-14 14:24:30,683 - WARNING - 404 image found | offer_id=30201 | offer_url=https://bryansk.cian.ru/sale/flat/323420473/
2026-01-14 14:24:30,686 - WARNING - 404 image found | offer_id=30174 | offer_url=https://bryansk.cian.ru/sale/flat/319124187/
2026-01-14 14:24:30,687 - WARNING - 404 image found | offer_id=30204 | offer_url=https://bryansk.cian.ru/sale/flat/322927746/
2026-01-14 14:24:30,688 - WARNING - 404 image found | offer_id=30172 | offer_url=https://bryansk.cian.ru/sale/flat/319187843/
2026-01-14 14:24:30,688 - WARNING - 404 image found | offer_id=30203 | offer_url=https://bryansk.cian.ru/sale/flat/322973303/
2026-01-14 14:24:30,691 - WARNING - 404 image found | offer_id=30207 | offer_url=https://bryansk.cian.ru/sale/flat/322151867/
2026-01-14 14:24:30,694 - WARNING - 404 image found | offer_id=30206 | offer_url=https://bryansk.cian.ru/sale/flat/322849690/
2026-01-14 14:24:30,696 - WARNING - 404 image found | offer_id=30210 | offer_url=https://bryansk.cian.ru/sale/flat/322245024/
2026-01-14 14:24:30,696 - WARNING - 404 image found | offer_id=30186 | offer_url=https://bryansk.cian.ru/sale/flat/316765704/
2026-01-14 14:24:30,700 - WARNING - 404 image found | offer_id=30212 | offer_url=https://bryansk.cian.ru/sale/flat/320670899/
2026-01-14 14:24:30,706 - WARNING - 404 image found | offer_id=30214 | offer_url=https://bryansk.cian.ru/sale/flat/320647358/
2026-01-14 14:24:30,707 - WARNING - 404 image found | offer_id=30178 | offer_url=https://bryansk.cian.ru/sale/flat/318079410/
2026-01-14 14:24:30,709 - WARNING - 404 image found | offer_id=30215 | offer_url=https://bryansk.cian.ru/sale/flat/320509761/
2026-01-14 14:24:30,710 - WARNING - 404 image found | offer_id=30173 | offer_url=https://bryansk.cian.ru/sale/flat/318863670/
2026-01-14 14:24:30,711 - WARNING - 404 image found | offer_id=30180 | offer_url=https://bryansk.cian.ru/sale/flat/317922545/
2026-01-14 14:24:30,711 - WARNING - 404 image found | offer_id=30218 | offer_url=https://bryansk.cian.ru/sale/flat/320236180/
2026-01-14 14:24:30,712 - WARNING - 404 image found | offer_id=30185 | offer_url=https://bryansk.cian.ru/sale/flat/316885582/
2026-01-14 14:24:30,715 - WARNING - 404 image found | offer_id=30222 | offer_url=https://bryansk.cian.ru/sale/flat/318716017/
2026-01-14 14:24:30,716 - WARNING - 404 image found | offer_id=30223 | offer_url=https://bryansk.cian.ru/sale/flat/318402260/
2026-01-14 14:24:30,718 - WARNING - 404 image found | offer_id=30221 | offer_url=https://bryansk.cian.ru/sale/flat/319839838/
2026-01-14 14:24:30,719 - WARNING - 404 image found | offer_id=30225 | offer_url=https://bryansk.cian.ru/sale/flat/317921884/
2026-01-14 14:24:30,719 - WARNING - 404 image found | offer_id=30213 | offer_url=https://bryansk.cian.ru/sale/flat/320670907/
2026-01-14 14:24:30,720 - WARNING - 404 image found | offer_id=30181 | offer_url=https://bryansk.cian.ru/sale/flat/317919639/
2026-01-14 14:24:30,721 - WARNING - 404 image found | offer_id=30217 | offer_url=https://bryansk.cian.ru/sale/flat/320508659/
2026-01-14 14:24:30,724 - WARNING - 404 image found | offer_id=30220 | offer_url=https://bryansk.cian.ru/sale/flat/320236179/
2026-01-14 14:24:30,729 - WARNING - 404 image found | offer_id=30194 | offer_url=https://bryansk.cian.ru/sale/flat/308535238/
2026-01-14 14:24:30,734 - WARNING - 404 image found | offer_id=30228 | offer_url=https://bryansk.cian.ru/sale/flat/316890737/
2026-01-14 14:24:30,734 - WARNING - 404 image found | offer_id=30226 | offer_url=https://bryansk.cian.ru/sale/flat/317919638/
2026-01-14 14:24:30,735 - WARNING - 404 image found | offer_id=30198 | offer_url=https://bryansk.cian.ru/sale/flat/323516208/
2026-01-14 14:24:30,738 - WARNING - 404 image found | offer_id=30219 | offer_url=https://bryansk.cian.ru/sale/flat/320236541/
2026-01-14 14:24:30,742 - WARNING - 404 image found | offer_id=30227 | offer_url=https://bryansk.cian.ru/sale/flat/316942969/
2026-01-14 14:24:30,744 - WARNING - 404 image found | offer_id=30195 | offer_url=https://bryansk.cian.ru/sale/flat/296383682/
2026-01-14 14:24:30,747 - WARNING - 404 image found | offer_id=30233 | offer_url=https://bryansk.cian.ru/sale/flat/312581779/
2026-01-14 14:24:30,747 - WARNING - 404 image found | offer_id=30183 | offer_url=https://bryansk.cian.ru/sale/flat/316942410/
2026-01-14 14:24:30,748 - WARNING - 404 image found | offer_id=30229 | offer_url=https://bryansk.cian.ru/sale/flat/316889228/
2026-01-14 14:24:30,751 - WARNING - 404 image found | offer_id=30249 | offer_url=https://bryansk.cian.ru/sale/flat/322682296/
2026-01-14 14:24:30,752 - WARNING - 404 image found | offer_id=30231 | offer_url=https://bryansk.cian.ru/sale/flat/315867089/
2026-01-14 14:24:30,752 - WARNING - 404 image found | offer_id=30230 | offer_url=https://bryansk.cian.ru/sale/flat/316374367/
2026-01-14 14:24:30,760 - WARNING - 404 image found | offer_id=30239 | offer_url=https://bryansk.cian.ru/sale/flat/309317045/
2026-01-14 14:24:30,765 - WARNING - 404 image found | offer_id=30246 | offer_url=https://bryansk.cian.ru/sale/flat/323268249/
2026-01-14 14:24:30,766 - WARNING - 404 image found | offer_id=30245 | offer_url=https://bryansk.cian.ru/sale/flat/323389659/
2026-01-14 14:24:30,770 - WARNING - 404 image found | offer_id=30209 | offer_url=https://bryansk.cian.ru/sale/flat/320671586/
2026-01-14 14:24:30,771 - WARNING - 404 image found | offer_id=30264 | offer_url=https://bryansk.cian.ru/sale/flat/320373716/
2026-01-14 14:24:30,772 - WARNING - 404 image found | offer_id=30260 | offer_url=https://bryansk.cian.ru/sale/flat/320670900/
2026-01-14 14:24:30,774 - WARNING - 404 image found | offer_id=30262 | offer_url=https://bryansk.cian.ru/sale/flat/320508655/
2026-01-14 14:24:30,778 - WARNING - 404 image found | offer_id=30266 | offer_url=https://bryansk.cian.ru/sale/flat/320236544/
2026-01-14 14:24:30,789 - WARNING - 404 image found | offer_id=30275 | offer_url=https://bryansk.cian.ru/sale/flat/317223420/
2026-01-14 14:24:30,792 - WARNING - 404 image found | offer_id=30250 | offer_url=https://bryansk.cian.ru/sale/flat/322565499/
2026-01-14 14:24:30,797 - WARNING - 404 image found | offer_id=30256 | offer_url=https://bryansk.cian.ru/sale/flat/321324398/
2026-01-14 14:24:30,798 - WARNING - 404 image found | offer_id=30270 | offer_url=https://bryansk.cian.ru/sale/flat/318827019/
2026-01-14 14:24:30,799 - WARNING - 404 image found | offer_id=30276 | offer_url=https://bryansk.cian.ru/sale/flat/316941486/
2026-01-14 14:24:30,800 - WARNING - 404 image found | offer_id=30282 | offer_url=https://bryansk.cian.ru/sale/flat/314895874/
2026-01-14 14:24:30,800 - WARNING - 404 image found | offer_id=30269 | offer_url=https://bryansk.cian.ru/sale/flat/319319571/
2026-01-14 14:24:30,801 - WARNING - 404 image found | offer_id=30280 | offer_url=https://bryansk.cian.ru/sale/flat/314860481/
2026-01-14 14:24:30,802 - WARNING - 404 image found | offer_id=30235 | offer_url=https://bryansk.cian.ru/sale/flat/310084868/
2026-01-14 14:24:30,805 - WARNING - 404 image found | offer_id=30271 | offer_url=https://bryansk.cian.ru/sale/flat/318638066/
2026-01-14 14:24:30,805 - WARNING - 404 image found | offer_id=30265 | offer_url=https://bryansk.cian.ru/sale/flat/320373711/
2026-01-14 14:24:30,806 - WARNING - 404 image found | offer_id=30277 | offer_url=https://bryansk.cian.ru/sale/flat/316621715/
2026-01-14 14:24:30,810 - WARNING - 404 image found | offer_id=30243 | offer_url=https://bryansk.cian.ru/sale/flat/323525972/
2026-01-14 14:24:30,814 - WARNING - 404 image found | offer_id=30237 | offer_url=https://bryansk.cian.ru/sale/flat/309322605/
2026-01-14 14:24:30,814 - WARNING - 404 image found | offer_id=30176 | offer_url=https://bryansk.cian.ru/sale/flat/318862129/
2026-01-14 14:24:30,816 - WARNING - 404 image found | offer_id=30283 | offer_url=https://bryansk.cian.ru/sale/flat/312058233/
2026-01-14 14:24:30,823 - WARNING - 404 image found | offer_id=30297 | offer_url=https://bryansk.cian.ru/sale/flat/322209875/
2026-01-14 14:24:30,824 - WARNING - 404 image found | offer_id=30267 | offer_url=https://bryansk.cian.ru/sale/flat/320236543/
2026-01-14 14:24:30,824 - WARNING - 404 image found | offer_id=30290 | offer_url=https://bryansk.cian.ru/sale/flat/323559141/
2026-01-14 14:24:30,827 - WARNING - 404 image found | offer_id=30293 | offer_url=https://bryansk.cian.ru/sale/flat/323156426/
2026-01-14 14:24:30,831 - WARNING - 404 image found | offer_id=30303 | offer_url=https://bryansk.cian.ru/sale/flat/320430176/
2026-01-14 14:24:30,832 - WARNING - 404 image found | offer_id=30296 | offer_url=https://bryansk.cian.ru/sale/flat/322245018/
2026-01-14 14:24:30,835 - WARNING - 404 image found | offer_id=30257 | offer_url=https://bryansk.cian.ru/sale/flat/321133685/
2026-01-14 14:24:30,842 - WARNING - 404 image found | offer_id=30308 | offer_url=https://bryansk.cian.ru/sale/flat/319140129/
2026-01-14 14:24:30,845 - WARNING - 404 image found | offer_id=30304 | offer_url=https://bryansk.cian.ru/sale/flat/320115190/
2026-01-14 14:24:30,848 - WARNING - 404 image found | offer_id=30311 | offer_url=https://bryansk.cian.ru/sale/flat/318506706/
2026-01-14 14:24:30,849 - WARNING - 404 image found | offer_id=30300 | offer_url=https://bryansk.cian.ru/sale/flat/321542851/
2026-01-14 14:24:30,850 - WARNING - 404 image found | offer_id=30278 | offer_url=https://bryansk.cian.ru/sale/flat/316891068/
2026-01-14 14:24:30,854 - WARNING - 404 image found | offer_id=30299 | offer_url=https://bryansk.cian.ru/sale/flat/322094497/
2026-01-14 14:24:30,861 - WARNING - 404 image found | offer_id=30286 | offer_url=https://bryansk.cian.ru/sale/flat/310626565/
2026-01-14 14:24:30,866 - WARNING - 404 image found | offer_id=30332 | offer_url=https://bryansk.cian.ru/sale/flat/320631770/
2026-01-14 14:24:30,872 - WARNING - 404 image found | offer_id=30324 | offer_url=https://bryansk.cian.ru/sale/flat/322786692/
2026-01-14 14:24:30,874 - WARNING - 404 image found | offer_id=30329 | offer_url=https://bryansk.cian.ru/sale/flat/321523002/
2026-01-14 14:24:30,875 - WARNING - 404 image found | offer_id=30333 | offer_url=https://bryansk.cian.ru/sale/flat/319131819/
2026-01-14 14:24:30,886 - WARNING - 404 image found | offer_id=30350 | offer_url=https://bryansk.cian.ru/sale/flat/320178015/
2026-01-14 14:24:30,887 - WARNING - 404 image found | offer_id=30313 | offer_url=https://bryansk.cian.ru/sale/flat/318118479/
2026-01-14 14:24:30,890 - WARNING - 404 image found | offer_id=30336 | offer_url=https://bryansk.cian.ru/sale/flat/318083880/
2026-01-14 14:24:30,893 - WARNING - 404 image found | offer_id=30330 | offer_url=https://bryansk.cian.ru/sale/flat/320178021/
2026-01-14 14:24:30,894 - WARNING - 404 image found | offer_id=30361 | offer_url=https://bryansk.cian.ru/sale/flat/312492608/
2026-01-14 14:24:30,895 - WARNING - 404 image found | offer_id=30365 | offer_url=https://bryansk.cian.ru/sale/flat/323407388/
2026-01-14 14:24:30,898 - WARNING - 404 image found | offer_id=30358 | offer_url=https://bryansk.cian.ru/sale/flat/315729092/
2026-01-14 14:24:30,902 - WARNING - 404 image found | offer_id=30356 | offer_url=https://bryansk.cian.ru/sale/flat/318083879/
2026-01-14 14:24:30,904 - WARNING - 404 image found | offer_id=30368 | offer_url=https://bryansk.cian.ru/sale/flat/323033595/
2026-01-14 14:24:30,907 - WARNING - 404 image found | offer_id=30323 | offer_url=https://bryansk.cian.ru/sale/flat/323034140/
2026-01-14 14:24:30,910 - WARNING - 404 image found | offer_id=30371 | offer_url=https://bryansk.cian.ru/sale/flat/322878701/
2026-01-14 14:24:30,911 - WARNING - 404 image found | offer_id=30376 | offer_url=https://bryansk.cian.ru/sale/flat/320210041/
2026-01-14 14:24:30,914 - WARNING - 404 image found | offer_id=30362 | offer_url=https://bryansk.cian.ru/sale/flat/312483710/
2026-01-14 14:24:30,917 - WARNING - 404 image found | offer_id=30378 | offer_url=https://bryansk.cian.ru/sale/flat/318435659/
2026-01-14 14:24:30,919 - WARNING - 404 image found | offer_id=30355 | offer_url=https://bryansk.cian.ru/sale/flat/318116328/
2026-01-14 14:24:30,920 - WARNING - 404 image found | offer_id=30346 | offer_url=https://bryansk.cian.ru/sale/flat/322347400/
2026-01-14 14:24:30,921 - WARNING - 404 image found | offer_id=30377 | offer_url=https://bryansk.cian.ru/sale/flat/320178016/
2026-01-14 14:24:30,922 - WARNING - 404 image found | offer_id=30379 | offer_url=https://bryansk.cian.ru/sale/flat/319307124/
2026-01-14 14:24:30,925 - WARNING - 404 image found | offer_id=30380 | offer_url=https://bryansk.cian.ru/sale/flat/318417567/
2026-01-14 14:24:30,925 - WARNING - 404 image found | offer_id=30369 | offer_url=https://bryansk.cian.ru/sale/flat/322931845/
2026-01-14 14:24:30,932 - WARNING - 404 image found | offer_id=30385 | offer_url=https://bryansk.cian.ru/sale/flat/321544653/
2026-01-14 14:24:30,932 - WARNING - 404 image found | offer_id=30383 | offer_url=https://bryansk.cian.ru/sale/flat/323158147/
2026-01-14 14:24:30,933 - WARNING - 404 image found | offer_id=30310 | offer_url=https://bryansk.cian.ru/sale/flat/318635848/
2026-01-14 14:24:30,933 - WARNING - 404 image found | offer_id=30359 | offer_url=https://bryansk.cian.ru/sale/flat/316772320/
2026-01-14 14:24:30,934 - WARNING - 404 image found | offer_id=30309 | offer_url=https://bryansk.cian.ru/sale/flat/318890910/
2026-01-14 14:24:30,935 - WARNING - 404 image found | offer_id=30381 | offer_url=https://bryansk.cian.ru/sale/flat/318121429/
2026-01-14 14:24:30,935 - WARNING - 404 image found | offer_id=30389 | offer_url=https://bryansk.cian.ru/sale/flat/318636168/
2026-01-14 14:24:30,936 - WARNING - 404 image found | offer_id=30335 | offer_url=https://bryansk.cian.ru/sale/flat/318735070/
2026-01-14 14:24:30,936 - WARNING - 404 image found | offer_id=30387 | offer_url=https://bryansk.cian.ru/sale/flat/320178024/
2026-01-14 14:24:30,940 - WARNING - 404 image found | offer_id=30372 | offer_url=https://bryansk.cian.ru/sale/flat/322151567/
2026-01-14 14:24:30,941 - WARNING - 404 image found | offer_id=30392 | offer_url=https://bryansk.cian.ru/sale/flat/318083883/
2026-01-14 14:24:30,941 - WARNING - 404 image found | offer_id=30384 | offer_url=https://bryansk.cian.ru/sale/flat/322574372/
2026-01-14 14:24:30,943 - WARNING - 404 image found | offer_id=30390 | offer_url=https://bryansk.cian.ru/sale/flat/318212589/
2026-01-14 14:24:30,944 - WARNING - 404 image found | offer_id=30373 | offer_url=https://bryansk.cian.ru/sale/flat/321523001/
2026-01-14 14:24:30,944 - WARNING - 404 image found | offer_id=30364 | offer_url=https://bryansk.cian.ru/sale/flat/299233851/
2026-01-14 14:24:30,951 - WARNING - 404 image found | offer_id=30395 | offer_url=https://bryansk.cian.ru/sale/flat/312470101/
2026-01-14 14:24:30,951 - WARNING - 404 image found | offer_id=30394 | offer_url=https://bryansk.cian.ru/sale/flat/314085838/
2026-01-14 14:24:30,953 - WARNING - 404 image found | offer_id=30396 | offer_url=https://bryansk.cian.ru/sale/flat/323224343/
2026-01-14 14:24:30,956 - WARNING - 404 image found | offer_id=30398 | offer_url=https://bryansk.cian.ru/sale/flat/322788451/
2026-01-14 14:24:30,957 - WARNING - 404 image found | offer_id=30401 | offer_url=https://bryansk.cian.ru/sale/flat/321511114/
2026-01-14 14:24:30,957 - WARNING - 404 image found | offer_id=30397 | offer_url=https://bryansk.cian.ru/sale/flat/323460064/
2026-01-14 14:24:30,958 - WARNING - 404 image found | offer_id=30405 | offer_url=https://bryansk.cian.ru/sale/flat/318084225/
2026-01-14 14:24:30,965 - WARNING - 404 image found | offer_id=30408 | offer_url=https://bryansk.cian.ru/sale/flat/312668127/
2026-01-14 14:24:30,967 - WARNING - 404 image found | offer_id=30411 | offer_url=https://bryansk.cian.ru/sale/flat/323534575/
2026-01-14 14:24:30,972 - WARNING - 404 image found | offer_id=30413 | offer_url=https://bryansk.cian.ru/sale/flat/321757494/
2026-01-14 14:24:30,972 - WARNING - 404 image found | offer_id=30399 | offer_url=https://bryansk.cian.ru/sale/flat/322768251/
2026-01-14 14:24:30,973 - WARNING - 404 image found | offer_id=30370 | offer_url=https://bryansk.cian.ru/sale/flat/322878749/
2026-01-14 14:24:30,975 - WARNING - 404 image found | offer_id=30419 | offer_url=https://bryansk.cian.ru/sale/flat/318079408/
2026-01-14 14:24:30,976 - WARNING - 404 image found | offer_id=30420 | offer_url=https://bryansk.cian.ru/sale/flat/317835115/
2026-01-14 14:24:30,983 - WARNING - 404 image found | offer_id=30426 | offer_url=https://bryansk.cian.ru/sale/flat/321333898/
2026-01-14 14:24:30,988 - WARNING - 404 image found | offer_id=30410 | offer_url=https://bryansk.cian.ru/sale/flat/303678858/
2026-01-14 14:24:30,990 - WARNING - 404 image found | offer_id=30429 | offer_url=https://bryansk.cian.ru/sale/flat/323378873/
2026-01-14 14:24:30,991 - WARNING - 404 image found | offer_id=30432 | offer_url=https://bryansk.cian.ru/sale/flat/323301588/
2026-01-14 14:24:30,999 - WARNING - 404 image found | offer_id=30403 | offer_url=https://bryansk.cian.ru/sale/flat/320178025/
2026-01-14 14:24:31,001 - WARNING - 404 image found | offer_id=30446 | offer_url=https://bryansk.cian.ru/sale/flat/322321775/
2026-01-14 14:24:31,002 - WARNING - 404 image found | offer_id=30445 | offer_url=https://bryansk.cian.ru/sale/flat/322697110/
2026-01-14 14:24:31,006 - WARNING - 404 image found | offer_id=30441 | offer_url=https://bryansk.cian.ru/sale/flat/322795942/
2026-01-14 14:24:31,008 - WARNING - 404 image found | offer_id=30448 | offer_url=https://bryansk.cian.ru/sale/flat/322284951/
2026-01-14 14:24:31,009 - WARNING - 404 image found | offer_id=30400 | offer_url=https://bryansk.cian.ru/sale/flat/321901783/
2026-01-14 14:24:31,009 - WARNING - 404 image found | offer_id=30427 | offer_url=https://bryansk.cian.ru/sale/flat/323451388/
2026-01-14 14:24:31,011 - WARNING - 404 image found | offer_id=30436 | offer_url=https://bryansk.cian.ru/sale/flat/323144964/
2026-01-14 14:24:31,012 - WARNING - 404 image found | offer_id=30437 | offer_url=https://bryansk.cian.ru/sale/flat/322957771/
2026-01-14 14:24:31,022 - WARNING - 404 image found | offer_id=30404 | offer_url=https://bryansk.cian.ru/sale/flat/320178018/
2026-01-14 14:24:31,023 - WARNING - 404 image found | offer_id=30463 | offer_url=https://bryansk.cian.ru/sale/flat/321682850/
2026-01-14 14:24:31,023 - WARNING - 404 image found | offer_id=30417 | offer_url=https://bryansk.cian.ru/sale/flat/319916458/
2026-01-14 14:24:31,025 - WARNING - 404 image found | offer_id=30465 | offer_url=https://bryansk.cian.ru/sale/flat/321426068/
2026-01-14 14:24:31,029 - WARNING - 404 image found | offer_id=30459 | offer_url=https://bryansk.cian.ru/sale/flat/321755895/
2026-01-14 14:24:31,029 - WARNING - 404 image found | offer_id=30460 | offer_url=https://bryansk.cian.ru/sale/flat/321775859/
2026-01-14 14:24:31,030 - WARNING - 404 image found | offer_id=30470 | offer_url=https://bryansk.cian.ru/sale/flat/320007299/
2026-01-14 14:24:31,036 - WARNING - 404 image found | offer_id=30468 | offer_url=https://bryansk.cian.ru/sale/flat/320835369/
2026-01-14 14:24:31,036 - WARNING - 404 image found | offer_id=30451 | offer_url=https://bryansk.cian.ru/sale/flat/322170463/
2026-01-14 14:24:31,037 - WARNING - 404 image found | offer_id=30435 | offer_url=https://bryansk.cian.ru/sale/flat/323172280/
2026-01-14 14:24:31,042 - WARNING - 404 image found | offer_id=30471 | offer_url=https://bryansk.cian.ru/sale/flat/319903370/
2026-01-14 14:24:31,042 - WARNING - 404 image found | offer_id=30461 | offer_url=https://bryansk.cian.ru/sale/flat/321745834/
2026-01-14 14:24:31,043 - WARNING - 404 image found | offer_id=30477 | offer_url=https://bryansk.cian.ru/sale/flat/319428004/
2026-01-14 14:24:31,043 - WARNING - 404 image found | offer_id=30479 | offer_url=https://bryansk.cian.ru/sale/flat/318876432/
2026-01-14 14:24:31,045 - WARNING - 404 image found | offer_id=30476 | offer_url=https://bryansk.cian.ru/sale/flat/319434811/
2026-01-14 14:24:31,049 - WARNING - 404 image found | offer_id=30431 | offer_url=https://bryansk.cian.ru/sale/flat/323354264/
2026-01-14 14:24:31,052 - WARNING - 404 image found | offer_id=30438 | offer_url=https://bryansk.cian.ru/sale/flat/322955421/
2026-01-14 14:24:31,057 - WARNING - 404 image found | offer_id=30486 | offer_url=https://bryansk.cian.ru/sale/flat/317267127/
2026-01-14 14:24:31,057 - WARNING - 404 image found | offer_id=30481 | offer_url=https://bryansk.cian.ru/sale/flat/318463789/
2026-01-14 14:24:31,060 - WARNING - 404 image found | offer_id=30487 | offer_url=https://bryansk.cian.ru/sale/flat/317221141/
2026-01-14 14:24:31,064 - WARNING - 404 image found | offer_id=30475 | offer_url=https://bryansk.cian.ru/sale/flat/319451227/
2026-01-14 14:24:31,065 - WARNING - 404 image found | offer_id=30464 | offer_url=https://bryansk.cian.ru/sale/flat/321634472/
2026-01-14 14:24:31,065 - WARNING - 404 image found | offer_id=30489 | offer_url=https://bryansk.cian.ru/sale/flat/315154350/
2026-01-14 14:24:31,066 - WARNING - 404 image found | offer_id=30443 | offer_url=https://bryansk.cian.ru/sale/flat/322750828/
2026-01-14 14:24:31,067 - WARNING - 404 image found | offer_id=30490 | offer_url=https://bryansk.cian.ru/sale/flat/315349053/
2026-01-14 14:24:31,067 - WARNING - 404 image found | offer_id=30494 | offer_url=https://bryansk.cian.ru/sale/flat/312761779/
2026-01-14 14:24:31,070 - WARNING - 404 image found | offer_id=30482 | offer_url=https://bryansk.cian.ru/sale/flat/318352514/
2026-01-14 14:24:31,071 - WARNING - 404 image found | offer_id=30493 | offer_url=https://bryansk.cian.ru/sale/flat/314896589/
2026-01-14 14:24:31,072 - WARNING - 404 image found | offer_id=30485 | offer_url=https://bryansk.cian.ru/sale/flat/317610667/
2026-01-14 14:24:31,080 - WARNING - 404 image found | offer_id=30501 | offer_url=https://bryansk.cian.ru/sale/flat/309868807/
2026-01-14 14:24:31,081 - WARNING - 404 image found | offer_id=30495 | offer_url=https://bryansk.cian.ru/sale/flat/312135105/
2026-01-14 14:24:31,097 - WARNING - 404 image found | offer_id=30512 | offer_url=https://bryansk.cian.ru/sale/flat/299806003/
2026-01-14 14:24:31,098 - WARNING - 404 image found | offer_id=30513 | offer_url=https://bryansk.cian.ru/sale/flat/288981281/
2026-01-14 14:24:31,098 - WARNING - 404 image found | offer_id=30480 | offer_url=https://bryansk.cian.ru/sale/flat/318841612/
2026-01-14 14:24:31,100 - WARNING - 404 image found | offer_id=30478 | offer_url=https://bryansk.cian.ru/sale/flat/319347327/
2026-01-14 14:24:31,102 - WARNING - 404 image found | offer_id=30516 | offer_url=https://bryansk.cian.ru/sale/flat/323434709/
2026-01-14 14:24:31,106 - WARNING - 404 image found | offer_id=30500 | offer_url=https://bryansk.cian.ru/sale/flat/310831782/
2026-01-14 14:24:31,113 - WARNING - 404 image found | offer_id=30488 | offer_url=https://bryansk.cian.ru/sale/flat/316670713/
2026-01-14 14:24:31,118 - WARNING - 404 image found | offer_id=30530 | offer_url=https://bryansk.cian.ru/sale/flat/322834942/
2026-01-14 14:24:31,120 - WARNING - 404 image found | offer_id=30492 | offer_url=https://bryansk.cian.ru/sale/flat/313037165/
2026-01-14 14:24:31,121 - WARNING - 404 image found | offer_id=30525 | offer_url=https://bryansk.cian.ru/sale/flat/322878996/
2026-01-14 14:24:31,122 - WARNING - 404 image found | offer_id=30514 | offer_url=https://bryansk.cian.ru/sale/flat/323569777/
2026-01-14 14:24:31,124 - WARNING - 404 image found | offer_id=30531 | offer_url=https://bryansk.cian.ru/sale/flat/322834913/
2026-01-14 14:24:31,125 - WARNING - 404 image found | offer_id=30424 | offer_url=https://bryansk.cian.ru/sale/flat/293335661/
2026-01-14 14:24:31,131 - WARNING - 404 image found | offer_id=30537 | offer_url=https://bryansk.cian.ru/sale/flat/322070401/
2026-01-14 14:24:31,133 - WARNING - 404 image found | offer_id=30523 | offer_url=https://bryansk.cian.ru/sale/flat/322879125/
2026-01-14 14:24:31,135 - WARNING - 404 image found | offer_id=30541 | offer_url=https://bryansk.cian.ru/sale/flat/321837092/
2026-01-14 14:24:31,135 - WARNING - 404 image found | offer_id=30538 | offer_url=https://bryansk.cian.ru/sale/flat/322019033/
2026-01-14 14:24:31,136 - WARNING - 404 image found | offer_id=30542 | offer_url=https://bryansk.cian.ru/sale/flat/321865601/
2026-01-14 14:24:31,138 - WARNING - 404 image found | offer_id=30506 | offer_url=https://bryansk.cian.ru/sale/flat/308344717/
2026-01-14 14:24:31,139 - WARNING - 404 image found | offer_id=30527 | offer_url=https://bryansk.cian.ru/sale/flat/322878654/
2026-01-14 14:24:31,141 - WARNING - 404 image found | offer_id=30544 | offer_url=https://bryansk.cian.ru/sale/flat/321693910/
2026-01-14 14:24:31,142 - WARNING - 404 image found | offer_id=30548 | offer_url=https://bryansk.cian.ru/sale/flat/321397577/
2026-01-14 14:24:31,146 - WARNING - 404 image found | offer_id=30540 | offer_url=https://bryansk.cian.ru/sale/flat/321982314/
2026-01-14 14:24:31,148 - WARNING - 404 image found | offer_id=30534 | offer_url=https://bryansk.cian.ru/sale/flat/322303683/
2026-01-14 14:24:31,150 - WARNING - 404 image found | offer_id=30552 | offer_url=https://bryansk.cian.ru/sale/flat/321066540/
2026-01-14 14:24:31,151 - WARNING - 404 image found | offer_id=30556 | offer_url=https://bryansk.cian.ru/sale/flat/320564388/
2026-01-14 14:24:31,157 - WARNING - 404 image found | offer_id=30561 | offer_url=https://bryansk.cian.ru/sale/flat/319818867/
2026-01-14 14:24:31,163 - WARNING - 404 image found | offer_id=30563 | offer_url=https://bryansk.cian.ru/sale/flat/319342736/
2026-01-14 14:24:31,164 - WARNING - 404 image found | offer_id=30566 | offer_url=https://bryansk.cian.ru/sale/flat/318950888/
2026-01-14 14:24:31,164 - WARNING - 404 image found | offer_id=30565 | offer_url=https://bryansk.cian.ru/sale/flat/319182178/
2026-01-14 14:24:31,166 - WARNING - 404 image found | offer_id=30545 | offer_url=https://bryansk.cian.ru/sale/flat/321627151/
2026-01-14 14:24:31,171 - WARNING - 404 image found | offer_id=30567 | offer_url=https://bryansk.cian.ru/sale/flat/318844750/
2026-01-14 14:24:31,172 - WARNING - 404 image found | offer_id=30575 | offer_url=https://bryansk.cian.ru/sale/flat/317523680/
2026-01-14 14:24:31,176 - WARNING - 404 image found | offer_id=30574 | offer_url=https://bryansk.cian.ru/sale/flat/317927147/
2026-01-14 14:24:31,179 - WARNING - 404 image found | offer_id=30582 | offer_url=https://bryansk.cian.ru/sale/flat/314627085/
2026-01-14 14:24:31,186 - WARNING - 404 image found | offer_id=30577 | offer_url=https://bryansk.cian.ru/sale/flat/316195106/
2026-01-14 14:24:31,187 - WARNING - 404 image found | offer_id=30569 | offer_url=https://bryansk.cian.ru/sale/flat/318700794/
2026-01-14 14:24:31,187 - WARNING - 404 image found | offer_id=30576 | offer_url=https://bryansk.cian.ru/sale/flat/316426089/
2026-01-14 14:24:31,188 - WARNING - 404 image found | offer_id=30532 | offer_url=https://bryansk.cian.ru/sale/flat/322695712/
2026-01-14 14:24:31,190 - WARNING - 404 image found | offer_id=30570 | offer_url=https://bryansk.cian.ru/sale/flat/318344617/
2026-01-14 14:24:31,192 - WARNING - 404 image found | offer_id=30584 | offer_url=https://bryansk.cian.ru/sale/flat/314135098/
2026-01-14 14:24:31,193 - WARNING - 404 image found | offer_id=30594 | offer_url=https://bryansk.cian.ru/sale/flat/308555902/
2026-01-14 14:24:31,210 - WARNING - 404 image found | offer_id=30586 | offer_url=https://bryansk.cian.ru/sale/flat/313893254/
2026-01-14 14:24:31,210 - WARNING - 404 image found | offer_id=30568 | offer_url=https://bryansk.cian.ru/sale/flat/318770889/
2026-01-14 14:24:31,210 - WARNING - 404 image found | offer_id=30593 | offer_url=https://bryansk.cian.ru/sale/flat/309341815/
2026-01-14 14:24:31,210 - WARNING - 404 image found | offer_id=30558 | offer_url=https://bryansk.cian.ru/sale/flat/320145295/
2026-01-14 14:24:31,211 - WARNING - 404 image found | offer_id=30458 | offer_url=https://bryansk.cian.ru/sale/flat/321790020/
2026-01-14 14:24:31,212 - WARNING - 404 image found | offer_id=30572 | offer_url=https://bryansk.cian.ru/sale/flat/318031635/
2026-01-14 14:24:31,212 - WARNING - 404 image found | offer_id=30602 | offer_url=https://bryansk.cian.ru/sale/flat/304478115/
2026-01-14 14:24:31,215 - WARNING - 404 image found | offer_id=30592 | offer_url=https://bryansk.cian.ru/sale/flat/309968741/
2026-01-14 14:24:31,216 - WARNING - 404 image found | offer_id=30609 | offer_url=https://bryansk.cian.ru/sale/flat/323252635/
2026-01-14 14:24:31,219 - WARNING - 404 image found | offer_id=30611 | offer_url=https://bryansk.cian.ru/sale/flat/323089233/
2026-01-14 14:24:31,230 - WARNING - 404 image found | offer_id=30588 | offer_url=https://bryansk.cian.ru/sale/flat/310923490/
2026-01-14 14:24:31,231 - WARNING - 404 image found | offer_id=30615 | offer_url=https://bryansk.cian.ru/sale/flat/322878842/
2026-01-14 14:24:31,233 - WARNING - 404 image found | offer_id=30624 | offer_url=https://bryansk.cian.ru/sale/flat/322068898/
2026-01-14 14:24:31,234 - WARNING - 404 image found | offer_id=30622 | offer_url=https://bryansk.cian.ru/sale/flat/322235293/
2026-01-14 14:24:31,236 - WARNING - 404 image found | offer_id=30618 | offer_url=https://bryansk.cian.ru/sale/flat/322358389/
2026-01-14 14:24:31,238 - WARNING - 404 image found | offer_id=30601 | offer_url=https://bryansk.cian.ru/sale/flat/304532539/
2026-01-14 14:24:31,239 - WARNING - 404 image found | offer_id=30617 | offer_url=https://bryansk.cian.ru/sale/flat/322649597/
2026-01-14 14:24:31,240 - WARNING - 404 image found | offer_id=30630 | offer_url=https://bryansk.cian.ru/sale/flat/321125372/
2026-01-14 14:24:31,241 - WARNING - 404 image found | offer_id=30621 | offer_url=https://bryansk.cian.ru/sale/flat/322303105/
2026-01-14 14:24:31,242 - WARNING - 404 image found | offer_id=30628 | offer_url=https://bryansk.cian.ru/sale/flat/321438659/
2026-01-14 14:24:31,242 - WARNING - 404 image found | offer_id=30632 | offer_url=https://bryansk.cian.ru/sale/flat/321015096/
2026-01-14 14:24:31,248 - WARNING - 404 image found | offer_id=30633 | offer_url=https://bryansk.cian.ru/sale/flat/320767914/
2026-01-14 14:24:31,249 - WARNING - 404 image found | offer_id=30637 | offer_url=https://bryansk.cian.ru/sale/flat/320407845/
2026-01-14 14:24:31,253 - WARNING - 404 image found | offer_id=30643 | offer_url=https://bryansk.cian.ru/sale/flat/319468815/
2026-01-14 14:24:31,254 - WARNING - 404 image found | offer_id=30644 | offer_url=https://bryansk.cian.ru/sale/flat/318990773/
2026-01-14 14:24:31,254 - WARNING - 404 image found | offer_id=30639 | offer_url=https://bryansk.cian.ru/sale/flat/320267219/
2026-01-14 14:24:31,254 - WARNING - 404 image found | offer_id=30634 | offer_url=https://bryansk.cian.ru/sale/flat/320409168/
2026-01-14 14:24:31,255 - WARNING - 404 image found | offer_id=30590 | offer_url=https://bryansk.cian.ru/sale/flat/310831007/
2026-01-14 14:24:31,256 - WARNING - 404 image found | offer_id=30635 | offer_url=https://bryansk.cian.ru/sale/flat/320351055/
2026-01-14 14:24:31,257 - WARNING - 404 image found | offer_id=30631 | offer_url=https://bryansk.cian.ru/sale/flat/321091061/
2026-01-14 14:24:31,257 - WARNING - 404 image found | offer_id=30627 | offer_url=https://bryansk.cian.ru/sale/flat/321710425/
2026-01-14 14:24:31,262 - WARNING - 404 image found | offer_id=30636 | offer_url=https://bryansk.cian.ru/sale/flat/320341586/
2026-01-14 14:24:31,262 - WARNING - 404 image found | offer_id=30650 | offer_url=https://bryansk.cian.ru/sale/flat/317833886/
2026-01-14 14:24:31,266 - WARNING - 404 image found | offer_id=30653 | offer_url=https://bryansk.cian.ru/sale/flat/317666847/
2026-01-14 14:24:31,271 - WARNING - 404 image found | offer_id=30661 | offer_url=https://bryansk.cian.ru/sale/flat/315219145/
2026-01-14 14:24:31,274 - WARNING - 404 image found | offer_id=30660 | offer_url=https://bryansk.cian.ru/sale/flat/315967998/
2026-01-14 14:24:31,274 - WARNING - 404 image found | offer_id=30654 | offer_url=https://bryansk.cian.ru/sale/flat/317477673/
2026-01-14 14:24:31,278 - WARNING - 404 image found | offer_id=30659 | offer_url=https://bryansk.cian.ru/sale/flat/316147793/
2026-01-14 14:24:31,281 - WARNING - 404 image found | offer_id=30645 | offer_url=https://bryansk.cian.ru/sale/flat/318235787/
2026-01-14 14:24:31,283 - WARNING - 404 image found | offer_id=30651 | offer_url=https://bryansk.cian.ru/sale/flat/317499636/
2026-01-14 14:24:31,283 - WARNING - 404 image found | offer_id=30649 | offer_url=https://bryansk.cian.ru/sale/flat/317838127/
2026-01-14 14:24:31,287 - WARNING - 404 image found | offer_id=30666 | offer_url=https://bryansk.cian.ru/sale/flat/312909818/
2026-01-14 14:24:31,288 - WARNING - 404 image found | offer_id=30663 | offer_url=https://bryansk.cian.ru/sale/flat/314477455/
2026-01-14 14:24:31,289 - WARNING - 404 image found | offer_id=30675 | offer_url=https://bryansk.cian.ru/sale/flat/309663754/
2026-01-14 14:24:31,292 - WARNING - 404 image found | offer_id=30646 | offer_url=https://bryansk.cian.ru/sale/flat/318771483/
2026-01-14 14:24:31,295 - WARNING - 404 image found | offer_id=30638 | offer_url=https://bryansk.cian.ru/sale/flat/320285973/
2026-01-14 14:24:31,298 - WARNING - 404 image found | offer_id=30665 | offer_url=https://bryansk.cian.ru/sale/flat/313733040/
2026-01-14 14:24:31,301 - WARNING - 404 image found | offer_id=30678 | offer_url=https://bryansk.cian.ru/sale/flat/309819299/
2026-01-14 14:24:31,312 - WARNING - 404 image found | offer_id=30573 | offer_url=https://bryansk.cian.ru/sale/flat/318167468/
2026-01-14 14:24:31,322 - WARNING - 404 image found | offer_id=30668 | offer_url=https://bryansk.cian.ru/sale/flat/312106200/
2026-01-14 14:24:31,330 - WARNING - 404 image found | offer_id=30664 | offer_url=https://bryansk.cian.ru/sale/flat/314103552/
2026-01-14 14:24:31,335 - WARNING - 404 image found | offer_id=30648 | offer_url=https://bryansk.cian.ru/sale/flat/317927146/
2026-01-14 14:24:31,395 - WARNING - 404 image found | offer_id=30662 | offer_url=https://bryansk.cian.ru/sale/flat/314894641/
2026-01-14 14:24:31,398 - WARNING - 404 image found | offer_id=30658 | offer_url=https://bryansk.cian.ru/sale/flat/316244520/
2026-01-14 14:24:31,412 - INFO - checked=2000, 404=1146, deleted=1100, deactivated=0, speed=213.9/s
2026-01-14 14:24:31,412 - INFO - Batch #5, last_id=30679
2026-01-14 14:24:31,441 - WARNING - 404 image found | offer_id=30688 | offer_url=https://bryansk.cian.ru/sale/flat/294873502/
2026-01-14 14:24:31,447 - WARNING - 404 image found | offer_id=30698 | offer_url=https://bryansk.cian.ru/sale/flat/323308644/
2026-01-14 14:24:31,448 - WARNING - 404 image found | offer_id=30681 | offer_url=https://bryansk.cian.ru/sale/flat/308534707/
2026-01-14 14:24:31,450 - WARNING - 404 image found | offer_id=30689 | offer_url=https://bryansk.cian.ru/sale/flat/291690769/
2026-01-14 14:24:31,450 - WARNING - 404 image found | offer_id=30690 | offer_url=https://bryansk.cian.ru/sale/flat/279632645/
2026-01-14 14:24:31,452 - WARNING - 404 image found | offer_id=30692 | offer_url=https://bryansk.cian.ru/sale/flat/323553047/
2026-01-14 14:24:31,452 - WARNING - 404 image found | offer_id=30696 | offer_url=https://bryansk.cian.ru/sale/flat/323201615/
2026-01-14 14:24:31,453 - WARNING - 404 image found | offer_id=30694 | offer_url=https://bryansk.cian.ru/sale/flat/323374431/
2026-01-14 14:24:31,455 - WARNING - 404 image found | offer_id=30709 | offer_url=https://bryansk.cian.ru/sale/flat/322245017/
2026-01-14 14:24:31,468 - WARNING - 404 image found | offer_id=30718 | offer_url=https://bryansk.cian.ru/sale/flat/320971021/
2026-01-14 14:24:31,469 - WARNING - 404 image found | offer_id=30708 | offer_url=https://bryansk.cian.ru/sale/flat/322288299/
2026-01-14 14:24:31,470 - WARNING - 404 image found | offer_id=30713 | offer_url=https://bryansk.cian.ru/sale/flat/321232962/
2026-01-14 14:24:31,471 - WARNING - 404 image found | offer_id=30722 | offer_url=https://bryansk.cian.ru/sale/flat/320589833/
2026-01-14 14:24:31,473 - WARNING - 404 image found | offer_id=30719 | offer_url=https://bryansk.cian.ru/sale/flat/320959915/
2026-01-14 14:24:31,475 - WARNING - 404 image found | offer_id=30724 | offer_url=https://bryansk.cian.ru/sale/flat/320376359/
2026-01-14 14:24:31,476 - WARNING - 404 image found | offer_id=30712 | offer_url=https://bryansk.cian.ru/sale/flat/321680485/
2026-01-14 14:24:31,481 - WARNING - 404 image found | offer_id=30691 | offer_url=https://bryansk.cian.ru/sale/flat/273807968/
2026-01-14 14:24:31,482 - WARNING - 404 image found | offer_id=30729 | offer_url=https://bryansk.cian.ru/sale/flat/319763823/
2026-01-14 14:24:31,483 - WARNING - 404 image found | offer_id=30720 | offer_url=https://bryansk.cian.ru/sale/flat/320955996/
2026-01-14 14:24:31,483 - WARNING - 404 image found | offer_id=30710 | offer_url=https://bryansk.cian.ru/sale/flat/321843566/
2026-01-14 14:24:31,484 - WARNING - 404 image found | offer_id=30733 | offer_url=https://bryansk.cian.ru/sale/flat/319341761/
2026-01-14 14:24:31,486 - WARNING - 404 image found | offer_id=30734 | offer_url=https://bryansk.cian.ru/sale/flat/319292714/
2026-01-14 14:24:31,492 - WARNING - 404 image found | offer_id=30700 | offer_url=https://bryansk.cian.ru/sale/flat/323014305/
2026-01-14 14:24:31,496 - WARNING - 404 image found | offer_id=30726 | offer_url=https://bryansk.cian.ru/sale/flat/320234497/
2026-01-14 14:24:31,496 - WARNING - 404 image found | offer_id=30736 | offer_url=https://bryansk.cian.ru/sale/flat/318988155/
2026-01-14 14:24:31,498 - WARNING - 404 image found | offer_id=30732 | offer_url=https://bryansk.cian.ru/sale/flat/319548625/
2026-01-14 14:24:31,498 - WARNING - 404 image found | offer_id=30728 | offer_url=https://bryansk.cian.ru/sale/flat/319855860/
2026-01-14 14:24:31,500 - WARNING - 404 image found | offer_id=30743 | offer_url=https://bryansk.cian.ru/sale/flat/317925983/
2026-01-14 14:24:31,500 - WARNING - 404 image found | offer_id=30746 | offer_url=https://bryansk.cian.ru/sale/flat/317833888/
2026-01-14 14:24:31,501 - WARNING - 404 image found | offer_id=30739 | offer_url=https://bryansk.cian.ru/sale/flat/319036774/
2026-01-14 14:24:31,501 - WARNING - 404 image found | offer_id=30748 | offer_url=https://bryansk.cian.ru/sale/flat/317411369/
2026-01-14 14:24:31,502 - WARNING - 404 image found | offer_id=30752 | offer_url=https://bryansk.cian.ru/sale/flat/315979742/
2026-01-14 14:24:31,503 - WARNING - 404 image found | offer_id=30717 | offer_url=https://bryansk.cian.ru/sale/flat/321036707/
2026-01-14 14:24:31,506 - WARNING - 404 image found | offer_id=30750 | offer_url=https://bryansk.cian.ru/sale/flat/316058925/
2026-01-14 14:24:31,510 - WARNING - 404 image found | offer_id=30751 | offer_url=https://bryansk.cian.ru/sale/flat/316030149/
2026-01-14 14:24:31,514 - WARNING - 404 image found | offer_id=30744 | offer_url=https://bryansk.cian.ru/sale/flat/317869462/
2026-01-14 14:24:31,521 - WARNING - 404 image found | offer_id=30764 | offer_url=https://bryansk.cian.ru/sale/flat/312761022/
2026-01-14 14:24:31,522 - WARNING - 404 image found | offer_id=30765 | offer_url=https://bryansk.cian.ru/sale/flat/312240256/
2026-01-14 14:24:31,529 - WARNING - 404 image found | offer_id=30769 | offer_url=https://bryansk.cian.ru/sale/flat/309980091/
2026-01-14 14:24:31,529 - WARNING - 404 image found | offer_id=30749 | offer_url=https://bryansk.cian.ru/sale/flat/316944964/
2026-01-14 14:24:31,532 - WARNING - 404 image found | offer_id=30772 | offer_url=https://bryansk.cian.ru/sale/flat/308534387/
2026-01-14 14:24:31,537 - WARNING - 404 image found | offer_id=30737 | offer_url=https://bryansk.cian.ru/sale/flat/319088895/
2026-01-14 14:24:31,540 - WARNING - 404 image found | offer_id=30774 | offer_url=https://bryansk.cian.ru/sale/flat/293900775/
2026-01-14 14:24:31,541 - WARNING - 404 image found | offer_id=30773 | offer_url=https://bryansk.cian.ru/sale/flat/308386768/
2026-01-14 14:24:31,542 - WARNING - 404 image found | offer_id=30776 | offer_url=https://bryansk.cian.ru/sale/flat/323570362/
2026-01-14 14:24:31,545 - WARNING - 404 image found | offer_id=30768 | offer_url=https://bryansk.cian.ru/sale/flat/311246280/
2026-01-14 14:24:31,550 - WARNING - 404 image found | offer_id=30780 | offer_url=https://bryansk.cian.ru/sale/flat/323523795/
2026-01-14 14:24:31,557 - WARNING - 404 image found | offer_id=30762 | offer_url=https://bryansk.cian.ru/sale/flat/313997109/
2026-01-14 14:24:31,559 - WARNING - 404 image found | offer_id=30695 | offer_url=https://bryansk.cian.ru/sale/flat/323536082/
2026-01-14 14:24:31,559 - WARNING - 404 image found | offer_id=30788 | offer_url=https://bryansk.cian.ru/sale/flat/323159553/
2026-01-14 14:24:31,563 - WARNING - 404 image found | offer_id=30763 | offer_url=https://bryansk.cian.ru/sale/flat/312980591/
2026-01-14 14:24:31,565 - WARNING - 404 image found | offer_id=30791 | offer_url=https://bryansk.cian.ru/sale/flat/323041843/
2026-01-14 14:24:31,567 - WARNING - 404 image found | offer_id=30790 | offer_url=https://bryansk.cian.ru/sale/flat/323068028/
2026-01-14 14:24:31,574 - WARNING - 404 image found | offer_id=30783 | offer_url=https://bryansk.cian.ru/sale/flat/323311731/
2026-01-14 14:24:31,575 - WARNING - 404 image found | offer_id=30781 | offer_url=https://bryansk.cian.ru/sale/flat/323477305/
2026-01-14 14:24:31,577 - WARNING - 404 image found | offer_id=30754 | offer_url=https://bryansk.cian.ru/sale/flat/315553985/
2026-01-14 14:24:31,578 - WARNING - 404 image found | offer_id=30775 | offer_url=https://bryansk.cian.ru/sale/flat/285781989/
2026-01-14 14:24:31,582 - WARNING - 404 image found | offer_id=30757 | offer_url=https://bryansk.cian.ru/sale/flat/315341100/
2026-01-14 14:24:31,585 - WARNING - 404 image found | offer_id=30747 | offer_url=https://bryansk.cian.ru/sale/flat/317460575/
2026-01-14 14:24:31,607 - WARNING - 404 image found | offer_id=30806 | offer_url=https://bryansk.cian.ru/sale/flat/321842123/
2026-01-14 14:24:31,617 - WARNING - 404 image found | offer_id=30759 | offer_url=https://bryansk.cian.ru/sale/flat/314923014/
2026-01-14 14:24:31,619 - WARNING - 404 image found | offer_id=30823 | offer_url=https://bryansk.cian.ru/sale/flat/319763600/
2026-01-14 14:24:31,624 - WARNING - 404 image found | offer_id=30829 | offer_url=https://bryansk.cian.ru/sale/flat/318378149/
2026-01-14 14:24:31,629 - WARNING - 404 image found | offer_id=30808 | offer_url=https://bryansk.cian.ru/sale/flat/321663982/
2026-01-14 14:24:31,630 - WARNING - 404 image found | offer_id=30786 | offer_url=https://bryansk.cian.ru/sale/flat/323230253/
2026-01-14 14:24:31,639 - WARNING - 404 image found | offer_id=30843 | offer_url=https://bryansk.cian.ru/sale/flat/315162316/
2026-01-14 14:24:31,650 - WARNING - 404 image found | offer_id=30835 | offer_url=https://bryansk.cian.ru/sale/flat/317557225/
2026-01-14 14:24:31,650 - WARNING - 404 image found | offer_id=30830 | offer_url=https://bryansk.cian.ru/sale/flat/318348463/
2026-01-14 14:24:31,662 - WARNING - 404 image found | offer_id=30804 | offer_url=https://bryansk.cian.ru/sale/flat/322190259/
2026-01-14 14:24:31,666 - WARNING - 404 image found | offer_id=30845 | offer_url=https://bryansk.cian.ru/sale/flat/313988207/
2026-01-14 14:24:31,679 - WARNING - 404 image found | offer_id=30837 | offer_url=https://bryansk.cian.ru/sale/flat/317116047/
2026-01-14 14:24:31,680 - WARNING - 404 image found | offer_id=30832 | offer_url=https://bryansk.cian.ru/sale/flat/317801532/
2026-01-14 14:24:31,685 - WARNING - 404 image found | offer_id=30848 | offer_url=https://bryansk.cian.ru/sale/flat/313267976/
2026-01-14 14:24:31,691 - WARNING - 404 image found | offer_id=30846 | offer_url=https://bryansk.cian.ru/sale/flat/313878271/
2026-01-14 14:24:31,703 - WARNING - 404 image found | offer_id=30853 | offer_url=https://bryansk.cian.ru/sale/flat/311044163/
2026-01-14 14:24:31,705 - WARNING - 404 image found | offer_id=30854 | offer_url=https://bryansk.cian.ru/sale/flat/310574197/
2026-01-14 14:24:31,707 - WARNING - 404 image found | offer_id=30825 | offer_url=https://bryansk.cian.ru/sale/flat/318783115/
2026-01-14 14:24:31,709 - WARNING - 404 image found | offer_id=30849 | offer_url=https://bryansk.cian.ru/sale/flat/312887846/
2026-01-14 14:24:31,712 - WARNING - 404 image found | offer_id=30836 | offer_url=https://bryansk.cian.ru/sale/flat/317323125/
2026-01-14 14:24:31,723 - WARNING - 404 image found | offer_id=30838 | offer_url=https://bryansk.cian.ru/sale/flat/316995974/
2026-01-14 14:24:31,724 - WARNING - 404 image found | offer_id=30861 | offer_url=https://bryansk.cian.ru/sale/flat/303467553/
2026-01-14 14:24:31,726 - WARNING - 404 image found | offer_id=30842 | offer_url=https://bryansk.cian.ru/sale/flat/315438456/
2026-01-14 14:24:31,729 - WARNING - 404 image found | offer_id=30818 | offer_url=https://bryansk.cian.ru/sale/flat/320416670/
2026-01-14 14:24:31,736 - WARNING - 404 image found | offer_id=30841 | offer_url=https://bryansk.cian.ru/sale/flat/315553659/
2026-01-14 14:24:31,756 - WARNING - 404 image found | offer_id=30863 | offer_url=https://bryansk.cian.ru/sale/flat/299515551/
2026-01-14 14:24:31,760 - WARNING - 404 image found | offer_id=30874 | offer_url=https://bryansk.cian.ru/sale/flat/320915940/
2026-01-14 14:24:31,761 - WARNING - 404 image found | offer_id=30882 | offer_url=https://bryansk.cian.ru/sale/flat/316943456/
2026-01-14 14:24:31,771 - WARNING - 404 image found | offer_id=30871 | offer_url=https://bryansk.cian.ru/sale/flat/321778980/
2026-01-14 14:24:31,771 - WARNING - 404 image found | offer_id=30833 | offer_url=https://bryansk.cian.ru/sale/flat/317835106/
2026-01-14 14:24:31,773 - WARNING - 404 image found | offer_id=30844 | offer_url=https://bryansk.cian.ru/sale/flat/314212514/
2026-01-14 14:24:31,780 - WARNING - 404 image found | offer_id=30761 | offer_url=https://bryansk.cian.ru/sale/flat/312991153/
2026-01-14 14:24:31,789 - WARNING - 404 image found | offer_id=30797 | offer_url=https://bryansk.cian.ru/sale/flat/322878754/
2026-01-14 14:24:31,790 - WARNING - 404 image found | offer_id=30879 | offer_url=https://bryansk.cian.ru/sale/flat/318635770/
2026-01-14 14:24:31,805 - WARNING - 404 image found | offer_id=30809 | offer_url=https://bryansk.cian.ru/sale/flat/321342953/
2026-01-14 14:24:31,809 - WARNING - 404 image found | offer_id=30888 | offer_url=https://bryansk.cian.ru/sale/flat/309968839/
2026-01-14 14:24:31,810 - WARNING - 404 image found | offer_id=30828 | offer_url=https://bryansk.cian.ru/sale/flat/318636695/
2026-01-14 14:24:31,811 - WARNING - 404 image found | offer_id=30890 | offer_url=https://bryansk.cian.ru/sale/flat/308535275/
2026-01-14 14:24:31,816 - WARNING - 404 image found | offer_id=30815 | offer_url=https://bryansk.cian.ru/sale/flat/320743171/
2026-01-14 14:24:31,827 - WARNING - 404 image found | offer_id=30891 | offer_url=https://bryansk.cian.ru/sale/flat/308344693/
2026-01-14 14:24:31,833 - WARNING - 404 image found | offer_id=30898 | offer_url=https://bryansk.cian.ru/sale/flat/321655392/
2026-01-14 14:24:31,836 - WARNING - 404 image found | offer_id=30903 | offer_url=https://bryansk.cian.ru/sale/flat/320762546/
2026-01-14 14:24:31,847 - WARNING - 404 image found | offer_id=30886 | offer_url=https://bryansk.cian.ru/sale/flat/312247827/
2026-01-14 14:24:31,848 - WARNING - 404 image found | offer_id=30799 | offer_url=https://bryansk.cian.ru/sale/flat/322878603/
2026-01-14 14:24:31,848 - WARNING - 404 image found | offer_id=30885 | offer_url=https://bryansk.cian.ru/sale/flat/312518726/
2026-01-14 14:24:31,849 - WARNING - 404 image found | offer_id=30912 | offer_url=https://bryansk.cian.ru/sale/flat/315512809/
2026-01-14 14:24:31,851 - WARNING - 404 image found | offer_id=30913 | offer_url=https://bryansk.cian.ru/sale/flat/312192461/
2026-01-14 14:24:31,860 - WARNING - 404 image found | offer_id=30915 | offer_url=https://bryansk.cian.ru/sale/flat/310270893/
2026-01-14 14:24:31,869 - WARNING - 404 image found | offer_id=30918 | offer_url=https://bryansk.cian.ru/sale/flat/323389789/
2026-01-14 14:24:31,870 - WARNING - 404 image found | offer_id=30883 | offer_url=https://bryansk.cian.ru/sale/flat/318487179/
2026-01-14 14:24:31,872 - WARNING - 404 image found | offer_id=30911 | offer_url=https://bryansk.cian.ru/sale/flat/315515719/
2026-01-14 14:24:31,877 - WARNING - 404 image found | offer_id=30920 | offer_url=https://bryansk.cian.ru/sale/flat/322768008/
2026-01-14 14:24:31,880 - WARNING - 404 image found | offer_id=30921 | offer_url=https://bryansk.cian.ru/sale/flat/322643380/
2026-01-14 14:24:31,884 - WARNING - 404 image found | offer_id=30929 | offer_url=https://bryansk.cian.ru/sale/flat/318131754/
2026-01-14 14:24:31,885 - WARNING - 404 image found | offer_id=30872 | offer_url=https://bryansk.cian.ru/sale/flat/321791203/
2026-01-14 14:24:31,896 - WARNING - 404 image found | offer_id=30936 | offer_url=https://bryansk.cian.ru/sale/flat/315554107/
2026-01-14 14:24:31,901 - WARNING - 404 image found | offer_id=30902 | offer_url=https://bryansk.cian.ru/sale/flat/319826828/
2026-01-14 14:24:31,901 - WARNING - 404 image found | offer_id=30851 | offer_url=https://bryansk.cian.ru/sale/flat/312091356/
2026-01-14 14:24:31,913 - WARNING - 404 image found | offer_id=30943 | offer_url=https://bryansk.cian.ru/sale/flat/308534341/
2026-01-14 14:24:31,914 - WARNING - 404 image found | offer_id=30948 | offer_url=https://bryansk.cian.ru/sale/flat/323374909/
2026-01-14 14:24:31,915 - WARNING - 404 image found | offer_id=30860 | offer_url=https://bryansk.cian.ru/sale/flat/304479967/
2026-01-14 14:24:31,932 - WARNING - 404 image found | offer_id=30938 | offer_url=https://bryansk.cian.ru/sale/flat/314275960/
2026-01-14 14:24:31,933 - WARNING - 404 image found | offer_id=30946 | offer_url=https://bryansk.cian.ru/sale/flat/304827497/
2026-01-14 14:24:31,939 - WARNING - 404 image found | offer_id=30949 | offer_url=https://bryansk.cian.ru/sale/flat/323374679/
2026-01-14 14:24:31,942 - WARNING - 404 image found | offer_id=30950 | offer_url=https://bryansk.cian.ru/sale/flat/323318041/
2026-01-14 14:24:31,943 - WARNING - 404 image found | offer_id=30956 | offer_url=https://bryansk.cian.ru/sale/flat/322410896/
2026-01-14 14:24:31,945 - WARNING - 404 image found | offer_id=30907 | offer_url=https://bryansk.cian.ru/sale/flat/317925978/
2026-01-14 14:24:31,947 - WARNING - 404 image found | offer_id=30884 | offer_url=https://bryansk.cian.ru/sale/flat/313331649/
2026-01-14 14:24:31,952 - WARNING - 404 image found | offer_id=30955 | offer_url=https://bryansk.cian.ru/sale/flat/322485761/
2026-01-14 14:24:31,958 - WARNING - 404 image found | offer_id=30887 | offer_url=https://bryansk.cian.ru/sale/flat/310573689/
2026-01-14 14:24:31,961 - WARNING - 404 image found | offer_id=30963 | offer_url=https://bryansk.cian.ru/sale/flat/320034748/
2026-01-14 14:24:31,963 - WARNING - 404 image found | offer_id=30927 | offer_url=https://bryansk.cian.ru/sale/flat/318819031/
2026-01-14 14:24:31,965 - WARNING - 404 image found | offer_id=30964 | offer_url=https://bryansk.cian.ru/sale/flat/319892729/
2026-01-14 14:24:31,969 - WARNING - 404 image found | offer_id=30867 | offer_url=https://bryansk.cian.ru/sale/flat/323012663/
2026-01-14 14:24:31,973 - WARNING - 404 image found | offer_id=30932 | offer_url=https://bryansk.cian.ru/sale/flat/317925976/
2026-01-14 14:24:31,974 - WARNING - 404 image found | offer_id=30970 | offer_url=https://bryansk.cian.ru/sale/flat/317905723/
2026-01-14 14:24:31,976 - WARNING - 404 image found | offer_id=30914 | offer_url=https://bryansk.cian.ru/sale/flat/311488428/
2026-01-14 14:24:31,978 - WARNING - 404 image found | offer_id=30951 | offer_url=https://bryansk.cian.ru/sale/flat/323090788/
2026-01-14 14:24:31,980 - WARNING - 404 image found | offer_id=30961 | offer_url=https://bryansk.cian.ru/sale/flat/320373705/
2026-01-14 14:24:31,984 - WARNING - 404 image found | offer_id=30967 | offer_url=https://bryansk.cian.ru/sale/flat/319346909/
2026-01-14 14:24:31,988 - WARNING - 404 image found | offer_id=30977 | offer_url=https://bryansk.cian.ru/sale/flat/310831324/
2026-01-14 14:24:31,994 - WARNING - 404 image found | offer_id=30900 | offer_url=https://bryansk.cian.ru/sale/flat/321129187/
2026-01-14 14:24:31,999 - WARNING - 404 image found | offer_id=30935 | offer_url=https://bryansk.cian.ru/sale/flat/316413129/
2026-01-14 14:24:32,001 - WARNING - 404 image found | offer_id=30985 | offer_url=https://bryansk.cian.ru/sale/flat/323093118/
2026-01-14 14:24:32,004 - WARNING - 404 image found | offer_id=30975 | offer_url=https://bryansk.cian.ru/sale/flat/312760209/
2026-01-14 14:24:32,004 - WARNING - 404 image found | offer_id=30847 | offer_url=https://bryansk.cian.ru/sale/flat/312990290/
2026-01-14 14:24:32,005 - WARNING - 404 image found | offer_id=30972 | offer_url=https://bryansk.cian.ru/sale/flat/315817344/
2026-01-14 14:24:32,008 - WARNING - 404 image found | offer_id=30852 | offer_url=https://bryansk.cian.ru/sale/flat/311044834/
2026-01-14 14:24:32,011 - WARNING - 404 image found | offer_id=30968 | offer_url=https://bryansk.cian.ru/sale/flat/318883312/
2026-01-14 14:24:32,012 - WARNING - 404 image found | offer_id=30922 | offer_url=https://bryansk.cian.ru/sale/flat/322562319/
2026-01-14 14:24:32,018 - WARNING - 404 image found | offer_id=30957 | offer_url=https://bryansk.cian.ru/sale/flat/322406787/
2026-01-14 14:24:32,025 - WARNING - 404 image found | offer_id=30991 | offer_url=https://bryansk.cian.ru/sale/flat/318768777/
2026-01-14 14:24:32,028 - WARNING - 404 image found | offer_id=30989 | offer_url=https://bryansk.cian.ru/sale/flat/320301532/
2026-01-14 14:24:32,031 - WARNING - 404 image found | offer_id=30992 | offer_url=https://bryansk.cian.ru/sale/flat/318719035/
2026-01-14 14:24:32,035 - WARNING - 404 image found | offer_id=30987 | offer_url=https://bryansk.cian.ru/sale/flat/321711955/
2026-01-14 14:24:32,040 - WARNING - 404 image found | offer_id=31002 | offer_url=https://bryansk.cian.ru/sale/flat/310466110/
2026-01-14 14:24:32,042 - WARNING - 404 image found | offer_id=30997 | offer_url=https://bryansk.cian.ru/sale/flat/314776740/
2026-01-14 14:24:32,058 - WARNING - 404 image found | offer_id=30984 | offer_url=https://bryansk.cian.ru/sale/flat/323110712/
2026-01-14 14:24:32,058 - WARNING - 404 image found | offer_id=30971 | offer_url=https://bryansk.cian.ru/sale/flat/317223555/
2026-01-14 14:24:32,059 - WARNING - 404 image found | offer_id=30995 | offer_url=https://bryansk.cian.ru/sale/flat/317404074/
2026-01-14 14:24:32,059 - WARNING - 404 image found | offer_id=31006 | offer_url=https://bryansk.cian.ru/sale/flat/303340984/
2026-01-14 14:24:32,059 - WARNING - 404 image found | offer_id=31017 | offer_url=https://bryansk.cian.ru/sale/flat/315059082/
2026-01-14 14:24:32,060 - WARNING - 404 image found | offer_id=31019 | offer_url=https://bryansk.cian.ru/sale/flat/322819356/
2026-01-14 14:24:32,063 - WARNING - 404 image found | offer_id=31021 | offer_url=https://bryansk.cian.ru/sale/flat/322878819/
2026-01-14 14:24:32,067 - WARNING - 404 image found | offer_id=31010 | offer_url=https://bryansk.cian.ru/sale/flat/321090728/
2026-01-14 14:24:32,067 - WARNING - 404 image found | offer_id=31015 | offer_url=https://bryansk.cian.ru/sale/flat/313625687/
2026-01-14 14:24:32,072 - WARNING - 404 image found | offer_id=31018 | offer_url=https://bryansk.cian.ru/sale/flat/319543667/
2026-01-14 14:24:32,073 - WARNING - 404 image found | offer_id=31012 | offer_url=https://bryansk.cian.ru/sale/flat/318156519/
2026-01-14 14:24:32,075 - WARNING - 404 image found | offer_id=30996 | offer_url=https://bryansk.cian.ru/sale/flat/317089144/
2026-01-14 14:24:32,080 - WARNING - 404 image found | offer_id=31022 | offer_url=https://bryansk.cian.ru/sale/flat/322500622/
2026-01-14 14:24:32,082 - WARNING - 404 image found | offer_id=31024 | offer_url=https://bryansk.cian.ru/sale/flat/322209045/
2026-01-14 14:24:32,102 - WARNING - 404 image found | offer_id=31041 | offer_url=https://bryansk.cian.ru/sale/flat/320376367/
2026-01-14 14:24:32,104 - WARNING - 404 image found | offer_id=31007 | offer_url=https://bryansk.cian.ru/sale/flat/322878656/
2026-01-14 14:24:32,105 - WARNING - 404 image found | offer_id=31036 | offer_url=https://bryansk.cian.ru/sale/flat/319789261/
2026-01-14 14:24:32,108 - WARNING - 404 image found | offer_id=31045 | offer_url=https://bryansk.cian.ru/sale/flat/312251833/
2026-01-14 14:24:32,108 - WARNING - 404 image found | offer_id=31053 | offer_url=https://bryansk.cian.ru/sale/flat/320376373/
2026-01-14 14:24:32,110 - WARNING - 404 image found | offer_id=31047 | offer_url=https://bryansk.cian.ru/sale/flat/289972555/
2026-01-14 14:24:32,113 - WARNING - 404 image found | offer_id=31050 | offer_url=https://bryansk.cian.ru/sale/flat/307751823/
2026-01-14 14:24:32,120 - WARNING - 404 image found | offer_id=31049 | offer_url=https://bryansk.cian.ru/sale/flat/318469022/
2026-01-14 14:24:32,123 - WARNING - 404 image found | offer_id=31059 | offer_url=https://bryansk.cian.ru/sale/flat/323001833/
2026-01-14 14:24:32,123 - WARNING - 404 image found | offer_id=31020 | offer_url=https://bryansk.cian.ru/sale/flat/320880373/
2026-01-14 14:24:32,124 - WARNING - 404 image found | offer_id=31051 | offer_url=https://bryansk.cian.ru/sale/flat/320376370/
2026-01-14 14:24:32,125 - WARNING - 404 image found | offer_id=31044 | offer_url=https://bryansk.cian.ru/sale/flat/317020149/
2026-01-14 14:24:32,126 - WARNING - 404 image found | offer_id=31063 | offer_url=https://bryansk.cian.ru/sale/flat/322926189/
2026-01-14 14:24:32,129 - WARNING - 404 image found | offer_id=31000 | offer_url=https://bryansk.cian.ru/sale/flat/314290523/
2026-01-14 14:24:32,134 - WARNING - 404 image found | offer_id=30958 | offer_url=https://bryansk.cian.ru/sale/flat/322350686/
2026-01-14 14:24:32,134 - WARNING - 404 image found | offer_id=30974 | offer_url=https://bryansk.cian.ru/sale/flat/312760720/
2026-01-14 14:24:32,137 - WARNING - 404 image found | offer_id=31062 | offer_url=https://bryansk.cian.ru/sale/flat/321866272/
2026-01-14 14:24:32,139 - WARNING - 404 image found | offer_id=31055 | offer_url=https://bryansk.cian.ru/sale/flat/318608945/
2026-01-14 14:24:32,141 - WARNING - 404 image found | offer_id=31054 | offer_url=https://bryansk.cian.ru/sale/flat/320638557/
2026-01-14 14:24:32,144 - WARNING - 404 image found | offer_id=31073 | offer_url=https://bryansk.cian.ru/sale/flat/306185893/
2026-01-14 14:24:32,147 - WARNING - 404 image found | offer_id=31071 | offer_url=https://bryansk.cian.ru/sale/flat/309765941/
2026-01-14 14:24:32,155 - WARNING - 404 image found | offer_id=31081 | offer_url=https://bryansk.cian.ru/sale/flat/318821845/
2026-01-14 14:24:32,160 - WARNING - 404 image found | offer_id=31035 | offer_url=https://bryansk.cian.ru/sale/flat/320178019/
2026-01-14 14:24:32,161 - WARNING - 404 image found | offer_id=31072 | offer_url=https://bryansk.cian.ru/sale/flat/308552869/
2026-01-14 14:24:32,163 - WARNING - 404 image found | offer_id=31085 | offer_url=https://bryansk.cian.ru/sale/flat/322012017/
2026-01-14 14:24:32,167 - WARNING - 404 image found | offer_id=31075 | offer_url=https://bryansk.cian.ru/sale/flat/321501311/
2026-01-14 14:24:32,171 - WARNING - 404 image found | offer_id=31080 | offer_url=https://bryansk.cian.ru/sale/flat/322862112/
2026-01-14 14:24:32,175 - WARNING - 404 image found | offer_id=31086 | offer_url=https://bryansk.cian.ru/sale/flat/321925420/
2026-01-14 14:24:32,176 - WARNING - 404 image found | offer_id=31078 | offer_url=https://bryansk.cian.ru/sale/flat/315495367/
2026-01-14 14:24:32,180 - WARNING - 404 image found | offer_id=31091 | offer_url=https://bryansk.cian.ru/sale/flat/293905866/
2026-01-14 14:24:32,184 - WARNING - 404 image found | offer_id=31068 | offer_url=https://bryansk.cian.ru/sale/flat/314292264/
2026-01-14 14:24:32,186 - WARNING - 404 image found | offer_id=31084 | offer_url=https://bryansk.cian.ru/sale/flat/308534329/
2026-01-14 14:24:32,187 - WARNING - 404 image found | offer_id=31060 | offer_url=https://bryansk.cian.ru/sale/flat/322932822/
2026-01-14 14:24:32,188 - WARNING - 404 image found | offer_id=31093 | offer_url=https://bryansk.cian.ru/sale/flat/323263219/
2026-01-14 14:24:32,188 - WARNING - 404 image found | offer_id=31087 | offer_url=https://bryansk.cian.ru/sale/flat/321163280/
2026-01-14 14:24:32,190 - WARNING - 404 image found | offer_id=31098 | offer_url=https://bryansk.cian.ru/sale/flat/309705216/
2026-01-14 14:24:32,191 - WARNING - 404 image found | offer_id=31100 | offer_url=https://bryansk.cian.ru/sale/flat/308701398/
2026-01-14 14:24:32,196 - WARNING - 404 image found | offer_id=31095 | offer_url=https://bryansk.cian.ru/sale/flat/321751188/
2026-01-14 14:24:32,197 - WARNING - 404 image found | offer_id=31082 | offer_url=https://bryansk.cian.ru/sale/flat/318770658/
2026-01-14 14:24:32,197 - WARNING - 404 image found | offer_id=31096 | offer_url=https://bryansk.cian.ru/sale/flat/316563102/
2026-01-14 14:24:32,202 - WARNING - 404 image found | offer_id=31077 | offer_url=https://bryansk.cian.ru/sale/flat/320196567/
2026-01-14 14:24:32,218 - WARNING - 404 image found | offer_id=31110 | offer_url=https://bryansk.cian.ru/sale/flat/319855868/
2026-01-14 14:24:32,221 - WARNING - 404 image found | offer_id=31042 | offer_url=https://bryansk.cian.ru/sale/flat/320178026/
2026-01-14 14:24:32,222 - WARNING - 404 image found | offer_id=31118 | offer_url=https://bryansk.cian.ru/sale/flat/308762414/
2026-01-14 14:24:32,223 - WARNING - 404 image found | offer_id=31101 | offer_url=https://bryansk.cian.ru/sale/flat/300142903/
2026-01-14 14:24:32,227 - WARNING - 404 image found | offer_id=31133 | offer_url=https://bryansk.cian.ru/sale/flat/323006109/
2026-01-14 14:24:32,228 - WARNING - 404 image found | offer_id=31067 | offer_url=https://bryansk.cian.ru/sale/flat/319480766/
2026-01-14 14:24:32,238 - WARNING - 404 image found | offer_id=31131 | offer_url=https://bryansk.cian.ru/sale/flat/323309251/
2026-01-14 14:24:32,242 - WARNING - 404 image found | offer_id=31140 | offer_url=https://bryansk.cian.ru/sale/flat/320648172/
2026-01-14 14:24:32,243 - WARNING - 404 image found | offer_id=31144 | offer_url=https://bryansk.cian.ru/sale/flat/318990771/
2026-01-14 14:24:32,244 - WARNING - 404 image found | offer_id=31141 | offer_url=https://bryansk.cian.ru/sale/flat/320648170/
2026-01-14 14:24:32,244 - WARNING - 404 image found | offer_id=31142 | offer_url=https://bryansk.cian.ru/sale/flat/310781236/
2026-01-14 14:24:32,246 - WARNING - 404 image found | offer_id=31139 | offer_url=https://bryansk.cian.ru/sale/flat/320671596/
2026-01-14 14:24:32,247 - WARNING - 404 image found | offer_id=31138 | offer_url=https://bryansk.cian.ru/sale/flat/320671592/
2026-01-14 14:24:32,248 - WARNING - 404 image found | offer_id=30917 | offer_url=https://bryansk.cian.ru/sale/flat/308938128/
2026-01-14 14:24:32,249 - WARNING - 404 image found | offer_id=31127 | offer_url=https://bryansk.cian.ru/sale/flat/320945352/
2026-01-14 14:24:32,252 - WARNING - 404 image found | offer_id=31123 | offer_url=https://bryansk.cian.ru/sale/flat/321423566/
2026-01-14 14:24:32,253 - WARNING - 404 image found | offer_id=31148 | offer_url=https://bryansk.cian.ru/sale/flat/320671595/
2026-01-14 14:24:32,270 - WARNING - 404 image found | offer_id=31152 | offer_url=https://bryansk.cian.ru/sale/flat/308468653/
2026-01-14 14:24:32,272 - WARNING - 404 image found | offer_id=31157 | offer_url=https://bryansk.cian.ru/sale/flat/311325537/
2026-01-14 14:24:32,272 - WARNING - 404 image found | offer_id=31070 | offer_url=https://bryansk.cian.ru/sale/flat/312865790/
2026-01-14 14:24:32,273 - WARNING - 404 image found | offer_id=31162 | offer_url=https://bryansk.cian.ru/sale/flat/320671873/
2026-01-14 14:24:32,277 - WARNING - 404 image found | offer_id=31102 | offer_url=https://bryansk.cian.ru/sale/flat/302481406/
2026-01-14 14:24:32,279 - WARNING - 404 image found | offer_id=31128 | offer_url=https://bryansk.cian.ru/sale/flat/319230782/
2026-01-14 14:24:32,280 - WARNING - 404 image found | offer_id=31147 | offer_url=https://bryansk.cian.ru/sale/flat/322020973/
2026-01-14 14:24:32,281 - WARNING - 404 image found | offer_id=31083 | offer_url=https://bryansk.cian.ru/sale/flat/317692696/
2026-01-14 14:24:32,282 - WARNING - 404 image found | offer_id=31132 | offer_url=https://bryansk.cian.ru/sale/flat/323224007/
2026-01-14 14:24:32,288 - WARNING - 404 image found | offer_id=31111 | offer_url=https://bryansk.cian.ru/sale/flat/316481022/
2026-01-14 14:24:32,291 - WARNING - 404 image found | offer_id=31170 | offer_url=https://bryansk.cian.ru/sale/flat/320671599/
2026-01-14 14:24:32,293 - WARNING - 404 image found | offer_id=31169 | offer_url=https://bryansk.cian.ru/sale/flat/320671869/
2026-01-14 14:24:32,298 - WARNING - 404 image found | offer_id=31151 | offer_url=https://bryansk.cian.ru/sale/flat/310229950/
2026-01-14 14:24:32,299 - WARNING - 404 image found | offer_id=31171 | offer_url=https://bryansk.cian.ru/sale/flat/320671597/
2026-01-14 14:24:32,300 - WARNING - 404 image found | offer_id=31143 | offer_url=https://bryansk.cian.ru/sale/flat/316221073/
2026-01-14 14:24:32,305 - WARNING - 404 image found | offer_id=31172 | offer_url=https://bryansk.cian.ru/sale/flat/320648173/
2026-01-14 14:24:32,308 - WARNING - 404 image found | offer_id=31173 | offer_url=https://bryansk.cian.ru/sale/flat/319251205/
2026-01-14 14:24:32,308 - WARNING - 404 image found | offer_id=31174 | offer_url=https://bryansk.cian.ru/sale/flat/318968297/
2026-01-14 14:24:32,308 - WARNING - 404 image found | offer_id=31166 | offer_url=https://bryansk.cian.ru/sale/flat/322725678/
2026-01-14 14:24:32,311 - WARNING - 404 image found | offer_id=31177 | offer_url=https://bryansk.cian.ru/sale/flat/322700458/
2026-01-14 14:24:32,312 - WARNING - 404 image found | offer_id=31183 | offer_url=https://bryansk.cian.ru/sale/flat/322323598/
2026-01-14 14:24:32,314 - WARNING - 404 image found | offer_id=31182 | offer_url=https://bryansk.cian.ru/sale/flat/322457598/
2026-01-14 14:24:32,316 - WARNING - 404 image found | offer_id=31168 | offer_url=https://bryansk.cian.ru/sale/flat/320671870/
2026-01-14 14:24:32,323 - WARNING - 404 image found | offer_id=31066 | offer_url=https://bryansk.cian.ru/sale/flat/321574991/
2026-01-14 14:24:32,328 - WARNING - 404 image found | offer_id=31180 | offer_url=https://bryansk.cian.ru/sale/flat/322373829/
2026-01-14 14:24:32,330 - WARNING - 404 image found | offer_id=31167 | offer_url=https://bryansk.cian.ru/sale/flat/320688176/
2026-01-14 14:24:32,330 - WARNING - 404 image found | offer_id=31181 | offer_url=https://bryansk.cian.ru/sale/flat/322373741/
2026-01-14 14:24:32,336 - WARNING - 404 image found | offer_id=31146 | offer_url=https://bryansk.cian.ru/sale/flat/322878896/
2026-01-14 14:24:32,341 - WARNING - 404 image found | offer_id=31163 | offer_url=https://bryansk.cian.ru/sale/flat/320671871/
2026-01-14 14:24:32,375 - WARNING - 404 image found | offer_id=31178 | offer_url=https://bryansk.cian.ru/sale/flat/322490026/
2026-01-14 14:24:32,404 - WARNING - 404 image found | offer_id=31185 | offer_url=https://bryansk.cian.ru/sale/flat/322323524/
2026-01-14 14:24:32,428 - WARNING - 404 image found | offer_id=31104 | offer_url=https://bryansk.cian.ru/sale/flat/314259230/
2026-01-14 14:24:32,588 - WARNING - 404 image found | offer_id=31117 | offer_url=https://bryansk.cian.ru/sale/flat/306495088/
2026-01-14 14:24:32,608 - INFO - checked=2500, 404=1407, deleted=1400, deactivated=0, speed=237.0/s
2026-01-14 14:24:32,609 - INFO - Batch #6, last_id=31185
2026-01-14 14:24:32,640 - WARNING - 404 image found | offer_id=31209 | offer_url=https://bryansk.cian.ru/sale/flat/312087036/
2026-01-14 14:24:32,640 - WARNING - 404 image found | offer_id=31200 | offer_url=https://bryansk.cian.ru/sale/flat/303482172/
2026-01-14 14:24:32,642 - WARNING - 404 image found | offer_id=31192 | offer_url=https://bryansk.cian.ru/sale/flat/315212451/
2026-01-14 14:24:32,644 - WARNING - 404 image found | offer_id=31206 | offer_url=https://bryansk.cian.ru/sale/flat/312087038/
2026-01-14 14:24:32,646 - WARNING - 404 image found | offer_id=31211 | offer_url=https://bryansk.cian.ru/sale/flat/312087719/
2026-01-14 14:24:32,647 - WARNING - 404 image found | offer_id=31191 | offer_url=https://bryansk.cian.ru/sale/flat/317726169/
2026-01-14 14:24:32,647 - WARNING - 404 image found | offer_id=31187 | offer_url=https://bryansk.cian.ru/sale/flat/317726223/
2026-01-14 14:24:32,648 - WARNING - 404 image found | offer_id=31218 | offer_url=https://bryansk.cian.ru/sale/flat/320734292/
2026-01-14 14:24:32,653 - WARNING - 404 image found | offer_id=31217 | offer_url=https://bryansk.cian.ru/sale/flat/320734282/
2026-01-14 14:24:32,654 - WARNING - 404 image found | offer_id=31202 | offer_url=https://bryansk.cian.ru/sale/flat/303482394/
2026-01-14 14:24:32,654 - WARNING - 404 image found | offer_id=31195 | offer_url=https://bryansk.cian.ru/sale/flat/314559566/
2026-01-14 14:24:32,655 - WARNING - 404 image found | offer_id=31190 | offer_url=https://bryansk.cian.ru/sale/flat/315661236/
2026-01-14 14:24:32,655 - WARNING - 404 image found | offer_id=31189 | offer_url=https://bryansk.cian.ru/sale/flat/316071916/
2026-01-14 14:24:32,656 - WARNING - 404 image found | offer_id=31215 | offer_url=https://bryansk.cian.ru/sale/flat/319816679/
2026-01-14 14:24:32,663 - WARNING - 404 image found | offer_id=31227 | offer_url=https://bryansk.cian.ru/sale/flat/322323458/
2026-01-14 14:24:32,666 - WARNING - 404 image found | offer_id=31222 | offer_url=https://bryansk.cian.ru/sale/flat/303482488/
2026-01-14 14:24:32,671 - WARNING - 404 image found | offer_id=31203 | offer_url=https://bryansk.cian.ru/sale/flat/317725915/
2026-01-14 14:24:32,672 - WARNING - 404 image found | offer_id=31216 | offer_url=https://bryansk.cian.ru/sale/flat/320777505/
2026-01-14 14:24:32,673 - WARNING - 404 image found | offer_id=31234 | offer_url=https://bryansk.cian.ru/sale/flat/320669505/
2026-01-14 14:24:32,680 - WARNING - 404 image found | offer_id=31237 | offer_url=https://bryansk.cian.ru/sale/flat/320601557/
2026-01-14 14:24:32,687 - WARNING - 404 image found | offer_id=31241 | offer_url=https://bryansk.cian.ru/sale/flat/316905508/
2026-01-14 14:24:32,695 - WARNING - 404 image found | offer_id=31249 | offer_url=https://bryansk.cian.ru/sale/flat/313874440/
2026-01-14 14:24:32,702 - WARNING - 404 image found | offer_id=31239 | offer_url=https://bryansk.cian.ru/sale/flat/317727526/
2026-01-14 14:24:32,702 - WARNING - 404 image found | offer_id=31253 | offer_url=https://bryansk.cian.ru/sale/flat/313416389/
2026-01-14 14:24:32,706 - WARNING - 404 image found | offer_id=31247 | offer_url=https://bryansk.cian.ru/sale/flat/315212614/
2026-01-14 14:24:32,707 - WARNING - 404 image found | offer_id=31248 | offer_url=https://bryansk.cian.ru/sale/flat/313874747/
2026-01-14 14:24:32,707 - WARNING - 404 image found | offer_id=31256 | offer_url=https://bryansk.cian.ru/sale/flat/313266328/
2026-01-14 14:24:32,714 - WARNING - 404 image found | offer_id=31254 | offer_url=https://bryansk.cian.ru/sale/flat/313286079/
2026-01-14 14:24:32,714 - WARNING - 404 image found | offer_id=31208 | offer_url=https://bryansk.cian.ru/sale/flat/312087977/
2026-01-14 14:24:32,715 - WARNING - 404 image found | offer_id=31257 | offer_url=https://bryansk.cian.ru/sale/flat/313266327/
2026-01-14 14:24:32,717 - WARNING - 404 image found | offer_id=31228 | offer_url=https://bryansk.cian.ru/sale/flat/322323438/
2026-01-14 14:24:32,719 - WARNING - 404 image found | offer_id=31252 | offer_url=https://bryansk.cian.ru/sale/flat/313873826/
2026-01-14 14:24:32,720 - WARNING - 404 image found | offer_id=31259 | offer_url=https://bryansk.cian.ru/sale/flat/313266271/
2026-01-14 14:24:32,721 - WARNING - 404 image found | offer_id=31262 | offer_url=https://bryansk.cian.ru/sale/flat/312196657/
2026-01-14 14:24:32,723 - WARNING - 404 image found | offer_id=31261 | offer_url=https://bryansk.cian.ru/sale/flat/312728350/
2026-01-14 14:24:32,726 - WARNING - 404 image found | offer_id=31225 | offer_url=https://bryansk.cian.ru/sale/flat/322519206/
2026-01-14 14:24:32,726 - WARNING - 404 image found | offer_id=31219 | offer_url=https://bryansk.cian.ru/sale/flat/313252299/
2026-01-14 14:24:32,728 - WARNING - 404 image found | offer_id=31255 | offer_url=https://bryansk.cian.ru/sale/flat/313266371/
2026-01-14 14:24:32,729 - WARNING - 404 image found | offer_id=31263 | offer_url=https://bryansk.cian.ru/sale/flat/312196465/
2026-01-14 14:24:32,730 - WARNING - 404 image found | offer_id=31246 | offer_url=https://bryansk.cian.ru/sale/flat/313948518/
2026-01-14 14:24:32,730 - WARNING - 404 image found | offer_id=31264 | offer_url=https://bryansk.cian.ru/sale/flat/311254622/
2026-01-14 14:24:32,735 - WARNING - 404 image found | offer_id=31266 | offer_url=https://bryansk.cian.ru/sale/flat/310726668/
2026-01-14 14:24:32,738 - WARNING - 404 image found | offer_id=31265 | offer_url=https://bryansk.cian.ru/sale/flat/310728396/
2026-01-14 14:24:32,743 - WARNING - 404 image found | offer_id=31272 | offer_url=https://bryansk.cian.ru/sale/flat/307273541/
2026-01-14 14:24:32,748 - WARNING - 404 image found | offer_id=31260 | offer_url=https://bryansk.cian.ru/sale/flat/313266269/
2026-01-14 14:24:32,750 - WARNING - 404 image found | offer_id=31235 | offer_url=https://bryansk.cian.ru/sale/flat/320667500/
2026-01-14 14:24:32,753 - WARNING - 404 image found | offer_id=31267 | offer_url=https://bryansk.cian.ru/sale/flat/310617033/
2026-01-14 14:24:32,757 - WARNING - 404 image found | offer_id=31269 | offer_url=https://bryansk.cian.ru/sale/flat/308619353/
2026-01-14 14:24:32,764 - WARNING - 404 image found | offer_id=31226 | offer_url=https://bryansk.cian.ru/sale/flat/322518697/
2026-01-14 14:24:32,768 - WARNING - 404 image found | offer_id=31291 | offer_url=https://bryansk.cian.ru/sale/flat/312087059/
2026-01-14 14:24:32,769 - WARNING - 404 image found | offer_id=31286 | offer_url=https://bryansk.cian.ru/sale/flat/312087061/
2026-01-14 14:24:32,769 - WARNING - 404 image found | offer_id=31236 | offer_url=https://bryansk.cian.ru/sale/flat/320667446/
2026-01-14 14:24:32,770 - WARNING - 404 image found | offer_id=31293 | offer_url=https://bryansk.cian.ru/sale/flat/318846473/
2026-01-14 14:24:32,773 - WARNING - 404 image found | offer_id=31292 | offer_url=https://bryansk.cian.ru/sale/flat/313226547/
2026-01-14 14:24:32,775 - WARNING - 404 image found | offer_id=31302 | offer_url=https://bryansk.cian.ru/sale/flat/320734666/
2026-01-14 14:24:32,777 - WARNING - 404 image found | offer_id=31301 | offer_url=https://bryansk.cian.ru/sale/flat/320734669/
2026-01-14 14:24:32,783 - WARNING - 404 image found | offer_id=31251 | offer_url=https://bryansk.cian.ru/sale/flat/313874107/
2026-01-14 14:24:32,784 - WARNING - 404 image found | offer_id=31244 | offer_url=https://bryansk.cian.ru/sale/flat/315212542/
2026-01-14 14:24:32,792 - WARNING - 404 image found | offer_id=31295 | offer_url=https://bryansk.cian.ru/sale/flat/312087990/
2026-01-14 14:24:32,792 - WARNING - 404 image found | offer_id=31306 | offer_url=https://bryansk.cian.ru/sale/flat/322351130/
2026-01-14 14:24:32,795 - WARNING - 404 image found | offer_id=31314 | offer_url=https://bryansk.cian.ru/sale/flat/322374097/
2026-01-14 14:24:32,795 - WARNING - 404 image found | offer_id=31313 | offer_url=https://bryansk.cian.ru/sale/flat/322374107/
2026-01-14 14:24:32,796 - WARNING - 404 image found | offer_id=31273 | offer_url=https://bryansk.cian.ru/sale/flat/299847233/
2026-01-14 14:24:32,797 - WARNING - 404 image found | offer_id=31312 | offer_url=https://bryansk.cian.ru/sale/flat/322374137/
2026-01-14 14:24:32,797 - WARNING - 404 image found | offer_id=31240 | offer_url=https://bryansk.cian.ru/sale/flat/317727309/
2026-01-14 14:24:32,798 - WARNING - 404 image found | offer_id=31317 | offer_url=https://bryansk.cian.ru/sale/flat/322323759/
2026-01-14 14:24:32,799 - WARNING - 404 image found | offer_id=31316 | offer_url=https://bryansk.cian.ru/sale/flat/322323819/
2026-01-14 14:24:32,805 - WARNING - 404 image found | offer_id=31319 | offer_url=https://bryansk.cian.ru/sale/flat/322323394/
2026-01-14 14:24:32,811 - WARNING - 404 image found | offer_id=31308 | offer_url=https://bryansk.cian.ru/sale/flat/322716997/
2026-01-14 14:24:32,817 - WARNING - 404 image found | offer_id=31327 | offer_url=https://bryansk.cian.ru/sale/flat/322303583/
2026-01-14 14:24:32,818 - WARNING - 404 image found | offer_id=31322 | offer_url=https://bryansk.cian.ru/sale/flat/321748431/
2026-01-14 14:24:32,822 - WARNING - 404 image found | offer_id=31245 | offer_url=https://bryansk.cian.ru/sale/flat/315049890/
2026-01-14 14:24:32,823 - WARNING - 404 image found | offer_id=31310 | offer_url=https://bryansk.cian.ru/sale/flat/322519736/
2026-01-14 14:24:32,823 - WARNING - 404 image found | offer_id=31285 | offer_url=https://bryansk.cian.ru/sale/flat/312087732/
2026-01-14 14:24:32,830 - WARNING - 404 image found | offer_id=31338 | offer_url=https://bryansk.cian.ru/sale/flat/312086842/
2026-01-14 14:24:32,832 - WARNING - 404 image found | offer_id=31334 | offer_url=https://bryansk.cian.ru/sale/flat/309299960/
2026-01-14 14:24:32,832 - WARNING - 404 image found | offer_id=31335 | offer_url=https://bryansk.cian.ru/sale/flat/316310466/
2026-01-14 14:24:32,836 - WARNING - 404 image found | offer_id=31309 | offer_url=https://bryansk.cian.ru/sale/flat/322716540/
2026-01-14 14:24:32,844 - WARNING - 404 image found | offer_id=31337 | offer_url=https://bryansk.cian.ru/sale/flat/312087066/
2026-01-14 14:24:32,852 - WARNING - 404 image found | offer_id=31348 | offer_url=https://bryansk.cian.ru/sale/flat/316906215/
2026-01-14 14:24:32,852 - WARNING - 404 image found | offer_id=31343 | offer_url=https://bryansk.cian.ru/sale/flat/320708964/
2026-01-14 14:24:32,853 - WARNING - 404 image found | offer_id=31346 | offer_url=https://bryansk.cian.ru/sale/flat/318843601/
2026-01-14 14:24:32,855 - WARNING - 404 image found | offer_id=31353 | offer_url=https://bryansk.cian.ru/sale/flat/313266374/
2026-01-14 14:24:32,856 - WARNING - 404 image found | offer_id=31354 | offer_url=https://bryansk.cian.ru/sale/flat/313266330/
2026-01-14 14:24:32,860 - WARNING - 404 image found | offer_id=31344 | offer_url=https://bryansk.cian.ru/sale/flat/320669484/
2026-01-14 14:24:32,861 - WARNING - 404 image found | offer_id=31345 | offer_url=https://bryansk.cian.ru/sale/flat/320602063/
2026-01-14 14:24:32,862 - WARNING - 404 image found | offer_id=31352 | offer_url=https://bryansk.cian.ru/sale/flat/313876037/
2026-01-14 14:24:32,862 - WARNING - 404 image found | offer_id=31320 | offer_url=https://bryansk.cian.ru/sale/flat/322303447/
2026-01-14 14:24:32,864 - WARNING - 404 image found | offer_id=31329 | offer_url=https://bryansk.cian.ru/sale/flat/293306836/
2026-01-14 14:24:32,865 - WARNING - 404 image found | offer_id=31280 | offer_url=https://bryansk.cian.ru/sale/flat/313948521/
2026-01-14 14:24:32,866 - WARNING - 404 image found | offer_id=31339 | offer_url=https://bryansk.cian.ru/sale/flat/322739345/
2026-01-14 14:24:32,871 - WARNING - 404 image found | offer_id=31341 | offer_url=https://bryansk.cian.ru/sale/flat/322457727/
2026-01-14 14:24:32,872 - WARNING - 404 image found | offer_id=31362 | offer_url=https://bryansk.cian.ru/sale/flat/303482513/
2026-01-14 14:24:32,874 - WARNING - 404 image found | offer_id=31349 | offer_url=https://bryansk.cian.ru/sale/flat/314833404/
2026-01-14 14:24:32,876 - WARNING - 404 image found | offer_id=31355 | offer_url=https://bryansk.cian.ru/sale/flat/313266329/
2026-01-14 14:24:32,878 - WARNING - 404 image found | offer_id=31364 | offer_url=https://bryansk.cian.ru/sale/flat/312087089/
2026-01-14 14:24:32,883 - WARNING - 404 image found | offer_id=31359 | offer_url=https://bryansk.cian.ru/sale/flat/310779143/
2026-01-14 14:24:32,885 - WARNING - 404 image found | offer_id=31372 | offer_url=https://bryansk.cian.ru/sale/flat/312088007/
2026-01-14 14:24:32,886 - WARNING - 404 image found | offer_id=31360 | offer_url=https://bryansk.cian.ru/sale/flat/299847335/
2026-01-14 14:24:32,888 - WARNING - 404 image found | offer_id=31351 | offer_url=https://bryansk.cian.ru/sale/flat/313266376/
2026-01-14 14:24:32,889 - WARNING - 404 image found | offer_id=31358 | offer_url=https://bryansk.cian.ru/sale/flat/312196443/
2026-01-14 14:24:32,889 - WARNING - 404 image found | offer_id=31321 | offer_url=https://bryansk.cian.ru/sale/flat/322303253/
2026-01-14 14:24:32,889 - WARNING - 404 image found | offer_id=31342 | offer_url=https://bryansk.cian.ru/sale/flat/322320828/
2026-01-14 14:24:32,892 - WARNING - 404 image found | offer_id=31374 | offer_url=https://bryansk.cian.ru/sale/flat/316924010/
2026-01-14 14:24:32,893 - WARNING - 404 image found | offer_id=31357 | offer_url=https://bryansk.cian.ru/sale/flat/313266275/
2026-01-14 14:24:32,896 - WARNING - 404 image found | offer_id=31380 | offer_url=https://bryansk.cian.ru/sale/flat/320734675/
2026-01-14 14:24:32,909 - WARNING - 404 image found | offer_id=31392 | offer_url=https://bryansk.cian.ru/sale/flat/320766967/
2026-01-14 14:24:32,910 - WARNING - 404 image found | offer_id=31381 | offer_url=https://bryansk.cian.ru/sale/flat/320734317/
2026-01-14 14:24:32,911 - WARNING - 404 image found | offer_id=31369 | offer_url=https://bryansk.cian.ru/sale/flat/312087086/
2026-01-14 14:24:32,915 - WARNING - 404 image found | offer_id=31395 | offer_url=https://bryansk.cian.ru/sale/flat/312087091/
2026-01-14 14:24:32,917 - WARNING - 404 image found | offer_id=31393 | offer_url=https://bryansk.cian.ru/sale/flat/299847044/
2026-01-14 14:24:32,918 - WARNING - 404 image found | offer_id=31356 | offer_url=https://bryansk.cian.ru/sale/flat/313266278/
2026-01-14 14:24:32,918 - WARNING - 404 image found | offer_id=31396 | offer_url=https://bryansk.cian.ru/sale/flat/303482424/
2026-01-14 14:24:32,926 - WARNING - 404 image found | offer_id=31383 | offer_url=https://bryansk.cian.ru/sale/flat/311420794/
2026-01-14 14:24:32,927 - WARNING - 404 image found | offer_id=31399 | offer_url=https://bryansk.cian.ru/sale/flat/323167280/
2026-01-14 14:24:32,927 - WARNING - 404 image found | offer_id=31388 | offer_url=https://bryansk.cian.ru/sale/flat/320734679/
2026-01-14 14:24:32,928 - WARNING - 404 image found | offer_id=31404 | offer_url=https://bryansk.cian.ru/sale/flat/322490784/
2026-01-14 14:24:32,928 - WARNING - 404 image found | offer_id=31375 | offer_url=https://bryansk.cian.ru/sale/flat/316924011/
2026-01-14 14:24:32,931 - WARNING - 404 image found | offer_id=31258 | offer_url=https://bryansk.cian.ru/sale/flat/313266369/
2026-01-14 14:24:32,933 - WARNING - 404 image found | offer_id=31406 | offer_url=https://bryansk.cian.ru/sale/flat/322457668/
2026-01-14 14:24:32,935 - WARNING - 404 image found | offer_id=31315 | offer_url=https://bryansk.cian.ru/sale/flat/322373057/
2026-01-14 14:24:32,943 - WARNING - 404 image found | offer_id=31401 | offer_url=https://bryansk.cian.ru/sale/flat/315849839/
2026-01-14 14:24:32,944 - WARNING - 404 image found | offer_id=31402 | offer_url=https://bryansk.cian.ru/sale/flat/315849904/
2026-01-14 14:24:32,945 - WARNING - 404 image found | offer_id=31367 | offer_url=https://bryansk.cian.ru/sale/flat/312087875/
2026-01-14 14:24:32,946 - WARNING - 404 image found | offer_id=31405 | offer_url=https://bryansk.cian.ru/sale/flat/322458111/
2026-01-14 14:24:32,946 - WARNING - 404 image found | offer_id=31370 | offer_url=https://bryansk.cian.ru/sale/flat/313226548/
2026-01-14 14:24:32,947 - WARNING - 404 image found | offer_id=31412 | offer_url=https://bryansk.cian.ru/sale/flat/320222952/
2026-01-14 14:24:32,951 - WARNING - 404 image found | offer_id=31415 | offer_url=https://bryansk.cian.ru/sale/flat/316903147/
2026-01-14 14:24:32,954 - WARNING - 404 image found | offer_id=31403 | offer_url=https://bryansk.cian.ru/sale/flat/323356804/
2026-01-14 14:24:32,956 - WARNING - 404 image found | offer_id=31422 | offer_url=https://bryansk.cian.ru/sale/flat/313266379/
2026-01-14 14:24:32,958 - WARNING - 404 image found | offer_id=31424 | offer_url=https://bryansk.cian.ru/sale/flat/313266380/
2026-01-14 14:24:32,962 - WARNING - 404 image found | offer_id=31409 | offer_url=https://bryansk.cian.ru/sale/flat/320709229/
2026-01-14 14:24:32,964 - WARNING - 404 image found | offer_id=31426 | offer_url=https://bryansk.cian.ru/sale/flat/313266282/
2026-01-14 14:24:32,968 - WARNING - 404 image found | offer_id=31340 | offer_url=https://bryansk.cian.ru/sale/flat/322458677/
2026-01-14 14:24:32,969 - WARNING - 404 image found | offer_id=31416 | offer_url=https://bryansk.cian.ru/sale/flat/316074123/
2026-01-14 14:24:32,969 - WARNING - 404 image found | offer_id=31410 | offer_url=https://bryansk.cian.ru/sale/flat/320544369/
2026-01-14 14:24:32,976 - WARNING - 404 image found | offer_id=31400 | offer_url=https://bryansk.cian.ru/sale/flat/315849841/
2026-01-14 14:24:32,979 - WARNING - 404 image found | offer_id=31433 | offer_url=https://bryansk.cian.ru/sale/flat/312087901/
2026-01-14 14:24:32,988 - WARNING - 404 image found | offer_id=31425 | offer_url=https://bryansk.cian.ru/sale/flat/313266332/
2026-01-14 14:24:32,989 - WARNING - 404 image found | offer_id=31397 | offer_url=https://bryansk.cian.ru/sale/flat/323167282/
2026-01-14 14:24:32,989 - WARNING - 404 image found | offer_id=31434 | offer_url=https://bryansk.cian.ru/sale/flat/312087102/
2026-01-14 14:24:32,992 - WARNING - 404 image found | offer_id=31411 | offer_url=https://bryansk.cian.ru/sale/flat/320544571/
2026-01-14 14:24:32,993 - WARNING - 404 image found | offer_id=31429 | offer_url=https://bryansk.cian.ru/sale/flat/299847241/
2026-01-14 14:24:32,995 - WARNING - 404 image found | offer_id=31444 | offer_url=https://bryansk.cian.ru/sale/flat/319816716/
2026-01-14 14:24:32,997 - WARNING - 404 image found | offer_id=31443 | offer_url=https://bryansk.cian.ru/sale/flat/318333007/
2026-01-14 14:24:33,000 - WARNING - 404 image found | offer_id=31436 | offer_url=https://bryansk.cian.ru/sale/flat/313000266/
2026-01-14 14:24:33,001 - WARNING - 404 image found | offer_id=31445 | offer_url=https://bryansk.cian.ru/sale/flat/320734696/
2026-01-14 14:24:33,005 - WARNING - 404 image found | offer_id=31428 | offer_url=https://bryansk.cian.ru/sale/flat/313266280/
2026-01-14 14:24:33,008 - WARNING - 404 image found | offer_id=31448 | offer_url=https://bryansk.cian.ru/sale/flat/320734708/
2026-01-14 14:24:33,012 - WARNING - 404 image found | offer_id=31447 | offer_url=https://bryansk.cian.ru/sale/flat/320734699/
2026-01-14 14:24:33,020 - WARNING - 404 image found | offer_id=31414 | offer_url=https://bryansk.cian.ru/sale/flat/318844597/
2026-01-14 14:24:33,022 - WARNING - 404 image found | offer_id=31449 | offer_url=https://bryansk.cian.ru/sale/flat/313000126/
2026-01-14 14:24:33,023 - WARNING - 404 image found | offer_id=31420 | offer_url=https://bryansk.cian.ru/sale/flat/313875784/
2026-01-14 14:24:33,029 - WARNING - 404 image found | offer_id=31460 | offer_url=https://bryansk.cian.ru/sale/flat/320766974/
2026-01-14 14:24:33,029 - WARNING - 404 image found | offer_id=31461 | offer_url=https://bryansk.cian.ru/sale/flat/301894980/
2026-01-14 14:24:33,038 - WARNING - 404 image found | offer_id=31438 | offer_url=https://bryansk.cian.ru/sale/flat/313226581/
2026-01-14 14:24:33,039 - WARNING - 404 image found | offer_id=31421 | offer_url=https://bryansk.cian.ru/sale/flat/313456097/
2026-01-14 14:24:33,045 - WARNING - 404 image found | offer_id=31450 | offer_url=https://bryansk.cian.ru/sale/flat/320734704/
2026-01-14 14:24:33,046 - WARNING - 404 image found | offer_id=31471 | offer_url=https://bryansk.cian.ru/sale/flat/315849844/
2026-01-14 14:24:33,051 - WARNING - 404 image found | offer_id=31464 | offer_url=https://bryansk.cian.ru/sale/flat/313869885/
2026-01-14 14:24:33,052 - WARNING - 404 image found | offer_id=31407 | offer_url=https://bryansk.cian.ru/sale/flat/322303986/
2026-01-14 14:24:33,054 - WARNING - 404 image found | offer_id=31474 | offer_url=https://bryansk.cian.ru/sale/flat/320777780/
2026-01-14 14:24:33,056 - WARNING - 404 image found | offer_id=31440 | offer_url=https://bryansk.cian.ru/sale/flat/313000358/
2026-01-14 14:24:33,060 - WARNING - 404 image found | offer_id=31455 | offer_url=https://bryansk.cian.ru/sale/flat/311420820/
2026-01-14 14:24:33,060 - WARNING - 404 image found | offer_id=31469 | offer_url=https://bryansk.cian.ru/sale/flat/312086864/
2026-01-14 14:24:33,061 - WARNING - 404 image found | offer_id=31478 | offer_url=https://bryansk.cian.ru/sale/flat/317728812/
2026-01-14 14:24:33,063 - WARNING - 404 image found | offer_id=31479 | offer_url=https://bryansk.cian.ru/sale/flat/316906247/
2026-01-14 14:24:33,066 - WARNING - 404 image found | offer_id=31467 | offer_url=https://bryansk.cian.ru/sale/flat/323167292/
2026-01-14 14:24:33,068 - WARNING - 404 image found | offer_id=31472 | offer_url=https://bryansk.cian.ru/sale/flat/322323415/
2026-01-14 14:24:33,073 - WARNING - 404 image found | offer_id=31423 | offer_url=https://bryansk.cian.ru/sale/flat/313266333/
2026-01-14 14:24:33,075 - WARNING - 404 image found | offer_id=31476 | offer_url=https://bryansk.cian.ru/sale/flat/320708342/
2026-01-14 14:24:33,075 - WARNING - 404 image found | offer_id=31419 | offer_url=https://bryansk.cian.ru/sale/flat/314560341/
2026-01-14 14:24:33,078 - WARNING - 404 image found | offer_id=31473 | offer_url=https://bryansk.cian.ru/sale/flat/322000617/
2026-01-14 14:24:33,079 - WARNING - 404 image found | offer_id=31487 | offer_url=https://bryansk.cian.ru/sale/flat/313266286/
2026-01-14 14:24:33,083 - WARNING - 404 image found | offer_id=31485 | offer_url=https://bryansk.cian.ru/sale/flat/313266381/
2026-01-14 14:24:33,086 - WARNING - 404 image found | offer_id=31480 | offer_url=https://bryansk.cian.ru/sale/flat/315774421/
2026-01-14 14:24:33,091 - WARNING - 404 image found | offer_id=31491 | offer_url=https://bryansk.cian.ru/sale/flat/299847067/
2026-01-14 14:24:33,097 - WARNING - 404 image found | offer_id=31495 | offer_url=https://bryansk.cian.ru/sale/flat/313226597/
2026-01-14 14:24:33,098 - WARNING - 404 image found | offer_id=31498 | offer_url=https://bryansk.cian.ru/sale/flat/313000059/
2026-01-14 14:24:33,105 - WARNING - 404 image found | offer_id=31488 | offer_url=https://bryansk.cian.ru/sale/flat/313266283/
2026-01-14 14:24:33,107 - WARNING - 404 image found | offer_id=31496 | offer_url=https://bryansk.cian.ru/sale/flat/312087772/
2026-01-14 14:24:33,108 - WARNING - 404 image found | offer_id=31477 | offer_url=https://bryansk.cian.ru/sale/flat/317729713/
2026-01-14 14:24:33,109 - WARNING - 404 image found | offer_id=31439 | offer_url=https://bryansk.cian.ru/sale/flat/321888088/
2026-01-14 14:24:33,111 - WARNING - 404 image found | offer_id=31490 | offer_url=https://bryansk.cian.ru/sale/flat/299847349/
2026-01-14 14:24:33,116 - WARNING - 404 image found | offer_id=31483 | offer_url=https://bryansk.cian.ru/sale/flat/313266543/
2026-01-14 14:24:33,117 - WARNING - 404 image found | offer_id=31497 | offer_url=https://bryansk.cian.ru/sale/flat/312087775/
2026-01-14 14:24:33,118 - WARNING - 404 image found | offer_id=31504 | offer_url=https://bryansk.cian.ru/sale/flat/313000368/
2026-01-14 14:24:33,122 - WARNING - 404 image found | offer_id=31493 | offer_url=https://bryansk.cian.ru/sale/flat/299847262/
2026-01-14 14:24:33,124 - WARNING - 404 image found | offer_id=31459 | offer_url=https://bryansk.cian.ru/sale/flat/299847063/
2026-01-14 14:24:33,129 - WARNING - 404 image found | offer_id=31481 | offer_url=https://bryansk.cian.ru/sale/flat/315212249/
2026-01-14 14:24:33,133 - WARNING - 404 image found | offer_id=31484 | offer_url=https://bryansk.cian.ru/sale/flat/313266382/
2026-01-14 14:24:33,139 - WARNING - 404 image found | offer_id=31516 | offer_url=https://bryansk.cian.ru/sale/flat/303482419/
2026-01-14 14:24:33,141 - WARNING - 404 image found | offer_id=31511 | offer_url=https://bryansk.cian.ru/sale/flat/320734723/
2026-01-14 14:24:33,143 - WARNING - 404 image found | offer_id=31502 | offer_url=https://bryansk.cian.ru/sale/flat/313000062/
2026-01-14 14:24:33,147 - WARNING - 404 image found | offer_id=31390 | offer_url=https://bryansk.cian.ru/sale/flat/310864729/
2026-01-14 14:24:33,151 - WARNING - 404 image found | offer_id=31517 | offer_url=https://bryansk.cian.ru/sale/flat/312087121/
2026-01-14 14:24:33,151 - WARNING - 404 image found | offer_id=31527 | offer_url=https://bryansk.cian.ru/sale/flat/315849922/
2026-01-14 14:24:33,152 - WARNING - 404 image found | offer_id=31512 | offer_url=https://bryansk.cian.ru/sale/flat/313000363/
2026-01-14 14:24:33,154 - WARNING - 404 image found | offer_id=31522 | offer_url=https://bryansk.cian.ru/sale/flat/312724381/
2026-01-14 14:24:33,156 - WARNING - 404 image found | offer_id=31505 | offer_url=https://bryansk.cian.ru/sale/flat/313000134/
2026-01-14 14:24:33,158 - WARNING - 404 image found | offer_id=31417 | offer_url=https://bryansk.cian.ru/sale/flat/315661427/
2026-01-14 14:24:33,162 - WARNING - 404 image found | offer_id=31518 | offer_url=https://bryansk.cian.ru/sale/flat/312724374/
2026-01-14 14:24:33,162 - WARNING - 404 image found | offer_id=31530 | offer_url=https://bryansk.cian.ru/sale/flat/322717344/
2026-01-14 14:24:33,165 - WARNING - 404 image found | offer_id=31535 | offer_url=https://bryansk.cian.ru/sale/flat/315937618/
2026-01-14 14:24:33,166 - WARNING - 404 image found | offer_id=31519 | offer_url=https://bryansk.cian.ru/sale/flat/323167308/
2026-01-14 14:24:33,172 - WARNING - 404 image found | offer_id=31486 | offer_url=https://bryansk.cian.ru/sale/flat/313266334/
2026-01-14 14:24:33,174 - WARNING - 404 image found | offer_id=31537 | offer_url=https://bryansk.cian.ru/sale/flat/315213291/
2026-01-14 14:24:33,174 - WARNING - 404 image found | offer_id=31500 | offer_url=https://bryansk.cian.ru/sale/flat/312086883/
2026-01-14 14:24:33,175 - WARNING - 404 image found | offer_id=31532 | offer_url=https://bryansk.cian.ru/sale/flat/322458727/
2026-01-14 14:24:33,176 - WARNING - 404 image found | offer_id=31541 | offer_url=https://bryansk.cian.ru/sale/flat/313266335/
2026-01-14 14:24:33,182 - WARNING - 404 image found | offer_id=31528 | offer_url=https://bryansk.cian.ru/sale/flat/323382762/
2026-01-14 14:24:33,183 - WARNING - 404 image found | offer_id=31468 | offer_url=https://bryansk.cian.ru/sale/flat/315849847/
2026-01-14 14:24:33,187 - WARNING - 404 image found | offer_id=31547 | offer_url=https://bryansk.cian.ru/sale/flat/299847080/
2026-01-14 14:24:33,188 - WARNING - 404 image found | offer_id=31543 | offer_url=https://bryansk.cian.ru/sale/flat/313266288/
2026-01-14 14:24:33,189 - WARNING - 404 image found | offer_id=31539 | offer_url=https://bryansk.cian.ru/sale/flat/313266383/
2026-01-14 14:24:33,190 - WARNING - 404 image found | offer_id=31499 | offer_url=https://bryansk.cian.ru/sale/flat/313000276/
2026-01-14 14:24:33,193 - WARNING - 404 image found | offer_id=31542 | offer_url=https://bryansk.cian.ru/sale/flat/313266289/
2026-01-14 14:24:33,196 - WARNING - 404 image found | offer_id=31540 | offer_url=https://bryansk.cian.ru/sale/flat/313266336/
2026-01-14 14:24:33,218 - WARNING - 404 image found | offer_id=31566 | offer_url=https://bryansk.cian.ru/sale/flat/313000285/
2026-01-14 14:24:33,219 - WARNING - 404 image found | offer_id=31544 | offer_url=https://bryansk.cian.ru/sale/flat/313000069/
2026-01-14 14:24:33,220 - WARNING - 404 image found | offer_id=31564 | offer_url=https://bryansk.cian.ru/sale/flat/312086885/
2026-01-14 14:24:33,220 - WARNING - 404 image found | offer_id=31568 | offer_url=https://bryansk.cian.ru/sale/flat/313000381/
2026-01-14 14:24:33,220 - WARNING - 404 image found | offer_id=31563 | offer_url=https://bryansk.cian.ru/sale/flat/313000146/
2026-01-14 14:24:33,221 - WARNING - 404 image found | offer_id=31560 | offer_url=https://bryansk.cian.ru/sale/flat/313000141/
2026-01-14 14:24:33,221 - WARNING - 404 image found | offer_id=31536 | offer_url=https://bryansk.cian.ru/sale/flat/315213319/
2026-01-14 14:24:33,223 - WARNING - 404 image found | offer_id=31565 | offer_url=https://bryansk.cian.ru/sale/flat/313226616/
2026-01-14 14:24:33,226 - WARNING - 404 image found | offer_id=31561 | offer_url=https://bryansk.cian.ru/sale/flat/313000070/
2026-01-14 14:24:33,237 - WARNING - 404 image found | offer_id=31575 | offer_url=https://bryansk.cian.ru/sale/flat/320734392/
2026-01-14 14:24:33,250 - WARNING - 404 image found | offer_id=31558 | offer_url=https://bryansk.cian.ru/sale/flat/312087926/
2026-01-14 14:24:33,250 - WARNING - 404 image found | offer_id=31583 | offer_url=https://bryansk.cian.ru/sale/flat/312087140/
2026-01-14 14:24:33,250 - WARNING - 404 image found | offer_id=31578 | offer_url=https://bryansk.cian.ru/sale/flat/320734739/
2026-01-14 14:24:33,250 - WARNING - 404 image found | offer_id=31570 | offer_url=https://bryansk.cian.ru/sale/flat/313000144/
2026-01-14 14:24:33,251 - WARNING - 404 image found | offer_id=31562 | offer_url=https://bryansk.cian.ru/sale/flat/313000068/
2026-01-14 14:24:33,252 - WARNING - 404 image found | offer_id=31585 | offer_url=https://bryansk.cian.ru/sale/flat/323167313/
2026-01-14 14:24:33,253 - WARNING - 404 image found | offer_id=31465 | offer_url=https://bryansk.cian.ru/sale/flat/323167162/
2026-01-14 14:24:33,253 - WARNING - 404 image found | offer_id=31529 | offer_url=https://bryansk.cian.ru/sale/flat/322978704/
2026-01-14 14:24:33,256 - WARNING - 404 image found | offer_id=31579 | offer_url=https://bryansk.cian.ru/sale/flat/320734738/
2026-01-14 14:24:33,263 - WARNING - 404 image found | offer_id=31588 | offer_url=https://bryansk.cian.ru/sale/flat/312724385/
2026-01-14 14:24:33,267 - WARNING - 404 image found | offer_id=31557 | offer_url=https://bryansk.cian.ru/sale/flat/312087785/
2026-01-14 14:24:33,269 - WARNING - 404 image found | offer_id=31571 | offer_url=https://bryansk.cian.ru/sale/flat/319816735/
2026-01-14 14:24:33,274 - WARNING - 404 image found | offer_id=31598 | offer_url=https://bryansk.cian.ru/sale/flat/320709082/
2026-01-14 14:24:33,279 - WARNING - 404 image found | offer_id=31601 | offer_url=https://bryansk.cian.ru/sale/flat/320708013/
2026-01-14 14:24:33,280 - WARNING - 404 image found | offer_id=31590 | offer_url=https://bryansk.cian.ru/sale/flat/323167317/
2026-01-14 14:24:33,281 - WARNING - 404 image found | offer_id=31549 | offer_url=https://bryansk.cian.ru/sale/flat/299847263/
2026-01-14 14:24:33,281 - WARNING - 404 image found | offer_id=31593 | offer_url=https://bryansk.cian.ru/sale/flat/315849857/
2026-01-14 14:24:33,282 - WARNING - 404 image found | offer_id=31591 | offer_url=https://bryansk.cian.ru/sale/flat/323167173/
2026-01-14 14:24:33,284 - WARNING - 404 image found | offer_id=31599 | offer_url=https://bryansk.cian.ru/sale/flat/320544252/
2026-01-14 14:24:33,284 - WARNING - 404 image found | offer_id=31525 | offer_url=https://bryansk.cian.ru/sale/flat/319215631/
2026-01-14 14:24:33,285 - WARNING - 404 image found | offer_id=31604 | offer_url=https://bryansk.cian.ru/sale/flat/316906181/
2026-01-14 14:24:33,288 - WARNING - 404 image found | offer_id=31589 | offer_url=https://bryansk.cian.ru/sale/flat/323167312/
2026-01-14 14:24:33,289 - WARNING - 404 image found | offer_id=31603 | offer_url=https://bryansk.cian.ru/sale/flat/319816749/
2026-01-14 14:24:33,292 - WARNING - 404 image found | offer_id=31592 | offer_url=https://bryansk.cian.ru/sale/flat/312086890/
2026-01-14 14:24:33,293 - WARNING - 404 image found | offer_id=31574 | offer_url=https://bryansk.cian.ru/sale/flat/320734734/
2026-01-14 14:24:33,302 - WARNING - 404 image found | offer_id=31608 | offer_url=https://bryansk.cian.ru/sale/flat/313421922/
2026-01-14 14:24:33,303 - WARNING - 404 image found | offer_id=31538 | offer_url=https://bryansk.cian.ru/sale/flat/313266384/
2026-01-14 14:24:33,304 - WARNING - 404 image found | offer_id=31614 | offer_url=https://bryansk.cian.ru/sale/flat/313266291/
2026-01-14 14:24:33,305 - WARNING - 404 image found | offer_id=31609 | offer_url=https://bryansk.cian.ru/sale/flat/313381454/
2026-01-14 14:24:33,311 - WARNING - 404 image found | offer_id=31616 | offer_url=https://bryansk.cian.ru/sale/flat/312801740/
2026-01-14 14:24:33,311 - WARNING - 404 image found | offer_id=31613 | offer_url=https://bryansk.cian.ru/sale/flat/313266338/
2026-01-14 14:24:33,321 - WARNING - 404 image found | offer_id=31619 | offer_url=https://bryansk.cian.ru/sale/flat/284843437/
2026-01-14 14:24:33,321 - WARNING - 404 image found | offer_id=31605 | offer_url=https://bryansk.cian.ru/sale/flat/315937757/
2026-01-14 14:24:33,322 - WARNING - 404 image found | offer_id=31606 | offer_url=https://bryansk.cian.ru/sale/flat/314532115/
2026-01-14 14:24:33,326 - WARNING - 404 image found | offer_id=31602 | offer_url=https://bryansk.cian.ru/sale/flat/320224093/
2026-01-14 14:24:33,329 - WARNING - 404 image found | offer_id=31597 | offer_url=https://bryansk.cian.ru/sale/flat/322489862/
2026-01-14 14:24:33,333 - WARNING - 404 image found | offer_id=31618 | offer_url=https://bryansk.cian.ru/sale/flat/303227372/
2026-01-14 14:24:33,338 - WARNING - 404 image found | offer_id=31600 | offer_url=https://bryansk.cian.ru/sale/flat/320543800/
2026-01-14 14:24:33,339 - WARNING - 404 image found | offer_id=31620 | offer_url=https://bryansk.cian.ru/sale/flat/299847281/
2026-01-14 14:24:33,343 - WARNING - 404 image found | offer_id=31611 | offer_url=https://bryansk.cian.ru/sale/flat/313266385/
2026-01-14 14:24:33,347 - WARNING - 404 image found | offer_id=31617 | offer_url=https://bryansk.cian.ru/sale/flat/312415686/
2026-01-14 14:24:33,349 - WARNING - 404 image found | offer_id=31632 | offer_url=https://bryansk.cian.ru/sale/flat/312087940/
2026-01-14 14:24:33,350 - WARNING - 404 image found | offer_id=31633 | offer_url=https://bryansk.cian.ru/sale/flat/312087803/
2026-01-14 14:24:33,356 - WARNING - 404 image found | offer_id=31586 | offer_url=https://bryansk.cian.ru/sale/flat/312724384/
2026-01-14 14:24:33,357 - WARNING - 404 image found | offer_id=31580 | offer_url=https://bryansk.cian.ru/sale/flat/320734735/
2026-01-14 14:24:33,359 - WARNING - 404 image found | offer_id=31615 | offer_url=https://bryansk.cian.ru/sale/flat/313266290/
2026-01-14 14:24:33,360 - WARNING - 404 image found | offer_id=31634 | offer_url=https://bryansk.cian.ru/sale/flat/312088048/
2026-01-14 14:24:33,360 - WARNING - 404 image found | offer_id=31639 | offer_url=https://bryansk.cian.ru/sale/flat/313226631/
2026-01-14 14:24:33,365 - WARNING - 404 image found | offer_id=31636 | offer_url=https://bryansk.cian.ru/sale/flat/313000079/
2026-01-14 14:24:33,368 - WARNING - 404 image found | offer_id=31594 | offer_url=https://bryansk.cian.ru/sale/flat/315849929/
2026-01-14 14:24:33,369 - WARNING - 404 image found | offer_id=31596 | offer_url=https://bryansk.cian.ru/sale/flat/322519478/
2026-01-14 14:24:33,370 - WARNING - 404 image found | offer_id=31625 | offer_url=https://bryansk.cian.ru/sale/flat/313000153/
2026-01-14 14:24:33,378 - WARNING - 404 image found | offer_id=31621 | offer_url=https://bryansk.cian.ru/sale/flat/299847268/
2026-01-14 14:24:33,380 - WARNING - 404 image found | offer_id=31648 | offer_url=https://bryansk.cian.ru/sale/flat/313000385/
2026-01-14 14:24:33,382 - WARNING - 404 image found | offer_id=31630 | offer_url=https://bryansk.cian.ru/sale/flat/316432230/
2026-01-14 14:24:33,382 - WARNING - 404 image found | offer_id=31643 | offer_url=https://bryansk.cian.ru/sale/flat/319816755/
2026-01-14 14:24:33,383 - WARNING - 404 image found | offer_id=31631 | offer_url=https://bryansk.cian.ru/sale/flat/312087156/
2026-01-14 14:24:33,386 - WARNING - 404 image found | offer_id=31652 | offer_url=https://bryansk.cian.ru/sale/flat/316749257/
2026-01-14 14:24:33,389 - WARNING - 404 image found | offer_id=31658 | offer_url=https://bryansk.cian.ru/sale/flat/323167179/
2026-01-14 14:24:33,395 - WARNING - 404 image found | offer_id=31654 | offer_url=https://bryansk.cian.ru/sale/flat/303482416/
2026-01-14 14:24:33,395 - WARNING - 404 image found | offer_id=31612 | offer_url=https://bryansk.cian.ru/sale/flat/313266339/
2026-01-14 14:24:33,396 - WARNING - 404 image found | offer_id=31656 | offer_url=https://bryansk.cian.ru/sale/flat/323167348/
2026-01-14 14:24:33,397 - WARNING - 404 image found | offer_id=31651 | offer_url=https://bryansk.cian.ru/sale/flat/313000293/
2026-01-14 14:24:33,399 - WARNING - 404 image found | offer_id=31650 | offer_url=https://bryansk.cian.ru/sale/flat/320734755/
2026-01-14 14:24:33,403 - WARNING - 404 image found | offer_id=31665 | offer_url=https://bryansk.cian.ru/sale/flat/315849867/
2026-01-14 14:24:33,403 - WARNING - 404 image found | offer_id=31641 | offer_url=https://bryansk.cian.ru/sale/flat/313000305/
2026-01-14 14:24:33,407 - WARNING - 404 image found | offer_id=31663 | offer_url=https://bryansk.cian.ru/sale/flat/323167335/
2026-01-14 14:24:33,415 - WARNING - 404 image found | offer_id=31669 | offer_url=https://bryansk.cian.ru/sale/flat/322490135/
2026-01-14 14:24:33,416 - WARNING - 404 image found | offer_id=31660 | offer_url=https://bryansk.cian.ru/sale/flat/323167339/
2026-01-14 14:24:33,418 - WARNING - 404 image found | offer_id=31657 | offer_url=https://bryansk.cian.ru/sale/flat/312087161/
2026-01-14 14:24:33,418 - WARNING - 404 image found | offer_id=31610 | offer_url=https://bryansk.cian.ru/sale/flat/313266386/
2026-01-14 14:24:33,422 - WARNING - 404 image found | offer_id=31668 | offer_url=https://bryansk.cian.ru/sale/flat/322490975/
2026-01-14 14:24:33,423 - WARNING - 404 image found | offer_id=31655 | offer_url=https://bryansk.cian.ru/sale/flat/302922553/
2026-01-14 14:24:33,426 - WARNING - 404 image found | offer_id=31677 | offer_url=https://bryansk.cian.ru/sale/flat/316903688/
2026-01-14 14:24:33,430 - WARNING - 404 image found | offer_id=31664 | offer_url=https://bryansk.cian.ru/sale/flat/315849864/
2026-01-14 14:24:33,434 - WARNING - 404 image found | offer_id=31684 | offer_url=https://bryansk.cian.ru/sale/flat/313266294/
2026-01-14 14:24:33,435 - WARNING - 404 image found | offer_id=31681 | offer_url=https://bryansk.cian.ru/sale/flat/313266387/
2026-01-14 14:24:33,438 - WARNING - 404 image found | offer_id=31686 | offer_url=https://bryansk.cian.ru/sale/flat/313030284/
2026-01-14 14:24:33,442 - WARNING - 404 image found | offer_id=31671 | offer_url=https://bryansk.cian.ru/sale/flat/322393819/
2026-01-14 14:24:33,443 - WARNING - 404 image found | offer_id=31676 | offer_url=https://bryansk.cian.ru/sale/flat/320667382/
2026-01-14 14:24:33,443 - WARNING - 404 image found | offer_id=31649 | offer_url=https://bryansk.cian.ru/sale/flat/320734753/
2026-01-14 14:24:33,448 - WARNING - 404 image found | offer_id=31693 | offer_url=https://bryansk.cian.ru/sale/flat/299847294/
2026-01-14 14:24:33,449 - WARNING - 404 image found | offer_id=31689 | offer_url=https://bryansk.cian.ru/sale/flat/299847285/
2026-01-14 14:24:33,455 - WARNING - 404 image found | offer_id=31691 | offer_url=https://bryansk.cian.ru/sale/flat/299847104/
2026-01-14 14:24:33,456 - WARNING - 404 image found | offer_id=31680 | offer_url=https://bryansk.cian.ru/sale/flat/313266388/
2026-01-14 14:24:33,457 - WARNING - 404 image found | offer_id=31678 | offer_url=https://bryansk.cian.ru/sale/flat/315213646/
2026-01-14 14:24:33,465 - WARNING - 404 image found | offer_id=31682 | offer_url=https://bryansk.cian.ru/sale/flat/313266342/
2026-01-14 14:24:33,468 - WARNING - 404 image found | offer_id=31644 | offer_url=https://bryansk.cian.ru/sale/flat/312086992/
2026-01-14 14:24:33,470 - WARNING - 404 image found | offer_id=31501 | offer_url=https://bryansk.cian.ru/sale/flat/313000058/
2026-01-14 14:24:33,474 - WARNING - 404 image found | offer_id=31692 | offer_url=https://bryansk.cian.ru/sale/flat/299847121/
2026-01-14 14:24:33,479 - WARNING - 404 image found | offer_id=31685 | offer_url=https://bryansk.cian.ru/sale/flat/313266293/
2026-01-14 14:24:33,487 - WARNING - 404 image found | offer_id=31679 | offer_url=https://bryansk.cian.ru/sale/flat/313421967/
2026-01-14 14:24:33,496 - WARNING - 404 image found | offer_id=31674 | offer_url=https://bryansk.cian.ru/sale/flat/320708283/
2026-01-14 14:24:33,530 - WARNING - 404 image found | offer_id=31670 | offer_url=https://bryansk.cian.ru/sale/flat/322394137/
2026-01-14 14:24:33,593 - WARNING - 404 image found | offer_id=31683 | offer_url=https://bryansk.cian.ru/sale/flat/313266340/
2026-01-14 14:24:34,523 - WARNING - 404 image found | offer_id=31524 | offer_url=https://bryansk.cian.ru/sale/flat/312086879/
2026-01-14 14:24:34,543 - INFO - checked=3000, 404=1731, deleted=1700, deactivated=0, speed=240.3/s
2026-01-14 14:24:34,544 - INFO - Batch #7, last_id=31693
2026-01-14 14:24:34,572 - WARNING - 404 image found | offer_id=31703 | offer_url=https://bryansk.cian.ru/sale/flat/316924065/
2026-01-14 14:24:34,573 - WARNING - 404 image found | offer_id=31697 | offer_url=https://bryansk.cian.ru/sale/flat/300974369/
2026-01-14 14:24:34,573 - WARNING - 404 image found | offer_id=31714 | offer_url=https://bryansk.cian.ru/sale/flat/320734429/
2026-01-14 14:24:34,574 - WARNING - 404 image found | offer_id=31710 | offer_url=https://bryansk.cian.ru/sale/flat/313000320/
2026-01-14 14:24:34,574 - WARNING - 404 image found | offer_id=31695 | offer_url=https://bryansk.cian.ru/sale/flat/312087178/
2026-01-14 14:24:34,575 - WARNING - 404 image found | offer_id=31700 | offer_url=https://bryansk.cian.ru/sale/flat/312088061/
2026-01-14 14:24:34,576 - WARNING - 404 image found | offer_id=31706 | offer_url=https://bryansk.cian.ru/sale/flat/313000094/
2026-01-14 14:24:34,576 - WARNING - 404 image found | offer_id=31696 | offer_url=https://bryansk.cian.ru/sale/flat/303482237/
2026-01-14 14:24:34,577 - WARNING - 404 image found | offer_id=31712 | offer_url=https://bryansk.cian.ru/sale/flat/313000160/
2026-01-14 14:24:34,584 - WARNING - 404 image found | offer_id=31718 | offer_url=https://bryansk.cian.ru/sale/flat/321479192/
2026-01-14 14:24:34,590 - WARNING - 404 image found | offer_id=31705 | offer_url=https://bryansk.cian.ru/sale/flat/313226655/
2026-01-14 14:24:34,595 - WARNING - 404 image found | offer_id=31702 | offer_url=https://bryansk.cian.ru/sale/flat/313000093/
2026-01-14 14:24:34,595 - WARNING - 404 image found | offer_id=31730 | offer_url=https://bryansk.cian.ru/sale/flat/323351454/
2026-01-14 14:24:34,596 - WARNING - 404 image found | offer_id=31727 | offer_url=https://bryansk.cian.ru/sale/flat/323167186/
2026-01-14 14:24:34,599 - WARNING - 404 image found | offer_id=31728 | offer_url=https://bryansk.cian.ru/sale/flat/312724422/
2026-01-14 14:24:34,602 - WARNING - 404 image found | offer_id=31732 | offer_url=https://bryansk.cian.ru/sale/flat/316310474/
2026-01-14 14:24:34,604 - WARNING - 404 image found | offer_id=31733 | offer_url=https://bryansk.cian.ru/sale/flat/312087182/
2026-01-14 14:24:34,605 - WARNING - 404 image found | offer_id=31725 | offer_url=https://bryansk.cian.ru/sale/flat/319216144/
2026-01-14 14:24:34,608 - WARNING - 404 image found | offer_id=31729 | offer_url=https://bryansk.cian.ru/sale/flat/323167362/
2026-01-14 14:24:34,609 - WARNING - 404 image found | offer_id=31722 | offer_url=https://bryansk.cian.ru/sale/flat/320734775/
2026-01-14 14:24:34,610 - WARNING - 404 image found | offer_id=31708 | offer_url=https://bryansk.cian.ru/sale/flat/313000089/
2026-01-14 14:24:34,611 - WARNING - 404 image found | offer_id=31694 | offer_url=https://bryansk.cian.ru/sale/flat/299847282/
2026-01-14 14:24:34,612 - WARNING - 404 image found | offer_id=31726 | offer_url=https://bryansk.cian.ru/sale/flat/323167366/
2026-01-14 14:24:34,613 - WARNING - 404 image found | offer_id=31744 | offer_url=https://bryansk.cian.ru/sale/flat/320709285/
2026-01-14 14:24:34,617 - WARNING - 404 image found | offer_id=31741 | offer_url=https://bryansk.cian.ru/sale/flat/322394186/
2026-01-14 14:24:34,618 - WARNING - 404 image found | offer_id=31745 | offer_url=https://bryansk.cian.ru/sale/flat/317493824/
2026-01-14 14:24:34,620 - WARNING - 404 image found | offer_id=31743 | offer_url=https://bryansk.cian.ru/sale/flat/320708242/
2026-01-14 14:24:34,621 - WARNING - 404 image found | offer_id=31747 | offer_url=https://bryansk.cian.ru/sale/flat/316072729/
2026-01-14 14:24:34,623 - WARNING - 404 image found | offer_id=31735 | offer_url=https://bryansk.cian.ru/sale/flat/315849945/
2026-01-14 14:24:34,626 - WARNING - 404 image found | offer_id=31731 | offer_url=https://bryansk.cian.ru/sale/flat/323167360/
2026-01-14 14:24:34,628 - WARNING - 404 image found | offer_id=31716 | offer_url=https://bryansk.cian.ru/sale/flat/317808852/
2026-01-14 14:24:34,628 - WARNING - 404 image found | offer_id=31736 | offer_url=https://bryansk.cian.ru/sale/flat/318622041/
2026-01-14 14:24:34,629 - WARNING - 404 image found | offer_id=31754 | offer_url=https://bryansk.cian.ru/sale/flat/313266346/
2026-01-14 14:24:34,629 - WARNING - 404 image found | offer_id=31750 | offer_url=https://bryansk.cian.ru/sale/flat/315773798/
2026-01-14 14:24:34,630 - WARNING - 404 image found | offer_id=31752 | offer_url=https://bryansk.cian.ru/sale/flat/313421671/
2026-01-14 14:24:34,631 - WARNING - 404 image found | offer_id=31738 | offer_url=https://bryansk.cian.ru/sale/flat/322700416/
2026-01-14 14:24:34,632 - WARNING - 404 image found | offer_id=31749 | offer_url=https://bryansk.cian.ru/sale/flat/313456156/
2026-01-14 14:24:34,638 - WARNING - 404 image found | offer_id=31753 | offer_url=https://bryansk.cian.ru/sale/flat/313266390/
2026-01-14 14:24:34,638 - WARNING - 404 image found | offer_id=31751 | offer_url=https://bryansk.cian.ru/sale/flat/313266392/
2026-01-14 14:24:34,641 - WARNING - 404 image found | offer_id=31756 | offer_url=https://bryansk.cian.ru/sale/flat/313266298/
2026-01-14 14:24:34,647 - WARNING - 404 image found | offer_id=31760 | offer_url=https://bryansk.cian.ru/sale/flat/299847122/
2026-01-14 14:24:34,647 - WARNING - 404 image found | offer_id=31763 | offer_url=https://bryansk.cian.ru/sale/flat/322961986/
2026-01-14 14:24:34,648 - WARNING - 404 image found | offer_id=31719 | offer_url=https://bryansk.cian.ru/sale/flat/313000396/
2026-01-14 14:24:34,649 - WARNING - 404 image found | offer_id=31757 | offer_url=https://bryansk.cian.ru/sale/flat/313266295/
2026-01-14 14:24:34,650 - WARNING - 404 image found | offer_id=31762 | offer_url=https://bryansk.cian.ru/sale/flat/299847131/
2026-01-14 14:24:34,653 - WARNING - 404 image found | offer_id=31770 | offer_url=https://bryansk.cian.ru/sale/flat/301894839/
2026-01-14 14:24:34,658 - WARNING - 404 image found | offer_id=31761 | offer_url=https://bryansk.cian.ru/sale/flat/299847303/
2026-01-14 14:24:34,660 - WARNING - 404 image found | offer_id=31777 | offer_url=https://bryansk.cian.ru/sale/flat/312088075/
2026-01-14 14:24:34,667 - WARNING - 404 image found | offer_id=31783 | offer_url=https://bryansk.cian.ru/sale/flat/313226668/
2026-01-14 14:24:34,668 - WARNING - 404 image found | offer_id=31779 | offer_url=https://bryansk.cian.ru/sale/flat/313000411/
2026-01-14 14:24:34,668 - WARNING - 404 image found | offer_id=31781 | offer_url=https://bryansk.cian.ru/sale/flat/313000340/
2026-01-14 14:24:34,669 - WARNING - 404 image found | offer_id=31785 | offer_url=https://bryansk.cian.ru/sale/flat/316924067/
2026-01-14 14:24:34,678 - WARNING - 404 image found | offer_id=31784 | offer_url=https://bryansk.cian.ru/sale/flat/313000173/
2026-01-14 14:24:34,683 - WARNING - 404 image found | offer_id=31786 | offer_url=https://bryansk.cian.ru/sale/flat/313000326/
2026-01-14 14:24:34,687 - WARNING - 404 image found | offer_id=31791 | offer_url=https://bryansk.cian.ru/sale/flat/312087003/
2026-01-14 14:24:34,690 - WARNING - 404 image found | offer_id=31801 | offer_url=https://bryansk.cian.ru/sale/flat/313000405/
2026-01-14 14:24:34,690 - WARNING - 404 image found | offer_id=31758 | offer_url=https://bryansk.cian.ru/sale/flat/313000406/
2026-01-14 14:24:34,691 - WARNING - 404 image found | offer_id=31796 | offer_url=https://bryansk.cian.ru/sale/flat/320734430/
2026-01-14 14:24:34,694 - WARNING - 404 image found | offer_id=31788 | offer_url=https://bryansk.cian.ru/sale/flat/313000172/
2026-01-14 14:24:34,694 - WARNING - 404 image found | offer_id=31766 | offer_url=https://bryansk.cian.ru/sale/flat/312087001/
2026-01-14 14:24:34,696 - WARNING - 404 image found | offer_id=31773 | offer_url=https://bryansk.cian.ru/sale/flat/301894916/
2026-01-14 14:24:34,699 - WARNING - 404 image found | offer_id=31798 | offer_url=https://bryansk.cian.ru/sale/flat/320734800/
2026-01-14 14:24:34,704 - WARNING - 404 image found | offer_id=31812 | offer_url=https://bryansk.cian.ru/sale/flat/323167377/
2026-01-14 14:24:34,709 - WARNING - 404 image found | offer_id=31813 | offer_url=https://bryansk.cian.ru/sale/flat/323167381/
2026-01-14 14:24:34,711 - WARNING - 404 image found | offer_id=31811 | offer_url=https://bryansk.cian.ru/sale/flat/319216146/
2026-01-14 14:24:34,716 - WARNING - 404 image found | offer_id=31816 | offer_url=https://bryansk.cian.ru/sale/flat/312724456/
2026-01-14 14:24:34,716 - WARNING - 404 image found | offer_id=31820 | offer_url=https://bryansk.cian.ru/sale/flat/322487787/
2026-01-14 14:24:34,717 - WARNING - 404 image found | offer_id=31823 | offer_url=https://bryansk.cian.ru/sale/flat/317243370/
2026-01-14 14:24:34,718 - WARNING - 404 image found | offer_id=31794 | offer_url=https://bryansk.cian.ru/sale/flat/300918176/
2026-01-14 14:24:34,720 - WARNING - 404 image found | offer_id=31806 | offer_url=https://bryansk.cian.ru/sale/flat/313000331/
2026-01-14 14:24:34,721 - WARNING - 404 image found | offer_id=31765 | offer_url=https://bryansk.cian.ru/sale/flat/299847295/
2026-01-14 14:24:34,722 - WARNING - 404 image found | offer_id=31814 | offer_url=https://bryansk.cian.ru/sale/flat/323167379/
2026-01-14 14:24:34,723 - WARNING - 404 image found | offer_id=31824 | offer_url=https://bryansk.cian.ru/sale/flat/313266394/
2026-01-14 14:24:34,723 - WARNING - 404 image found | offer_id=31787 | offer_url=https://bryansk.cian.ru/sale/flat/313000176/
2026-01-14 14:24:34,727 - WARNING - 404 image found | offer_id=31825 | offer_url=https://bryansk.cian.ru/sale/flat/313266393/
2026-01-14 14:24:34,727 - WARNING - 404 image found | offer_id=31819 | offer_url=https://bryansk.cian.ru/sale/flat/323167374/
2026-01-14 14:24:34,729 - WARNING - 404 image found | offer_id=31829 | offer_url=https://bryansk.cian.ru/sale/flat/313266300/
2026-01-14 14:24:34,730 - WARNING - 404 image found | offer_id=31821 | offer_url=https://bryansk.cian.ru/sale/flat/320637221/
2026-01-14 14:24:34,731 - WARNING - 404 image found | offer_id=31774 | offer_url=https://bryansk.cian.ru/sale/flat/299847200/
2026-01-14 14:24:34,732 - WARNING - 404 image found | offer_id=31817 | offer_url=https://bryansk.cian.ru/sale/flat/312724443/
2026-01-14 14:24:34,734 - WARNING - 404 image found | offer_id=31815 | offer_url=https://bryansk.cian.ru/sale/flat/323167201/
2026-01-14 14:24:34,736 - WARNING - 404 image found | offer_id=31768 | offer_url=https://bryansk.cian.ru/sale/flat/312087199/
2026-01-14 14:24:34,738 - WARNING - 404 image found | offer_id=31833 | offer_url=https://bryansk.cian.ru/sale/flat/303482499/
2026-01-14 14:24:34,738 - WARNING - 404 image found | offer_id=31830 | offer_url=https://bryansk.cian.ru/sale/flat/303482267/
2026-01-14 14:24:34,742 - WARNING - 404 image found | offer_id=31838 | offer_url=https://bryansk.cian.ru/sale/flat/312087221/
2026-01-14 14:24:34,748 - WARNING - 404 image found | offer_id=31842 | offer_url=https://bryansk.cian.ru/sale/flat/312087848/
2026-01-14 14:24:34,749 - WARNING - 404 image found | offer_id=31836 | offer_url=https://bryansk.cian.ru/sale/flat/312087014/
2026-01-14 14:24:34,751 - WARNING - 404 image found | offer_id=31755 | offer_url=https://bryansk.cian.ru/sale/flat/313266344/
2026-01-14 14:24:34,751 - WARNING - 404 image found | offer_id=31822 | offer_url=https://bryansk.cian.ru/sale/flat/319224672/
2026-01-14 14:24:34,752 - WARNING - 404 image found | offer_id=31852 | offer_url=https://bryansk.cian.ru/sale/flat/320734830/
2026-01-14 14:24:34,756 - WARNING - 404 image found | offer_id=31740 | offer_url=https://bryansk.cian.ru/sale/flat/322456389/
2026-01-14 14:24:34,757 - WARNING - 404 image found | offer_id=31826 | offer_url=https://bryansk.cian.ru/sale/flat/313266348/
2026-01-14 14:24:34,760 - WARNING - 404 image found | offer_id=31834 | offer_url=https://bryansk.cian.ru/sale/flat/312088101/
2026-01-14 14:24:34,760 - WARNING - 404 image found | offer_id=31856 | offer_url=https://bryansk.cian.ru/sale/flat/322833725/
2026-01-14 14:24:34,761 - WARNING - 404 image found | offer_id=31849 | offer_url=https://bryansk.cian.ru/sale/flat/309666075/
2026-01-14 14:24:34,764 - WARNING - 404 image found | offer_id=31860 | offer_url=https://bryansk.cian.ru/sale/flat/323167398/
2026-01-14 14:24:34,769 - WARNING - 404 image found | offer_id=31835 | offer_url=https://bryansk.cian.ru/sale/flat/312087223/
2026-01-14 14:24:34,770 - WARNING - 404 image found | offer_id=31862 | offer_url=https://bryansk.cian.ru/sale/flat/303482109/
2026-01-14 14:24:34,773 - WARNING - 404 image found | offer_id=31851 | offer_url=https://bryansk.cian.ru/sale/flat/320734821/
2026-01-14 14:24:34,779 - WARNING - 404 image found | offer_id=31870 | offer_url=https://bryansk.cian.ru/sale/flat/320669862/
2026-01-14 14:24:34,780 - WARNING - 404 image found | offer_id=31867 | offer_url=https://bryansk.cian.ru/sale/flat/322458462/
2026-01-14 14:24:34,780 - WARNING - 404 image found | offer_id=31865 | offer_url=https://bryansk.cian.ru/sale/flat/312086945/
2026-01-14 14:24:34,782 - WARNING - 404 image found | offer_id=31857 | offer_url=https://bryansk.cian.ru/sale/flat/323388456/
2026-01-14 14:24:34,783 - WARNING - 404 image found | offer_id=31872 | offer_url=https://bryansk.cian.ru/sale/flat/315773949/
2026-01-14 14:24:34,783 - WARNING - 404 image found | offer_id=31840 | offer_url=https://bryansk.cian.ru/sale/flat/312087214/
2026-01-14 14:24:34,784 - WARNING - 404 image found | offer_id=31828 | offer_url=https://bryansk.cian.ru/sale/flat/313266349/
2026-01-14 14:24:34,784 - WARNING - 404 image found | offer_id=31863 | offer_url=https://bryansk.cian.ru/sale/flat/316310512/
2026-01-14 14:24:34,785 - WARNING - 404 image found | offer_id=31858 | offer_url=https://bryansk.cian.ru/sale/flat/323167216/
2026-01-14 14:24:34,788 - WARNING - 404 image found | offer_id=31873 | offer_url=https://bryansk.cian.ru/sale/flat/313266396/
2026-01-14 14:24:34,791 - WARNING - 404 image found | offer_id=31874 | offer_url=https://bryansk.cian.ru/sale/flat/313266395/
2026-01-14 14:24:34,791 - WARNING - 404 image found | offer_id=31859 | offer_url=https://bryansk.cian.ru/sale/flat/323167391/
2026-01-14 14:24:34,795 - WARNING - 404 image found | offer_id=31876 | offer_url=https://bryansk.cian.ru/sale/flat/313266351/
2026-01-14 14:24:34,797 - WARNING - 404 image found | offer_id=31881 | offer_url=https://bryansk.cian.ru/sale/flat/303482339/
2026-01-14 14:24:34,797 - WARNING - 404 image found | offer_id=31846 | offer_url=https://bryansk.cian.ru/sale/flat/313226689/
2026-01-14 14:24:34,798 - WARNING - 404 image found | offer_id=31879 | offer_url=https://bryansk.cian.ru/sale/flat/312230873/
2026-01-14 14:24:34,799 - WARNING - 404 image found | offer_id=31878 | offer_url=https://bryansk.cian.ru/sale/flat/313266305/
2026-01-14 14:24:34,800 - WARNING - 404 image found | offer_id=31875 | offer_url=https://bryansk.cian.ru/sale/flat/313266353/
2026-01-14 14:24:34,800 - WARNING - 404 image found | offer_id=31868 | offer_url=https://bryansk.cian.ru/sale/flat/322394342/
2026-01-14 14:24:34,802 - WARNING - 404 image found | offer_id=31884 | offer_url=https://bryansk.cian.ru/sale/flat/313000199/
2026-01-14 14:24:34,802 - WARNING - 404 image found | offer_id=31880 | offer_url=https://bryansk.cian.ru/sale/flat/309333738/
2026-01-14 14:24:34,804 - WARNING - 404 image found | offer_id=31885 | offer_url=https://bryansk.cian.ru/sale/flat/313000200/
2026-01-14 14:24:34,805 - WARNING - 404 image found | offer_id=31866 | offer_url=https://bryansk.cian.ru/sale/flat/322523003/
2026-01-14 14:24:34,806 - WARNING - 404 image found | offer_id=31882 | offer_url=https://bryansk.cian.ru/sale/flat/303482229/
2026-01-14 14:24:34,806 - WARNING - 404 image found | offer_id=31887 | offer_url=https://bryansk.cian.ru/sale/flat/313000197/
2026-01-14 14:24:34,809 - WARNING - 404 image found | offer_id=31827 | offer_url=https://bryansk.cian.ru/sale/flat/313266302/
2026-01-14 14:24:34,811 - WARNING - 404 image found | offer_id=31853 | offer_url=https://bryansk.cian.ru/sale/flat/300918234/
2026-01-14 14:24:34,813 - WARNING - 404 image found | offer_id=31861 | offer_url=https://bryansk.cian.ru/sale/flat/323167389/
2026-01-14 14:24:34,816 - WARNING - 404 image found | offer_id=31891 | offer_url=https://bryansk.cian.ru/sale/flat/320734854/
2026-01-14 14:24:34,822 - WARNING - 404 image found | offer_id=31901 | offer_url=https://bryansk.cian.ru/sale/flat/303482407/
2026-01-14 14:24:34,827 - WARNING - 404 image found | offer_id=31864 | offer_url=https://bryansk.cian.ru/sale/flat/312087203/
2026-01-14 14:24:34,827 - WARNING - 404 image found | offer_id=31893 | offer_url=https://bryansk.cian.ru/sale/flat/321172132/
2026-01-14 14:24:34,828 - WARNING - 404 image found | offer_id=31912 | offer_url=https://bryansk.cian.ru/sale/flat/315774709/
2026-01-14 14:24:34,833 - WARNING - 404 image found | offer_id=31911 | offer_url=https://bryansk.cian.ru/sale/flat/318851923/
2026-01-14 14:24:34,835 - WARNING - 404 image found | offer_id=31877 | offer_url=https://bryansk.cian.ru/sale/flat/313266306/
2026-01-14 14:24:34,835 - WARNING - 404 image found | offer_id=31883 | offer_url=https://bryansk.cian.ru/sale/flat/303482498/
2026-01-14 14:24:34,837 - WARNING - 404 image found | offer_id=31897 | offer_url=https://bryansk.cian.ru/sale/flat/322849920/
2026-01-14 14:24:34,839 - WARNING - 404 image found | offer_id=31910 | offer_url=https://bryansk.cian.ru/sale/flat/319067501/
2026-01-14 14:24:34,841 - WARNING - 404 image found | offer_id=31918 | offer_url=https://bryansk.cian.ru/sale/flat/313266354/
2026-01-14 14:24:34,842 - WARNING - 404 image found | offer_id=31917 | offer_url=https://bryansk.cian.ru/sale/flat/313266355/
2026-01-14 14:24:34,845 - WARNING - 404 image found | offer_id=31915 | offer_url=https://bryansk.cian.ru/sale/flat/313266397/
2026-01-14 14:24:34,846 - WARNING - 404 image found | offer_id=31906 | offer_url=https://bryansk.cian.ru/sale/flat/323167408/
2026-01-14 14:24:34,847 - WARNING - 404 image found | offer_id=31919 | offer_url=https://bryansk.cian.ru/sale/flat/313266307/
2026-01-14 14:24:34,847 - WARNING - 404 image found | offer_id=31892 | offer_url=https://bryansk.cian.ru/sale/flat/320734847/
2026-01-14 14:24:34,858 - WARNING - 404 image found | offer_id=31908 | offer_url=https://bryansk.cian.ru/sale/flat/320637377/
2026-01-14 14:24:34,858 - WARNING - 404 image found | offer_id=31890 | offer_url=https://bryansk.cian.ru/sale/flat/300918315/
2026-01-14 14:24:34,858 - WARNING - 404 image found | offer_id=31924 | offer_url=https://bryansk.cian.ru/sale/flat/303482187/
2026-01-14 14:24:34,859 - WARNING - 404 image found | offer_id=31896 | offer_url=https://bryansk.cian.ru/sale/flat/322833715/
2026-01-14 14:24:34,860 - WARNING - 404 image found | offer_id=31929 | offer_url=https://bryansk.cian.ru/sale/flat/313000215/
2026-01-14 14:24:34,860 - WARNING - 404 image found | offer_id=31923 | offer_url=https://bryansk.cian.ru/sale/flat/310692411/
2026-01-14 14:24:34,861 - WARNING - 404 image found | offer_id=31921 | offer_url=https://bryansk.cian.ru/sale/flat/313266309/
2026-01-14 14:24:34,861 - WARNING - 404 image found | offer_id=31909 | offer_url=https://bryansk.cian.ru/sale/flat/320637480/
2026-01-14 14:24:34,862 - WARNING - 404 image found | offer_id=31926 | offer_url=https://bryansk.cian.ru/sale/flat/313000212/
2026-01-14 14:24:34,867 - WARNING - 404 image found | offer_id=31935 | offer_url=https://bryansk.cian.ru/sale/flat/320734875/
2026-01-14 14:24:34,868 - WARNING - 404 image found | offer_id=31904 | offer_url=https://bryansk.cian.ru/sale/flat/323167405/
2026-01-14 14:24:34,869 - WARNING - 404 image found | offer_id=31933 | offer_url=https://bryansk.cian.ru/sale/flat/320734865/
2026-01-14 14:24:34,871 - WARNING - 404 image found | offer_id=31932 | offer_url=https://bryansk.cian.ru/sale/flat/317244846/
2026-01-14 14:24:34,874 - WARNING - 404 image found | offer_id=31930 | offer_url=https://bryansk.cian.ru/sale/flat/313000213/
2026-01-14 14:24:34,875 - WARNING - 404 image found | offer_id=31920 | offer_url=https://bryansk.cian.ru/sale/flat/312295637/
2026-01-14 14:24:34,875 - WARNING - 404 image found | offer_id=31928 | offer_url=https://bryansk.cian.ru/sale/flat/312307863/
2026-01-14 14:24:34,876 - WARNING - 404 image found | offer_id=31927 | offer_url=https://bryansk.cian.ru/sale/flat/313000214/
2026-01-14 14:24:34,877 - WARNING - 404 image found | offer_id=31916 | offer_url=https://bryansk.cian.ru/sale/flat/313266398/
2026-01-14 14:24:34,878 - WARNING - 404 image found | offer_id=31944 | offer_url=https://bryansk.cian.ru/sale/flat/316310517/
2026-01-14 14:24:34,881 - WARNING - 404 image found | offer_id=31941 | offer_url=https://bryansk.cian.ru/sale/flat/313000218/
2026-01-14 14:24:34,883 - WARNING - 404 image found | offer_id=31936 | offer_url=https://bryansk.cian.ru/sale/flat/320734512/
2026-01-14 14:24:34,884 - WARNING - 404 image found | offer_id=31913 | offer_url=https://bryansk.cian.ru/sale/flat/315774459/
2026-01-14 14:24:34,885 - WARNING - 404 image found | offer_id=31942 | offer_url=https://bryansk.cian.ru/sale/flat/320734873/
2026-01-14 14:24:34,887 - WARNING - 404 image found | offer_id=31949 | offer_url=https://bryansk.cian.ru/sale/flat/323167414/
2026-01-14 14:24:34,891 - WARNING - 404 image found | offer_id=31938 | offer_url=https://bryansk.cian.ru/sale/flat/320734866/
2026-01-14 14:24:34,892 - WARNING - 404 image found | offer_id=31946 | offer_url=https://bryansk.cian.ru/sale/flat/323167252/
2026-01-14 14:24:34,896 - WARNING - 404 image found | offer_id=31960 | offer_url=https://bryansk.cian.ru/sale/flat/313266401/
2026-01-14 14:24:34,896 - WARNING - 404 image found | offer_id=31957 | offer_url=https://bryansk.cian.ru/sale/flat/317568983/
2026-01-14 14:24:34,897 - WARNING - 404 image found | offer_id=31959 | offer_url=https://bryansk.cian.ru/sale/flat/317244579/
2026-01-14 14:24:34,898 - WARNING - 404 image found | offer_id=31953 | offer_url=https://bryansk.cian.ru/sale/flat/322394050/
2026-01-14 14:24:34,899 - WARNING - 404 image found | offer_id=31937 | offer_url=https://bryansk.cian.ru/sale/flat/300918357/
2026-01-14 14:24:34,902 - WARNING - 404 image found | offer_id=31964 | offer_url=https://bryansk.cian.ru/sale/flat/313266315/
2026-01-14 14:24:34,904 - WARNING - 404 image found | offer_id=31951 | offer_url=https://bryansk.cian.ru/sale/flat/322394643/
2026-01-14 14:24:34,905 - WARNING - 404 image found | offer_id=31956 | offer_url=https://bryansk.cian.ru/sale/flat/320637638/
2026-01-14 14:24:34,906 - WARNING - 404 image found | offer_id=31962 | offer_url=https://bryansk.cian.ru/sale/flat/313266399/
2026-01-14 14:24:34,907 - WARNING - 404 image found | offer_id=31948 | offer_url=https://bryansk.cian.ru/sale/flat/323167416/
2026-01-14 14:24:34,907 - WARNING - 404 image found | offer_id=31954 | offer_url=https://bryansk.cian.ru/sale/flat/320637552/
2026-01-14 14:24:34,908 - WARNING - 404 image found | offer_id=31963 | offer_url=https://bryansk.cian.ru/sale/flat/313266357/
2026-01-14 14:24:34,909 - WARNING - 404 image found | offer_id=31955 | offer_url=https://bryansk.cian.ru/sale/flat/318990698/
2026-01-14 14:24:34,917 - WARNING - 404 image found | offer_id=31905 | offer_url=https://bryansk.cian.ru/sale/flat/323167234/
2026-01-14 14:24:34,917 - WARNING - 404 image found | offer_id=31973 | offer_url=https://bryansk.cian.ru/sale/flat/303482260/
2026-01-14 14:24:34,919 - WARNING - 404 image found | offer_id=31972 | offer_url=https://bryansk.cian.ru/sale/flat/313000223/
2026-01-14 14:24:34,922 - WARNING - 404 image found | offer_id=31976 | offer_url=https://bryansk.cian.ru/sale/flat/316924106/
2026-01-14 14:24:34,925 - WARNING - 404 image found | offer_id=31958 | offer_url=https://bryansk.cian.ru/sale/flat/315213622/
2026-01-14 14:24:34,925 - WARNING - 404 image found | offer_id=31982 | offer_url=https://bryansk.cian.ru/sale/flat/320734883/
2026-01-14 14:24:34,926 - WARNING - 404 image found | offer_id=31983 | offer_url=https://bryansk.cian.ru/sale/flat/320734890/
2026-01-14 14:24:34,929 - WARNING - 404 image found | offer_id=31980 | offer_url=https://bryansk.cian.ru/sale/flat/300918424/
2026-01-14 14:24:34,929 - WARNING - 404 image found | offer_id=31978 | offer_url=https://bryansk.cian.ru/sale/flat/319526630/
2026-01-14 14:24:34,931 - WARNING - 404 image found | offer_id=31977 | offer_url=https://bryansk.cian.ru/sale/flat/313000228/
2026-01-14 14:24:34,932 - WARNING - 404 image found | offer_id=31988 | offer_url=https://bryansk.cian.ru/sale/flat/310864539/
2026-01-14 14:24:34,935 - WARNING - 404 image found | offer_id=31987 | offer_url=https://bryansk.cian.ru/sale/flat/311420452/
2026-01-14 14:24:34,937 - WARNING - 404 image found | offer_id=31974 | offer_url=https://bryansk.cian.ru/sale/flat/313000225/
2026-01-14 14:24:34,942 - WARNING - 404 image found | offer_id=31990 | offer_url=https://bryansk.cian.ru/sale/flat/313000230/
2026-01-14 14:24:34,943 - WARNING - 404 image found | offer_id=31995 | offer_url=https://bryansk.cian.ru/sale/flat/323167261/
2026-01-14 14:24:34,943 - WARNING - 404 image found | offer_id=31993 | offer_url=https://bryansk.cian.ru/sale/flat/316310519/
2026-01-14 14:24:34,944 - WARNING - 404 image found | offer_id=31841 | offer_url=https://bryansk.cian.ru/sale/flat/312087837/
2026-01-14 14:24:34,948 - WARNING - 404 image found | offer_id=31965 | offer_url=https://bryansk.cian.ru/sale/flat/313266312/
2026-01-14 14:24:34,949 - WARNING - 404 image found | offer_id=31992 | offer_url=https://bryansk.cian.ru/sale/flat/303482403/
2026-01-14 14:24:34,951 - WARNING - 404 image found | offer_id=31998 | offer_url=https://bryansk.cian.ru/sale/flat/322457415/
2026-01-14 14:24:34,951 - WARNING - 404 image found | offer_id=31994 | offer_url=https://bryansk.cian.ru/sale/flat/323167429/
2026-01-14 14:24:34,953 - WARNING - 404 image found | offer_id=31939 | offer_url=https://bryansk.cian.ru/sale/flat/320734870/
2026-01-14 14:24:34,958 - WARNING - 404 image found | offer_id=31997 | offer_url=https://bryansk.cian.ru/sale/flat/323167426/
2026-01-14 14:24:34,961 - WARNING - 404 image found | offer_id=32005 | offer_url=https://bryansk.cian.ru/sale/flat/313416190/
2026-01-14 14:24:34,961 - WARNING - 404 image found | offer_id=32001 | offer_url=https://bryansk.cian.ru/sale/flat/320565804/
2026-01-14 14:24:34,962 - WARNING - 404 image found | offer_id=31996 | offer_url=https://bryansk.cian.ru/sale/flat/323167434/
2026-01-14 14:24:34,967 - WARNING - 404 image found | offer_id=31985 | offer_url=https://bryansk.cian.ru/sale/flat/300918388/
2026-01-14 14:24:34,968 - WARNING - 404 image found | offer_id=31999 | offer_url=https://bryansk.cian.ru/sale/flat/322724205/
2026-01-14 14:24:34,968 - WARNING - 404 image found | offer_id=32007 | offer_url=https://bryansk.cian.ru/sale/flat/313266404/
2026-01-14 14:24:34,969 - WARNING - 404 image found | offer_id=32003 | offer_url=https://bryansk.cian.ru/sale/flat/315213376/
2026-01-14 14:24:34,969 - WARNING - 404 image found | offer_id=32010 | offer_url=https://bryansk.cian.ru/sale/flat/313266358/
2026-01-14 14:24:34,970 - WARNING - 404 image found | offer_id=32000 | offer_url=https://bryansk.cian.ru/sale/flat/322394485/
2026-01-14 14:24:34,971 - WARNING - 404 image found | offer_id=31961 | offer_url=https://bryansk.cian.ru/sale/flat/313266356/
2026-01-14 14:24:34,974 - WARNING - 404 image found | offer_id=32004 | offer_url=https://bryansk.cian.ru/sale/flat/315774220/
2026-01-14 14:24:34,976 - WARNING - 404 image found | offer_id=31979 | offer_url=https://bryansk.cian.ru/sale/flat/320734889/
2026-01-14 14:24:34,977 - WARNING - 404 image found | offer_id=32012 | offer_url=https://bryansk.cian.ru/sale/flat/312801652/
2026-01-14 14:24:34,977 - WARNING - 404 image found | offer_id=31984 | offer_url=https://bryansk.cian.ru/sale/flat/320734884/
2026-01-14 14:24:34,984 - WARNING - 404 image found | offer_id=32018 | offer_url=https://bryansk.cian.ru/sale/flat/313000237/
2026-01-14 14:24:34,985 - WARNING - 404 image found | offer_id=32017 | offer_url=https://bryansk.cian.ru/sale/flat/301895015/
2026-01-14 14:24:34,985 - WARNING - 404 image found | offer_id=32006 | offer_url=https://bryansk.cian.ru/sale/flat/316073360/
2026-01-14 14:24:34,986 - WARNING - 404 image found | offer_id=31981 | offer_url=https://bryansk.cian.ru/sale/flat/320734519/
2026-01-14 14:24:34,986 - WARNING - 404 image found | offer_id=32014 | offer_url=https://bryansk.cian.ru/sale/flat/310969926/
2026-01-14 14:24:34,986 - WARNING - 404 image found | offer_id=31950 | offer_url=https://bryansk.cian.ru/sale/flat/322457700/
2026-01-14 14:24:34,987 - WARNING - 404 image found | offer_id=32013 | offer_url=https://bryansk.cian.ru/sale/flat/313266319/
2026-01-14 14:24:34,990 - WARNING - 404 image found | offer_id=32019 | offer_url=https://bryansk.cian.ru/sale/flat/303482181/
2026-01-14 14:24:34,991 - WARNING - 404 image found | offer_id=32021 | offer_url=https://bryansk.cian.ru/sale/flat/313000233/
2026-01-14 14:24:34,993 - WARNING - 404 image found | offer_id=32008 | offer_url=https://bryansk.cian.ru/sale/flat/313266402/
2026-01-14 14:24:34,994 - WARNING - 404 image found | offer_id=32002 | offer_url=https://bryansk.cian.ru/sale/flat/318990733/
2026-01-14 14:24:34,996 - WARNING - 404 image found | offer_id=32024 | offer_url=https://bryansk.cian.ru/sale/flat/300918454/
2026-01-14 14:24:35,003 - WARNING - 404 image found | offer_id=32033 | offer_url=https://bryansk.cian.ru/sale/flat/323167443/
2026-01-14 14:24:35,008 - WARNING - 404 image found | offer_id=32034 | offer_url=https://bryansk.cian.ru/sale/flat/303482401/
2026-01-14 14:24:35,009 - WARNING - 404 image found | offer_id=32027 | offer_url=https://bryansk.cian.ru/sale/flat/320734901/
2026-01-14 14:24:35,009 - WARNING - 404 image found | offer_id=32011 | offer_url=https://bryansk.cian.ru/sale/flat/313266317/
2026-01-14 14:24:35,010 - WARNING - 404 image found | offer_id=32031 | offer_url=https://bryansk.cian.ru/sale/flat/323167275/
2026-01-14 14:24:35,014 - WARNING - 404 image found | offer_id=32020 | offer_url=https://bryansk.cian.ru/sale/flat/313000234/
2026-01-14 14:24:35,015 - WARNING - 404 image found | offer_id=32038 | offer_url=https://bryansk.cian.ru/sale/flat/322716216/
2026-01-14 14:24:35,015 - WARNING - 404 image found | offer_id=32036 | offer_url=https://bryansk.cian.ru/sale/flat/322833690/
2026-01-14 14:24:35,016 - WARNING - 404 image found | offer_id=32039 | offer_url=https://bryansk.cian.ru/sale/flat/322519574/
2026-01-14 14:24:35,017 - WARNING - 404 image found | offer_id=32042 | offer_url=https://bryansk.cian.ru/sale/flat/320565870/
2026-01-14 14:24:35,017 - WARNING - 404 image found | offer_id=32025 | offer_url=https://bryansk.cian.ru/sale/flat/300918477/
2026-01-14 14:24:35,018 - WARNING - 404 image found | offer_id=32044 | offer_url=https://bryansk.cian.ru/sale/flat/318335728/
2026-01-14 14:24:35,018 - WARNING - 404 image found | offer_id=32022 | offer_url=https://bryansk.cian.ru/sale/flat/320734906/
2026-01-14 14:24:35,020 - WARNING - 404 image found | offer_id=32026 | offer_url=https://bryansk.cian.ru/sale/flat/320734908/
2026-01-14 14:24:35,020 - WARNING - 404 image found | offer_id=32028 | offer_url=https://bryansk.cian.ru/sale/flat/316333513/
2026-01-14 14:24:35,021 - WARNING - 404 image found | offer_id=32043 | offer_url=https://bryansk.cian.ru/sale/flat/320565037/
2026-01-14 14:24:35,024 - WARNING - 404 image found | offer_id=32037 | offer_url=https://bryansk.cian.ru/sale/flat/322723923/
2026-01-14 14:24:35,026 - WARNING - 404 image found | offer_id=32040 | offer_url=https://bryansk.cian.ru/sale/flat/322518752/
2026-01-14 14:24:35,029 - WARNING - 404 image found | offer_id=32041 | offer_url=https://bryansk.cian.ru/sale/flat/320669874/
2026-01-14 14:24:35,029 - WARNING - 404 image found | offer_id=32048 | offer_url=https://bryansk.cian.ru/sale/flat/313266365/
2026-01-14 14:24:35,029 - WARNING - 404 image found | offer_id=32047 | offer_url=https://bryansk.cian.ru/sale/flat/316073499/
2026-01-14 14:24:35,031 - WARNING - 404 image found | offer_id=32009 | offer_url=https://bryansk.cian.ru/sale/flat/313266361/
2026-01-14 14:24:35,032 - WARNING - 404 image found | offer_id=32049 | offer_url=https://bryansk.cian.ru/sale/flat/313266405/
2026-01-14 14:24:35,032 - WARNING - 404 image found | offer_id=32029 | offer_url=https://bryansk.cian.ru/sale/flat/323167444/
2026-01-14 14:24:35,035 - WARNING - 404 image found | offer_id=32030 | offer_url=https://bryansk.cian.ru/sale/flat/323261968/
2026-01-14 14:24:35,036 - WARNING - 404 image found | offer_id=32046 | offer_url=https://bryansk.cian.ru/sale/flat/313266407/
2026-01-14 14:24:35,041 - WARNING - 404 image found | offer_id=32053 | offer_url=https://bryansk.cian.ru/sale/flat/312297692/
2026-01-14 14:24:35,041 - WARNING - 404 image found | offer_id=32051 | offer_url=https://bryansk.cian.ru/sale/flat/313266323/
2026-01-14 14:24:35,042 - WARNING - 404 image found | offer_id=32052 | offer_url=https://bryansk.cian.ru/sale/flat/313266320/
2026-01-14 14:24:35,042 - WARNING - 404 image found | offer_id=32063 | offer_url=https://bryansk.cian.ru/sale/flat/303482545/
2026-01-14 14:24:35,042 - WARNING - 404 image found | offer_id=32054 | offer_url=https://bryansk.cian.ru/sale/flat/312295719/
2026-01-14 14:24:35,043 - WARNING - 404 image found | offer_id=32061 | offer_url=https://bryansk.cian.ru/sale/flat/319139914/
2026-01-14 14:24:35,044 - WARNING - 404 image found | offer_id=32064 | offer_url=https://bryansk.cian.ru/sale/flat/320734614/
2026-01-14 14:24:35,046 - WARNING - 404 image found | offer_id=32045 | offer_url=https://bryansk.cian.ru/sale/flat/313415818/
2026-01-14 14:24:35,047 - WARNING - 404 image found | offer_id=32070 | offer_url=https://bryansk.cian.ru/sale/flat/313000242/
2026-01-14 14:24:35,048 - WARNING - 404 image found | offer_id=32065 | offer_url=https://bryansk.cian.ru/sale/flat/320734927/
2026-01-14 14:24:35,050 - WARNING - 404 image found | offer_id=32062 | offer_url=https://bryansk.cian.ru/sale/flat/313242615/
2026-01-14 14:24:35,051 - WARNING - 404 image found | offer_id=32066 | offer_url=https://bryansk.cian.ru/sale/flat/320734579/
2026-01-14 14:24:35,051 - WARNING - 404 image found | offer_id=32055 | offer_url=https://bryansk.cian.ru/sale/flat/310970234/
2026-01-14 14:24:35,053 - WARNING - 404 image found | offer_id=32050 | offer_url=https://bryansk.cian.ru/sale/flat/313266362/
2026-01-14 14:24:35,059 - WARNING - 404 image found | offer_id=31947 | offer_url=https://bryansk.cian.ru/sale/flat/323167420/
2026-01-14 14:24:35,061 - WARNING - 404 image found | offer_id=32075 | offer_url=https://bryansk.cian.ru/sale/flat/322394440/
2026-01-14 14:24:35,062 - WARNING - 404 image found | offer_id=32080 | offer_url=https://bryansk.cian.ru/sale/flat/320526585/
2026-01-14 14:24:35,063 - WARNING - 404 image found | offer_id=32076 | offer_url=https://bryansk.cian.ru/sale/flat/322394381/
2026-01-14 14:24:35,064 - WARNING - 404 image found | offer_id=32056 | offer_url=https://bryansk.cian.ru/sale/flat/322457794/
2026-01-14 14:24:35,068 - WARNING - 404 image found | offer_id=32068 | offer_url=https://bryansk.cian.ru/sale/flat/300918507/
2026-01-14 14:24:35,069 - WARNING - 404 image found | offer_id=32069 | offer_url=https://bryansk.cian.ru/sale/flat/320734925/
2026-01-14 14:24:35,069 - WARNING - 404 image found | offer_id=32088 | offer_url=https://bryansk.cian.ru/sale/flat/313266409/
2026-01-14 14:24:35,070 - WARNING - 404 image found | offer_id=32077 | offer_url=https://bryansk.cian.ru/sale/flat/322323542/
2026-01-14 14:24:35,071 - WARNING - 404 image found | offer_id=32090 | offer_url=https://bryansk.cian.ru/sale/flat/313266368/
2026-01-14 14:24:35,072 - WARNING - 404 image found | offer_id=32087 | offer_url=https://bryansk.cian.ru/sale/flat/313876730/
2026-01-14 14:24:35,073 - WARNING - 404 image found | offer_id=32081 | offer_url=https://bryansk.cian.ru/sale/flat/320526493/
2026-01-14 14:24:35,073 - WARNING - 404 image found | offer_id=32086 | offer_url=https://bryansk.cian.ru/sale/flat/314252672/
2026-01-14 14:24:35,081 - WARNING - 404 image found | offer_id=32089 | offer_url=https://bryansk.cian.ru/sale/flat/313266408/
2026-01-14 14:24:35,082 - WARNING - 404 image found | offer_id=32096 | offer_url=https://bryansk.cian.ru/sale/flat/301894927/
2026-01-14 14:24:35,084 - WARNING - 404 image found | offer_id=32094 | offer_url=https://bryansk.cian.ru/sale/flat/312431685/
2026-01-14 14:24:35,085 - WARNING - 404 image found | offer_id=32095 | offer_url=https://bryansk.cian.ru/sale/flat/310970093/
2026-01-14 14:24:35,088 - WARNING - 404 image found | offer_id=32079 | offer_url=https://bryansk.cian.ru/sale/flat/320564851/
2026-01-14 14:24:35,090 - WARNING - 404 image found | offer_id=32091 | offer_url=https://bryansk.cian.ru/sale/flat/313266367/
2026-01-14 14:24:35,096 - WARNING - 404 image found | offer_id=32099 | offer_url=https://bryansk.cian.ru/sale/flat/301895012/
2026-01-14 14:24:35,099 - WARNING - 404 image found | offer_id=32109 | offer_url=https://bryansk.cian.ru/sale/flat/300918567/
2026-01-14 14:24:35,104 - WARNING - 404 image found | offer_id=32103 | offer_url=https://bryansk.cian.ru/sale/flat/303482330/
2026-01-14 14:24:35,108 - WARNING - 404 image found | offer_id=32112 | offer_url=https://bryansk.cian.ru/sale/flat/300918560/
2026-01-14 14:24:35,109 - WARNING - 404 image found | offer_id=32108 | offer_url=https://bryansk.cian.ru/sale/flat/320734640/
2026-01-14 14:24:35,109 - WARNING - 404 image found | offer_id=32111 | offer_url=https://bryansk.cian.ru/sale/flat/320734941/
2026-01-14 14:24:35,109 - WARNING - 404 image found | offer_id=32110 | offer_url=https://bryansk.cian.ru/sale/flat/300918596/
2026-01-14 14:24:35,110 - WARNING - 404 image found | offer_id=32085 | offer_url=https://bryansk.cian.ru/sale/flat/315774155/
2026-01-14 14:24:35,112 - WARNING - 404 image found | offer_id=32113 | offer_url=https://bryansk.cian.ru/sale/flat/320734937/
2026-01-14 14:24:35,113 - WARNING - 404 image found | offer_id=32074 | offer_url=https://bryansk.cian.ru/sale/flat/322457758/
2026-01-14 14:24:35,115 - WARNING - 404 image found | offer_id=32092 | offer_url=https://bryansk.cian.ru/sale/flat/313266326/
2026-01-14 14:24:35,117 - WARNING - 404 image found | offer_id=32121 | offer_url=https://bryansk.cian.ru/sale/flat/316310528/
2026-01-14 14:24:35,119 - WARNING - 404 image found | offer_id=32093 | offer_url=https://bryansk.cian.ru/sale/flat/313266325/
2026-01-14 14:24:35,119 - WARNING - 404 image found | offer_id=32116 | offer_url=https://bryansk.cian.ru/sale/flat/311420412/
2026-01-14 14:24:35,120 - WARNING - 404 image found | offer_id=32067 | offer_url=https://bryansk.cian.ru/sale/flat/320734921/
2026-01-14 14:24:35,121 - WARNING - 404 image found | offer_id=32073 | offer_url=https://bryansk.cian.ru/sale/flat/322521046/
2026-01-14 14:24:35,123 - WARNING - 404 image found | offer_id=32100 | offer_url=https://bryansk.cian.ru/sale/flat/303482490/
2026-01-14 14:24:35,138 - WARNING - 404 image found | offer_id=32126 | offer_url=https://bryansk.cian.ru/sale/flat/319816768/
2026-01-14 14:24:35,138 - WARNING - 404 image found | offer_id=32123 | offer_url=https://bryansk.cian.ru/sale/flat/322539950/
2026-01-14 14:24:35,139 - WARNING - 404 image found | offer_id=32124 | offer_url=https://bryansk.cian.ru/sale/flat/322539012/
2026-01-14 14:24:35,140 - WARNING - 404 image found | offer_id=32122 | offer_url=https://bryansk.cian.ru/sale/flat/320565891/
2026-01-14 14:24:35,140 - WARNING - 404 image found | offer_id=32130 | offer_url=https://bryansk.cian.ru/sale/flat/314560176/
2026-01-14 14:24:35,140 - WARNING - 404 image found | offer_id=32118 | offer_url=https://bryansk.cian.ru/sale/flat/322833726/
2026-01-14 14:24:35,140 - WARNING - 404 image found | offer_id=32136 | offer_url=https://bryansk.cian.ru/sale/flat/312727971/
2026-01-14 14:24:35,140 - WARNING - 404 image found | offer_id=32132 | offer_url=https://bryansk.cian.ru/sale/flat/313873250/
2026-01-14 14:24:35,142 - WARNING - 404 image found | offer_id=32131 | offer_url=https://bryansk.cian.ru/sale/flat/313873653/
2026-01-14 14:24:35,144 - WARNING - 404 image found | offer_id=32106 | offer_url=https://bryansk.cian.ru/sale/flat/320734621/
2026-01-14 14:24:35,149 - WARNING - 404 image found | offer_id=32084 | offer_url=https://bryansk.cian.ru/sale/flat/316073924/
2026-01-14 14:24:35,154 - WARNING - 404 image found | offer_id=32137 | offer_url=https://bryansk.cian.ru/sale/flat/312087988/
2026-01-14 14:24:35,155 - WARNING - 404 image found | offer_id=32127 | offer_url=https://bryansk.cian.ru/sale/flat/319816677/
2026-01-14 14:24:35,158 - WARNING - 404 image found | offer_id=32104 | offer_url=https://bryansk.cian.ru/sale/flat/300918582/
2026-01-14 14:24:35,160 - WARNING - 404 image found | offer_id=32140 | offer_url=https://bryansk.cian.ru/sale/flat/310864804/
2026-01-14 14:24:35,162 - WARNING - 404 image found | offer_id=32154 | offer_url=https://bryansk.cian.ru/sale/flat/320734287/
2026-01-14 14:24:35,165 - WARNING - 404 image found | offer_id=32129 | offer_url=https://bryansk.cian.ru/sale/flat/315212384/
2026-01-14 14:24:35,167 - WARNING - 404 image found | offer_id=32135 | offer_url=https://bryansk.cian.ru/sale/flat/312728141/
2026-01-14 14:24:35,168 - WARNING - 404 image found | offer_id=32148 | offer_url=https://bryansk.cian.ru/sale/flat/293306656/
2026-01-14 14:24:35,168 - WARNING - 404 image found | offer_id=32097 | offer_url=https://bryansk.cian.ru/sale/flat/301895063/
2026-01-14 14:24:35,169 - WARNING - 404 image found | offer_id=32150 | offer_url=https://bryansk.cian.ru/sale/flat/301894965/
2026-01-14 14:24:35,183 - WARNING - 404 image found | offer_id=32147 | offer_url=https://bryansk.cian.ru/sale/flat/293659389/
2026-01-14 14:24:35,183 - WARNING - 404 image found | offer_id=32160 | offer_url=https://bryansk.cian.ru/sale/flat/322514492/
2026-01-14 14:24:35,184 - WARNING - 404 image found | offer_id=32162 | offer_url=https://bryansk.cian.ru/sale/flat/311420753/
2026-01-14 14:24:35,184 - WARNING - 404 image found | offer_id=32157 | offer_url=https://bryansk.cian.ru/sale/flat/319816673/
2026-01-14 14:24:35,185 - WARNING - 404 image found | offer_id=32152 | offer_url=https://bryansk.cian.ru/sale/flat/299457557/
2026-01-14 14:24:35,188 - WARNING - 404 image found | offer_id=32153 | offer_url=https://bryansk.cian.ru/sale/flat/313226532/
2026-01-14 14:24:35,188 - WARNING - 404 image found | offer_id=32174 | offer_url=https://bryansk.cian.ru/sale/flat/321747905/
2026-01-14 14:24:35,189 - WARNING - 404 image found | offer_id=32165 | offer_url=https://bryansk.cian.ru/sale/flat/319133472/
2026-01-14 14:24:35,191 - WARNING - 404 image found | offer_id=32141 | offer_url=https://bryansk.cian.ru/sale/flat/310693048/
2026-01-14 14:24:35,194 - WARNING - 404 image found | offer_id=32169 | offer_url=https://bryansk.cian.ru/sale/flat/323397079/
2026-01-14 14:24:35,210 - WARNING - 404 image found | offer_id=32189 | offer_url=https://bryansk.cian.ru/sale/flat/313266616/
2026-01-14 14:24:35,213 - WARNING - 404 image found | offer_id=32188 | offer_url=https://bryansk.cian.ru/sale/flat/313266617/
2026-01-14 14:24:35,214 - WARNING - 404 image found | offer_id=32167 | offer_url=https://bryansk.cian.ru/sale/flat/315849834/
2026-01-14 14:24:35,214 - WARNING - 404 image found | offer_id=32164 | offer_url=https://bryansk.cian.ru/sale/flat/312724310/
2026-01-14 14:24:35,217 - WARNING - 404 image found | offer_id=32115 | offer_url=https://bryansk.cian.ru/sale/flat/310864679/
2026-01-14 14:24:35,218 - WARNING - 404 image found | offer_id=32166 | offer_url=https://bryansk.cian.ru/sale/flat/315849890/
2026-01-14 14:24:35,222 - WARNING - 404 image found | offer_id=32193 | offer_url=https://bryansk.cian.ru/sale/flat/313266522/
2026-01-14 14:24:35,223 - WARNING - 404 image found | offer_id=32178 | offer_url=https://bryansk.cian.ru/sale/flat/319517862/
2026-01-14 14:24:35,224 - WARNING - 404 image found | offer_id=32191 | offer_url=https://bryansk.cian.ru/sale/flat/313266614/
2026-01-14 14:24:35,224 - WARNING - 404 image found | offer_id=32192 | offer_url=https://bryansk.cian.ru/sale/flat/313266524/
2026-01-14 14:24:35,225 - WARNING - 404 image found | offer_id=32179 | offer_url=https://bryansk.cian.ru/sale/flat/318846472/
2026-01-14 14:24:35,228 - WARNING - 404 image found | offer_id=32172 | offer_url=https://bryansk.cian.ru/sale/flat/322520230/
2026-01-14 14:24:35,228 - WARNING - 404 image found | offer_id=32183 | offer_url=https://bryansk.cian.ru/sale/flat/316063249/
2026-01-14 14:24:35,233 - WARNING - 404 image found | offer_id=32194 | offer_url=https://bryansk.cian.ru/sale/flat/313266520/
2026-01-14 14:24:35,233 - WARNING - 404 image found | offer_id=32200 | offer_url=https://bryansk.cian.ru/sale/flat/312728564/
2026-01-14 14:24:35,234 - WARNING - 404 image found | offer_id=32190 | offer_url=https://bryansk.cian.ru/sale/flat/313266615/
2026-01-14 14:24:35,237 - WARNING - 404 image found | offer_id=32196 | offer_url=https://bryansk.cian.ru/sale/flat/313266424/
2026-01-14 14:24:35,238 - WARNING - 404 image found | offer_id=32187 | offer_url=https://bryansk.cian.ru/sale/flat/313875145/
2026-01-14 14:24:35,239 - WARNING - 404 image found | offer_id=32198 | offer_url=https://bryansk.cian.ru/sale/flat/313266422/
2026-01-14 14:24:35,244 - WARNING - 404 image found | offer_id=32186 | offer_url=https://bryansk.cian.ru/sale/flat/314559912/
2026-01-14 14:24:35,247 - WARNING - 404 image found | offer_id=32184 | offer_url=https://bryansk.cian.ru/sale/flat/315212509/
2026-01-14 14:24:35,248 - WARNING - 404 image found | offer_id=32203 | offer_url=https://bryansk.cian.ru/sale/flat/312430920/
2026-01-14 14:24:35,251 - WARNING - 404 image found | offer_id=32176 | offer_url=https://bryansk.cian.ru/sale/flat/320545537/
2026-01-14 14:24:35,251 - WARNING - 404 image found | offer_id=32185 | offer_url=https://bryansk.cian.ru/sale/flat/314608397/
2026-01-14 14:24:35,255 - WARNING - 404 image found | offer_id=32204 | offer_url=https://bryansk.cian.ru/sale/flat/312232946/
2026-01-14 14:24:35,264 - WARNING - 404 image found | offer_id=32205 | offer_url=https://bryansk.cian.ru/sale/flat/312227379/
2026-01-14 14:24:35,268 - WARNING - 404 image found | offer_id=32197 | offer_url=https://bryansk.cian.ru/sale/flat/313266423/
2026-01-14 14:24:35,276 - WARNING - 404 image found | offer_id=32199 | offer_url=https://bryansk.cian.ru/sale/flat/313266420/
2026-01-14 14:24:35,278 - WARNING - 404 image found | offer_id=32195 | offer_url=https://bryansk.cian.ru/sale/flat/313266519/
2026-01-14 14:24:35,279 - WARNING - 404 image found | offer_id=32201 | offer_url=https://bryansk.cian.ru/sale/flat/312728240/
2026-01-14 14:24:35,292 - WARNING - 404 image found | offer_id=32202 | offer_url=https://bryansk.cian.ru/sale/flat/312468410/
2026-01-14 14:24:35,295 - WARNING - 404 image found | offer_id=32171 | offer_url=https://bryansk.cian.ru/sale/flat/322699171/
2026-01-14 14:24:35,299 - WARNING - 404 image found | offer_id=32158 | offer_url=https://bryansk.cian.ru/sale/flat/319816675/
2026-01-14 14:24:35,321 - INFO - checked=3500, 404=2102, deleted=2100, deactivated=0, speed=264.0/s
2026-01-14 14:24:35,321 - INFO - Batch #8, last_id=32205
2026-01-14 14:24:35,356 - WARNING - 404 image found | offer_id=32218 | offer_url=https://bryansk.cian.ru/sale/flat/311420759/
2026-01-14 14:24:35,358 - WARNING - 404 image found | offer_id=32208 | offer_url=https://bryansk.cian.ru/sale/flat/306505827/
2026-01-14 14:24:35,358 - WARNING - 404 image found | offer_id=32210 | offer_url=https://bryansk.cian.ru/sale/flat/303228625/
2026-01-14 14:24:35,360 - WARNING - 404 image found | offer_id=32211 | offer_url=https://bryansk.cian.ru/sale/flat/300371471/
2026-01-14 14:24:35,366 - WARNING - 404 image found | offer_id=32239 | offer_url=https://bryansk.cian.ru/sale/flat/293659397/
2026-01-14 14:24:35,367 - WARNING - 404 image found | offer_id=32237 | offer_url=https://bryansk.cian.ru/sale/flat/303086994/
2026-01-14 14:24:35,367 - WARNING - 404 image found | offer_id=32231 | offer_url=https://bryansk.cian.ru/sale/flat/319816684/
2026-01-14 14:24:35,372 - WARNING - 404 image found | offer_id=32241 | offer_url=https://bryansk.cian.ru/sale/flat/293306694/
2026-01-14 14:24:35,373 - WARNING - 404 image found | offer_id=32213 | offer_url=https://bryansk.cian.ru/sale/flat/311420773/
2026-01-14 14:24:35,375 - WARNING - 404 image found | offer_id=32243 | offer_url=https://bryansk.cian.ru/sale/flat/310864453/
2026-01-14 14:24:35,378 - WARNING - 404 image found | offer_id=32206 | offer_url=https://bryansk.cian.ru/sale/flat/310881634/
2026-01-14 14:24:35,379 - WARNING - 404 image found | offer_id=32209 | offer_url=https://bryansk.cian.ru/sale/flat/305368730/
2026-01-14 14:24:35,379 - WARNING - 404 image found | offer_id=32235 | offer_url=https://bryansk.cian.ru/sale/flat/320734662/
2026-01-14 14:24:35,382 - WARNING - 404 image found | offer_id=32230 | offer_url=https://bryansk.cian.ru/sale/flat/293306455/
2026-01-14 14:24:35,382 - WARNING - 404 image found | offer_id=32250 | offer_url=https://bryansk.cian.ru/sale/flat/313226538/
2026-01-14 14:24:35,383 - WARNING - 404 image found | offer_id=32224 | offer_url=https://bryansk.cian.ru/sale/flat/313456085/
2026-01-14 14:24:35,385 - WARNING - 404 image found | offer_id=32219 | offer_url=https://bryansk.cian.ru/sale/flat/310864827/
2026-01-14 14:24:35,385 - WARNING - 404 image found | offer_id=32242 | offer_url=https://bryansk.cian.ru/sale/flat/320470305/
2026-01-14 14:24:35,387 - WARNING - 404 image found | offer_id=32257 | offer_url=https://bryansk.cian.ru/sale/flat/322306148/
2026-01-14 14:24:35,390 - WARNING - 404 image found | offer_id=32254 | offer_url=https://bryansk.cian.ru/sale/flat/315849895/
2026-01-14 14:24:35,394 - WARNING - 404 image found | offer_id=32255 | offer_url=https://bryansk.cian.ru/sale/flat/322486882/
2026-01-14 14:24:35,397 - WARNING - 404 image found | offer_id=32258 | offer_url=https://bryansk.cian.ru/sale/flat/320545117/
2026-01-14 14:24:35,399 - WARNING - 404 image found | offer_id=32263 | offer_url=https://bryansk.cian.ru/sale/flat/314829687/
2026-01-14 14:24:35,403 - WARNING - 404 image found | offer_id=32234 | offer_url=https://bryansk.cian.ru/sale/flat/320734303/
2026-01-14 14:24:35,404 - WARNING - 404 image found | offer_id=32268 | offer_url=https://bryansk.cian.ru/sale/flat/313266529/
2026-01-14 14:24:35,404 - WARNING - 404 image found | offer_id=32249 | offer_url=https://bryansk.cian.ru/sale/flat/312087056/
2026-01-14 14:24:35,405 - WARNING - 404 image found | offer_id=32259 | offer_url=https://bryansk.cian.ru/sale/flat/322303949/
2026-01-14 14:24:35,406 - WARNING - 404 image found | offer_id=32270 | offer_url=https://bryansk.cian.ru/sale/flat/313266525/
2026-01-14 14:24:35,406 - WARNING - 404 image found | offer_id=32251 | offer_url=https://bryansk.cian.ru/sale/flat/320072203/
2026-01-14 14:24:35,407 - WARNING - 404 image found | offer_id=32269 | offer_url=https://bryansk.cian.ru/sale/flat/313266527/
2026-01-14 14:24:35,415 - WARNING - 404 image found | offer_id=32276 | offer_url=https://bryansk.cian.ru/sale/flat/312729022/
2026-01-14 14:24:35,415 - WARNING - 404 image found | offer_id=32271 | offer_url=https://bryansk.cian.ru/sale/flat/313266434/
2026-01-14 14:24:35,416 - WARNING - 404 image found | offer_id=32265 | offer_url=https://bryansk.cian.ru/sale/flat/313266623/
2026-01-14 14:24:35,423 - WARNING - 404 image found | offer_id=32264 | offer_url=https://bryansk.cian.ru/sale/flat/313266624/
2026-01-14 14:24:35,424 - WARNING - 404 image found | offer_id=32279 | offer_url=https://bryansk.cian.ru/sale/flat/299847146/
2026-01-14 14:24:35,425 - WARNING - 404 image found | offer_id=32253 | offer_url=https://bryansk.cian.ru/sale/flat/323168430/
2026-01-14 14:24:35,426 - WARNING - 404 image found | offer_id=32286 | offer_url=https://bryansk.cian.ru/sale/flat/313000123/
2026-01-14 14:24:35,427 - WARNING - 404 image found | offer_id=32283 | offer_url=https://bryansk.cian.ru/sale/flat/311420788/
2026-01-14 14:24:35,428 - WARNING - 404 image found | offer_id=32284 | offer_url=https://bryansk.cian.ru/sale/flat/310864693/
2026-01-14 14:24:35,429 - WARNING - 404 image found | offer_id=32275 | offer_url=https://bryansk.cian.ru/sale/flat/313266425/
2026-01-14 14:24:35,434 - WARNING - 404 image found | offer_id=32272 | offer_url=https://bryansk.cian.ru/sale/flat/313266526/
2026-01-14 14:24:35,435 - WARNING - 404 image found | offer_id=32267 | offer_url=https://bryansk.cian.ru/sale/flat/313266619/
2026-01-14 14:24:35,437 - WARNING - 404 image found | offer_id=32278 | offer_url=https://bryansk.cian.ru/sale/flat/312431183/
2026-01-14 14:24:35,442 - WARNING - 404 image found | offer_id=32289 | offer_url=https://bryansk.cian.ru/sale/flat/313226561/
2026-01-14 14:24:35,442 - WARNING - 404 image found | offer_id=32291 | offer_url=https://bryansk.cian.ru/sale/flat/316790586/
2026-01-14 14:24:35,445 - WARNING - 404 image found | offer_id=32297 | offer_url=https://bryansk.cian.ru/sale/flat/320734316/
2026-01-14 14:24:35,446 - WARNING - 404 image found | offer_id=32295 | offer_url=https://bryansk.cian.ru/sale/flat/320734314/
2026-01-14 14:24:35,448 - WARNING - 404 image found | offer_id=32296 | offer_url=https://bryansk.cian.ru/sale/flat/320734678/
2026-01-14 14:24:35,448 - WARNING - 404 image found | offer_id=32262 | offer_url=https://bryansk.cian.ru/sale/flat/315212761/
2026-01-14 14:24:35,449 - WARNING - 404 image found | offer_id=32277 | offer_url=https://bryansk.cian.ru/sale/flat/312622800/
2026-01-14 14:24:35,450 - WARNING - 404 image found | offer_id=32292 | offer_url=https://bryansk.cian.ru/sale/flat/319816701/
2026-01-14 14:24:35,455 - WARNING - 404 image found | offer_id=32301 | offer_url=https://bryansk.cian.ru/sale/flat/316310611/
2026-01-14 14:24:35,457 - WARNING - 404 image found | offer_id=32273 | offer_url=https://bryansk.cian.ru/sale/flat/313266430/
2026-01-14 14:24:35,461 - WARNING - 404 image found | offer_id=32305 | offer_url=https://bryansk.cian.ru/sale/flat/312087084/
2026-01-14 14:24:35,463 - WARNING - 404 image found | offer_id=32274 | offer_url=https://bryansk.cian.ru/sale/flat/313266427/
2026-01-14 14:24:35,464 - WARNING - 404 image found | offer_id=32266 | offer_url=https://bryansk.cian.ru/sale/flat/313266621/
2026-01-14 14:24:35,465 - WARNING - 404 image found | offer_id=32293 | offer_url=https://bryansk.cian.ru/sale/flat/320734686/
2026-01-14 14:24:35,465 - WARNING - 404 image found | offer_id=32309 | offer_url=https://bryansk.cian.ru/sale/flat/320709025/
2026-01-14 14:24:35,467 - WARNING - 404 image found | offer_id=32311 | offer_url=https://bryansk.cian.ru/sale/flat/318615027/
2026-01-14 14:24:35,467 - WARNING - 404 image found | offer_id=32313 | offer_url=https://bryansk.cian.ru/sale/flat/323386404/
2026-01-14 14:24:35,469 - WARNING - 404 image found | offer_id=32282 | offer_url=https://bryansk.cian.ru/sale/flat/299847040/
2026-01-14 14:24:35,474 - WARNING - 404 image found | offer_id=32260 | offer_url=https://bryansk.cian.ru/sale/flat/320543958/
2026-01-14 14:24:35,480 - WARNING - 404 image found | offer_id=32319 | offer_url=https://bryansk.cian.ru/sale/flat/322306197/
2026-01-14 14:24:35,482 - WARNING - 404 image found | offer_id=32299 | offer_url=https://bryansk.cian.ru/sale/flat/319816784/
2026-01-14 14:24:35,485 - WARNING - 404 image found | offer_id=32304 | offer_url=https://bryansk.cian.ru/sale/flat/323561666/
2026-01-14 14:24:35,485 - WARNING - 404 image found | offer_id=32294 | offer_url=https://bryansk.cian.ru/sale/flat/320734311/
2026-01-14 14:24:35,487 - WARNING - 404 image found | offer_id=32312 | offer_url=https://bryansk.cian.ru/sale/flat/323581387/
2026-01-14 14:24:35,487 - WARNING - 404 image found | offer_id=32323 | offer_url=https://bryansk.cian.ru/sale/flat/319816671/
2026-01-14 14:24:35,488 - WARNING - 404 image found | offer_id=32285 | offer_url=https://bryansk.cian.ru/sale/flat/313000351/
2026-01-14 14:24:35,498 - WARNING - 404 image found | offer_id=32320 | offer_url=https://bryansk.cian.ru/sale/flat/322304002/
2026-01-14 14:24:35,500 - WARNING - 404 image found | offer_id=32328 | offer_url=https://bryansk.cian.ru/sale/flat/313266632/
2026-01-14 14:24:35,503 - WARNING - 404 image found | offer_id=32307 | offer_url=https://bryansk.cian.ru/sale/flat/312724349/
2026-01-14 14:24:35,506 - WARNING - 404 image found | offer_id=32327 | offer_url=https://bryansk.cian.ru/sale/flat/316906348/
2026-01-14 14:24:35,508 - WARNING - 404 image found | offer_id=32256 | offer_url=https://bryansk.cian.ru/sale/flat/322486288/
2026-01-14 14:24:35,508 - WARNING - 404 image found | offer_id=32333 | offer_url=https://bryansk.cian.ru/sale/flat/313266537/
2026-01-14 14:24:35,509 - WARNING - 404 image found | offer_id=32331 | offer_url=https://bryansk.cian.ru/sale/flat/313266628/
2026-01-14 14:24:35,509 - WARNING - 404 image found | offer_id=32329 | offer_url=https://bryansk.cian.ru/sale/flat/313266631/
2026-01-14 14:24:35,510 - WARNING - 404 image found | offer_id=32316 | offer_url=https://bryansk.cian.ru/sale/flat/322490307/
2026-01-14 14:24:35,510 - WARNING - 404 image found | offer_id=32330 | offer_url=https://bryansk.cian.ru/sale/flat/313266629/
2026-01-14 14:24:35,511 - WARNING - 404 image found | offer_id=32335 | offer_url=https://bryansk.cian.ru/sale/flat/313266531/
2026-01-14 14:24:35,511 - WARNING - 404 image found | offer_id=32336 | offer_url=https://bryansk.cian.ru/sale/flat/313266440/
2026-01-14 14:24:35,512 - WARNING - 404 image found | offer_id=32332 | offer_url=https://bryansk.cian.ru/sale/flat/313266539/
2026-01-14 14:24:35,518 - WARNING - 404 image found | offer_id=32339 | offer_url=https://bryansk.cian.ru/sale/flat/313266435/
2026-01-14 14:24:35,519 - WARNING - 404 image found | offer_id=32340 | offer_url=https://bryansk.cian.ru/sale/flat/310779394/
2026-01-14 14:24:35,520 - WARNING - 404 image found | offer_id=32334 | offer_url=https://bryansk.cian.ru/sale/flat/313266533/
2026-01-14 14:24:35,528 - WARNING - 404 image found | offer_id=32338 | offer_url=https://bryansk.cian.ru/sale/flat/313266437/
2026-01-14 14:24:35,531 - WARNING - 404 image found | offer_id=32350 | offer_url=https://bryansk.cian.ru/sale/flat/319816709/
2026-01-14 14:24:35,533 - WARNING - 404 image found | offer_id=32345 | offer_url=https://bryansk.cian.ru/sale/flat/313000357/
2026-01-14 14:24:35,534 - WARNING - 404 image found | offer_id=32352 | offer_url=https://bryansk.cian.ru/sale/flat/320734335/
2026-01-14 14:24:35,535 - WARNING - 404 image found | offer_id=32342 | offer_url=https://bryansk.cian.ru/sale/flat/299847050/
2026-01-14 14:24:35,539 - WARNING - 404 image found | offer_id=32321 | offer_url=https://bryansk.cian.ru/sale/flat/320601726/
2026-01-14 14:24:35,540 - WARNING - 404 image found | offer_id=32356 | offer_url=https://bryansk.cian.ru/sale/flat/322172363/
2026-01-14 14:24:35,541 - WARNING - 404 image found | offer_id=32348 | offer_url=https://bryansk.cian.ru/sale/flat/313000359/
2026-01-14 14:24:35,549 - WARNING - 404 image found | offer_id=32337 | offer_url=https://bryansk.cian.ru/sale/flat/313266438/
2026-01-14 14:24:35,549 - WARNING - 404 image found | offer_id=32341 | offer_url=https://bryansk.cian.ru/sale/flat/299847158/
2026-01-14 14:24:35,550 - WARNING - 404 image found | offer_id=32354 | offer_url=https://bryansk.cian.ru/sale/flat/320734333/
2026-01-14 14:24:35,550 - WARNING - 404 image found | offer_id=32357 | offer_url=https://bryansk.cian.ru/sale/flat/320734334/
2026-01-14 14:24:35,551 - WARNING - 404 image found | offer_id=32362 | offer_url=https://bryansk.cian.ru/sale/flat/312724366/
2026-01-14 14:24:35,553 - WARNING - 404 image found | offer_id=32365 | offer_url=https://bryansk.cian.ru/sale/flat/323488337/
2026-01-14 14:24:35,554 - WARNING - 404 image found | offer_id=32359 | offer_url=https://bryansk.cian.ru/sale/flat/316310646/
2026-01-14 14:24:35,554 - WARNING - 404 image found | offer_id=32363 | offer_url=https://bryansk.cian.ru/sale/flat/323167158/
2026-01-14 14:24:35,556 - WARNING - 404 image found | offer_id=32349 | offer_url=https://bryansk.cian.ru/sale/flat/316924021/
2026-01-14 14:24:35,557 - WARNING - 404 image found | offer_id=32364 | offer_url=https://bryansk.cian.ru/sale/flat/323167155/
2026-01-14 14:24:35,559 - WARNING - 404 image found | offer_id=32367 | offer_url=https://bryansk.cian.ru/sale/flat/319133494/
2026-01-14 14:24:35,559 - WARNING - 404 image found | offer_id=32302 | offer_url=https://bryansk.cian.ru/sale/flat/323167284/
2026-01-14 14:24:35,564 - WARNING - 404 image found | offer_id=32370 | offer_url=https://bryansk.cian.ru/sale/flat/315849920/
2026-01-14 14:24:35,567 - WARNING - 404 image found | offer_id=32368 | offer_url=https://bryansk.cian.ru/sale/flat/318615028/
2026-01-14 14:24:35,568 - WARNING - 404 image found | offer_id=32358 | offer_url=https://bryansk.cian.ru/sale/flat/320734702/
2026-01-14 14:24:35,569 - WARNING - 404 image found | offer_id=32360 | offer_url=https://bryansk.cian.ru/sale/flat/319816792/
2026-01-14 14:24:35,570 - WARNING - 404 image found | offer_id=32374 | offer_url=https://bryansk.cian.ru/sale/flat/322373104/
2026-01-14 14:24:35,572 - WARNING - 404 image found | offer_id=32377 | offer_url=https://bryansk.cian.ru/sale/flat/316906027/
2026-01-14 14:24:35,573 - WARNING - 404 image found | offer_id=32369 | offer_url=https://bryansk.cian.ru/sale/flat/319267817/
2026-01-14 14:24:35,574 - WARNING - 404 image found | offer_id=32306 | offer_url=https://bryansk.cian.ru/sale/flat/313226554/
2026-01-14 14:24:35,577 - WARNING - 404 image found | offer_id=32381 | offer_url=https://bryansk.cian.ru/sale/flat/313266638/
2026-01-14 14:24:35,578 - WARNING - 404 image found | offer_id=32383 | offer_url=https://bryansk.cian.ru/sale/flat/313266635/
2026-01-14 14:24:35,581 - WARNING - 404 image found | offer_id=32376 | offer_url=https://bryansk.cian.ru/sale/flat/322000766/
2026-01-14 14:24:35,582 - WARNING - 404 image found | offer_id=32384 | offer_url=https://bryansk.cian.ru/sale/flat/313266545/
2026-01-14 14:24:35,583 - WARNING - 404 image found | offer_id=32372 | offer_url=https://bryansk.cian.ru/sale/flat/322717155/
2026-01-14 14:24:35,585 - WARNING - 404 image found | offer_id=32373 | offer_url=https://bryansk.cian.ru/sale/flat/322373965/
2026-01-14 14:24:35,585 - WARNING - 404 image found | offer_id=32366 | offer_url=https://bryansk.cian.ru/sale/flat/319267802/
2026-01-14 14:24:35,586 - WARNING - 404 image found | offer_id=32380 | offer_url=https://bryansk.cian.ru/sale/flat/313266639/
2026-01-14 14:24:35,592 - WARNING - 404 image found | offer_id=32389 | offer_url=https://bryansk.cian.ru/sale/flat/313266444/
2026-01-14 14:24:35,592 - WARNING - 404 image found | offer_id=32379 | offer_url=https://bryansk.cian.ru/sale/flat/313416540/
2026-01-14 14:24:35,593 - WARNING - 404 image found | offer_id=32386 | offer_url=https://bryansk.cian.ru/sale/flat/313266541/
2026-01-14 14:24:35,593 - WARNING - 404 image found | offer_id=32347 | offer_url=https://bryansk.cian.ru/sale/flat/313226568/
2026-01-14 14:24:35,594 - WARNING - 404 image found | offer_id=32391 | offer_url=https://bryansk.cian.ru/sale/flat/313266441/
2026-01-14 14:24:35,600 - WARNING - 404 image found | offer_id=32394 | offer_url=https://bryansk.cian.ru/sale/flat/299847074/
2026-01-14 14:24:35,601 - WARNING - 404 image found | offer_id=32382 | offer_url=https://bryansk.cian.ru/sale/flat/313266637/
2026-01-14 14:24:35,601 - WARNING - 404 image found | offer_id=32387 | offer_url=https://bryansk.cian.ru/sale/flat/313266535/
2026-01-14 14:24:35,602 - WARNING - 404 image found | offer_id=32396 | offer_url=https://bryansk.cian.ru/sale/flat/299847075/
2026-01-14 14:24:35,603 - WARNING - 404 image found | offer_id=32401 | offer_url=https://bryansk.cian.ru/sale/flat/313000056/
2026-01-14 14:24:35,605 - WARNING - 404 image found | offer_id=32371 | offer_url=https://bryansk.cian.ru/sale/flat/323167160/
2026-01-14 14:24:35,606 - WARNING - 404 image found | offer_id=32402 | offer_url=https://bryansk.cian.ru/sale/flat/320734371/
2026-01-14 14:24:35,607 - WARNING - 404 image found | offer_id=32324 | offer_url=https://bryansk.cian.ru/sale/flat/319518635/
2026-01-14 14:24:35,610 - WARNING - 404 image found | offer_id=32397 | offer_url=https://bryansk.cian.ru/sale/flat/313000372/
2026-01-14 14:24:35,612 - WARNING - 404 image found | offer_id=32398 | offer_url=https://bryansk.cian.ru/sale/flat/313000053/
2026-01-14 14:24:35,614 - WARNING - 404 image found | offer_id=32405 | offer_url=https://bryansk.cian.ru/sale/flat/320734368/
2026-01-14 14:24:35,615 - WARNING - 404 image found | offer_id=32388 | offer_url=https://bryansk.cian.ru/sale/flat/313266445/
2026-01-14 14:24:35,618 - WARNING - 404 image found | offer_id=32403 | offer_url=https://bryansk.cian.ru/sale/flat/320734730/
2026-01-14 14:24:35,618 - WARNING - 404 image found | offer_id=32411 | offer_url=https://bryansk.cian.ru/sale/flat/312724376/
2026-01-14 14:24:35,619 - WARNING - 404 image found | offer_id=32399 | offer_url=https://bryansk.cian.ru/sale/flat/313000367/
2026-01-14 14:24:35,620 - WARNING - 404 image found | offer_id=32410 | offer_url=https://bryansk.cian.ru/sale/flat/323167165/
2026-01-14 14:24:35,620 - WARNING - 404 image found | offer_id=32408 | offer_url=https://bryansk.cian.ru/sale/flat/313000137/
2026-01-14 14:24:35,623 - WARNING - 404 image found | offer_id=32400 | offer_url=https://bryansk.cian.ru/sale/flat/313000369/
2026-01-14 14:24:35,624 - WARNING - 404 image found | offer_id=32409 | offer_url=https://bryansk.cian.ru/sale/flat/313226587/
2026-01-14 14:24:35,625 - WARNING - 404 image found | offer_id=32413 | offer_url=https://bryansk.cian.ru/sale/flat/312724375/
2026-01-14 14:24:35,626 - WARNING - 404 image found | offer_id=32418 | offer_url=https://bryansk.cian.ru/sale/flat/319133499/
2026-01-14 14:24:35,628 - WARNING - 404 image found | offer_id=32417 | offer_url=https://bryansk.cian.ru/sale/flat/319267805/
2026-01-14 14:24:35,637 - WARNING - 404 image found | offer_id=32428 | offer_url=https://bryansk.cian.ru/sale/flat/320544721/
2026-01-14 14:24:35,640 - WARNING - 404 image found | offer_id=32419 | offer_url=https://bryansk.cian.ru/sale/flat/315849927/
2026-01-14 14:24:35,640 - WARNING - 404 image found | offer_id=32427 | offer_url=https://bryansk.cian.ru/sale/flat/321295347/
2026-01-14 14:24:35,641 - WARNING - 404 image found | offer_id=32422 | offer_url=https://bryansk.cian.ru/sale/flat/323392981/
2026-01-14 14:24:35,645 - WARNING - 404 image found | offer_id=32423 | offer_url=https://bryansk.cian.ru/sale/flat/322490705/
2026-01-14 14:24:35,645 - WARNING - 404 image found | offer_id=32431 | offer_url=https://bryansk.cian.ru/sale/flat/318990640/
2026-01-14 14:24:35,646 - WARNING - 404 image found | offer_id=32429 | offer_url=https://bryansk.cian.ru/sale/flat/320146751/
2026-01-14 14:24:35,647 - WARNING - 404 image found | offer_id=32420 | offer_url=https://bryansk.cian.ru/sale/flat/315849928/
2026-01-14 14:24:35,648 - WARNING - 404 image found | offer_id=32407 | offer_url=https://bryansk.cian.ru/sale/flat/313456113/
2026-01-14 14:24:35,648 - WARNING - 404 image found | offer_id=32432 | offer_url=https://bryansk.cian.ru/sale/flat/318843950/
2026-01-14 14:24:35,649 - WARNING - 404 image found | offer_id=32390 | offer_url=https://bryansk.cian.ru/sale/flat/313266443/
2026-01-14 14:24:35,650 - WARNING - 404 image found | offer_id=32421 | offer_url=https://bryansk.cian.ru/sale/flat/323167303/
2026-01-14 14:24:35,651 - WARNING - 404 image found | offer_id=32425 | offer_url=https://bryansk.cian.ru/sale/flat/322320770/
2026-01-14 14:24:35,654 - WARNING - 404 image found | offer_id=32434 | offer_url=https://bryansk.cian.ru/sale/flat/316902171/
2026-01-14 14:24:35,655 - WARNING - 404 image found | offer_id=32393 | offer_url=https://bryansk.cian.ru/sale/flat/279248395/
2026-01-14 14:24:35,657 - WARNING - 404 image found | offer_id=32426 | offer_url=https://bryansk.cian.ru/sale/flat/322306593/
2026-01-14 14:24:35,661 - WARNING - 404 image found | offer_id=32438 | offer_url=https://bryansk.cian.ru/sale/flat/315212586/
2026-01-14 14:24:35,663 - WARNING - 404 image found | offer_id=32440 | offer_url=https://bryansk.cian.ru/sale/flat/313266643/
2026-01-14 14:24:35,664 - WARNING - 404 image found | offer_id=32385 | offer_url=https://bryansk.cian.ru/sale/flat/313266544/
2026-01-14 14:24:35,666 - WARNING - 404 image found | offer_id=32441 | offer_url=https://bryansk.cian.ru/sale/flat/313266642/
2026-01-14 14:24:35,669 - WARNING - 404 image found | offer_id=32445 | offer_url=https://bryansk.cian.ru/sale/flat/313266549/
2026-01-14 14:24:35,671 - WARNING - 404 image found | offer_id=32435 | offer_url=https://bryansk.cian.ru/sale/flat/315937659/
2026-01-14 14:24:35,672 - WARNING - 404 image found | offer_id=32443 | offer_url=https://bryansk.cian.ru/sale/flat/313266553/
2026-01-14 14:24:35,673 - WARNING - 404 image found | offer_id=32442 | offer_url=https://bryansk.cian.ru/sale/flat/313266641/
2026-01-14 14:24:35,676 - WARNING - 404 image found | offer_id=32449 | offer_url=https://bryansk.cian.ru/sale/flat/313266448/
2026-01-14 14:24:35,677 - WARNING - 404 image found | offer_id=32451 | offer_url=https://bryansk.cian.ru/sale/flat/313000145/
2026-01-14 14:24:35,679 - WARNING - 404 image found | offer_id=32436 | offer_url=https://bryansk.cian.ru/sale/flat/315937573/
2026-01-14 14:24:35,679 - WARNING - 404 image found | offer_id=32448 | offer_url=https://bryansk.cian.ru/sale/flat/313266449/
2026-01-14 14:24:35,680 - WARNING - 404 image found | offer_id=32447 | offer_url=https://bryansk.cian.ru/sale/flat/313266450/
2026-01-14 14:24:35,685 - WARNING - 404 image found | offer_id=32414 | offer_url=https://bryansk.cian.ru/sale/flat/323167307/
2026-01-14 14:24:35,688 - WARNING - 404 image found | offer_id=32433 | offer_url=https://bryansk.cian.ru/sale/flat/317730516/
2026-01-14 14:24:35,699 - WARNING - 404 image found | offer_id=32453 | offer_url=https://bryansk.cian.ru/sale/flat/299847086/
2026-01-14 14:24:35,699 - WARNING - 404 image found | offer_id=32452 | offer_url=https://bryansk.cian.ru/sale/flat/312732333/
2026-01-14 14:24:35,699 - WARNING - 404 image found | offer_id=32446 | offer_url=https://bryansk.cian.ru/sale/flat/313266546/
2026-01-14 14:24:35,701 - WARNING - 404 image found | offer_id=32444 | offer_url=https://bryansk.cian.ru/sale/flat/313266551/
2026-01-14 14:24:35,701 - WARNING - 404 image found | offer_id=32439 | offer_url=https://bryansk.cian.ru/sale/flat/313266644/
2026-01-14 14:24:35,702 - WARNING - 404 image found | offer_id=32458 | offer_url=https://bryansk.cian.ru/sale/flat/313000283/
2026-01-14 14:24:35,702 - WARNING - 404 image found | offer_id=32355 | offer_url=https://bryansk.cian.ru/sale/flat/322514496/
2026-01-14 14:24:35,702 - WARNING - 404 image found | offer_id=32416 | offer_url=https://bryansk.cian.ru/sale/flat/316924036/
2026-01-14 14:24:35,702 - WARNING - 404 image found | offer_id=32457 | offer_url=https://bryansk.cian.ru/sale/flat/313000288/
2026-01-14 14:24:35,706 - WARNING - 404 image found | offer_id=32465 | offer_url=https://bryansk.cian.ru/sale/flat/316924046/
2026-01-14 14:24:35,706 - WARNING - 404 image found | offer_id=32460 | offer_url=https://bryansk.cian.ru/sale/flat/313456124/
2026-01-14 14:24:35,707 - WARNING - 404 image found | offer_id=32461 | offer_url=https://bryansk.cian.ru/sale/flat/313456126/
2026-01-14 14:24:35,708 - WARNING - 404 image found | offer_id=32437 | offer_url=https://bryansk.cian.ru/sale/flat/315775197/
2026-01-14 14:24:35,712 - WARNING - 404 image found | offer_id=32454 | offer_url=https://bryansk.cian.ru/sale/flat/299847364/
2026-01-14 14:24:35,712 - WARNING - 404 image found | offer_id=32456 | offer_url=https://bryansk.cian.ru/sale/flat/311420659/
2026-01-14 14:24:35,713 - WARNING - 404 image found | offer_id=32322 | offer_url=https://bryansk.cian.ru/sale/flat/320545357/
2026-01-14 14:24:35,721 - WARNING - 404 image found | offer_id=32466 | offer_url=https://bryansk.cian.ru/sale/flat/313000066/
2026-01-14 14:24:35,721 - WARNING - 404 image found | offer_id=32468 | offer_url=https://bryansk.cian.ru/sale/flat/313000282/
2026-01-14 14:24:35,723 - WARNING - 404 image found | offer_id=32450 | offer_url=https://bryansk.cian.ru/sale/flat/313266446/
2026-01-14 14:24:35,726 - WARNING - 404 image found | offer_id=32470 | offer_url=https://bryansk.cian.ru/sale/flat/316734868/
2026-01-14 14:24:35,726 - WARNING - 404 image found | offer_id=32478 | offer_url=https://bryansk.cian.ru/sale/flat/316333491/
2026-01-14 14:24:35,728 - WARNING - 404 image found | offer_id=32477 | offer_url=https://bryansk.cian.ru/sale/flat/322514497/
2026-01-14 14:24:35,728 - WARNING - 404 image found | offer_id=32471 | offer_url=https://bryansk.cian.ru/sale/flat/319816734/
2026-01-14 14:24:35,731 - WARNING - 404 image found | offer_id=32479 | offer_url=https://bryansk.cian.ru/sale/flat/316321910/
2026-01-14 14:24:35,744 - WARNING - 404 image found | offer_id=32489 | offer_url=https://bryansk.cian.ru/sale/flat/323167170/
2026-01-14 14:24:35,745 - WARNING - 404 image found | offer_id=32476 | offer_url=https://bryansk.cian.ru/sale/flat/320734389/
2026-01-14 14:24:35,745 - WARNING - 404 image found | offer_id=32486 | offer_url=https://bryansk.cian.ru/sale/flat/323167315/
2026-01-14 14:24:35,755 - WARNING - 404 image found | offer_id=32469 | offer_url=https://bryansk.cian.ru/sale/flat/316924042/
2026-01-14 14:24:35,756 - WARNING - 404 image found | offer_id=32496 | offer_url=https://bryansk.cian.ru/sale/flat/322979079/
2026-01-14 14:24:35,757 - WARNING - 404 image found | offer_id=32488 | offer_url=https://bryansk.cian.ru/sale/flat/312724388/
2026-01-14 14:24:35,760 - WARNING - 404 image found | offer_id=32492 | offer_url=https://bryansk.cian.ru/sale/flat/319133504/
2026-01-14 14:24:35,761 - WARNING - 404 image found | offer_id=32497 | offer_url=https://bryansk.cian.ru/sale/flat/322490908/
2026-01-14 14:24:35,762 - WARNING - 404 image found | offer_id=32494 | offer_url=https://bryansk.cian.ru/sale/flat/315849932/
2026-01-14 14:24:35,762 - WARNING - 404 image found | offer_id=32495 | offer_url=https://bryansk.cian.ru/sale/flat/323167309/
2026-01-14 14:24:35,763 - WARNING - 404 image found | offer_id=32484 | offer_url=https://bryansk.cian.ru/sale/flat/313226606/
2026-01-14 14:24:35,765 - WARNING - 404 image found | offer_id=32473 | offer_url=https://bryansk.cian.ru/sale/flat/320734744/
2026-01-14 14:24:35,767 - WARNING - 404 image found | offer_id=32500 | offer_url=https://bryansk.cian.ru/sale/flat/320545753/
2026-01-14 14:24:35,768 - WARNING - 404 image found | offer_id=32499 | offer_url=https://bryansk.cian.ru/sale/flat/322373983/
2026-01-14 14:24:35,769 - WARNING - 404 image found | offer_id=32472 | offer_url=https://bryansk.cian.ru/sale/flat/300918053/
2026-01-14 14:24:35,769 - WARNING - 404 image found | offer_id=32483 | offer_url=https://bryansk.cian.ru/sale/flat/316310649/
2026-01-14 14:24:35,772 - WARNING - 404 image found | offer_id=32502 | offer_url=https://bryansk.cian.ru/sale/flat/315937778/
2026-01-14 14:24:35,776 - WARNING - 404 image found | offer_id=32490 | offer_url=https://bryansk.cian.ru/sale/flat/323167169/
2026-01-14 14:24:35,779 - WARNING - 404 image found | offer_id=32505 | offer_url=https://bryansk.cian.ru/sale/flat/314133553/
2026-01-14 14:24:35,782 - WARNING - 404 image found | offer_id=32509 | offer_url=https://bryansk.cian.ru/sale/flat/313266649/
2026-01-14 14:24:35,782 - WARNING - 404 image found | offer_id=32511 | offer_url=https://bryansk.cian.ru/sale/flat/313266645/
2026-01-14 14:24:35,783 - WARNING - 404 image found | offer_id=32507 | offer_url=https://bryansk.cian.ru/sale/flat/313416652/
2026-01-14 14:24:35,784 - WARNING - 404 image found | offer_id=32512 | offer_url=https://bryansk.cian.ru/sale/flat/313266558/
2026-01-14 14:24:35,787 - WARNING - 404 image found | offer_id=32513 | offer_url=https://bryansk.cian.ru/sale/flat/313266557/
2026-01-14 14:24:35,790 - WARNING - 404 image found | offer_id=32518 | offer_url=https://bryansk.cian.ru/sale/flat/313266452/
2026-01-14 14:24:35,791 - WARNING - 404 image found | offer_id=32517 | offer_url=https://bryansk.cian.ru/sale/flat/313266454/
2026-01-14 14:24:35,792 - WARNING - 404 image found | offer_id=32508 | offer_url=https://bryansk.cian.ru/sale/flat/313266650/
2026-01-14 14:24:35,798 - WARNING - 404 image found | offer_id=32515 | offer_url=https://bryansk.cian.ru/sale/flat/313266458/
2026-01-14 14:24:35,800 - WARNING - 404 image found | offer_id=32523 | offer_url=https://bryansk.cian.ru/sale/flat/311420705/
2026-01-14 14:24:35,802 - WARNING - 404 image found | offer_id=32424 | offer_url=https://bryansk.cian.ru/sale/flat/322374625/
2026-01-14 14:24:35,803 - WARNING - 404 image found | offer_id=32524 | offer_url=https://bryansk.cian.ru/sale/flat/313000388/
2026-01-14 14:24:35,807 - WARNING - 404 image found | offer_id=32522 | offer_url=https://bryansk.cian.ru/sale/flat/310864841/
2026-01-14 14:24:35,807 - WARNING - 404 image found | offer_id=32463 | offer_url=https://bryansk.cian.ru/sale/flat/313000148/
2026-01-14 14:24:35,808 - WARNING - 404 image found | offer_id=32529 | offer_url=https://bryansk.cian.ru/sale/flat/309252793/
2026-01-14 14:24:35,813 - WARNING - 404 image found | offer_id=32528 | offer_url=https://bryansk.cian.ru/sale/flat/313456134/
2026-01-14 14:24:35,816 - WARNING - 404 image found | offer_id=32531 | offer_url=https://bryansk.cian.ru/sale/flat/311420735/
2026-01-14 14:24:35,818 - WARNING - 404 image found | offer_id=32503 | offer_url=https://bryansk.cian.ru/sale/flat/315775279/
2026-01-14 14:24:35,819 - WARNING - 404 image found | offer_id=32506 | offer_url=https://bryansk.cian.ru/sale/flat/313876473/
2026-01-14 14:24:35,819 - WARNING - 404 image found | offer_id=32530 | offer_url=https://bryansk.cian.ru/sale/flat/313000291/
2026-01-14 14:24:35,820 - WARNING - 404 image found | offer_id=32526 | offer_url=https://bryansk.cian.ru/sale/flat/313000390/
2026-01-14 14:24:35,824 - WARNING - 404 image found | offer_id=32536 | offer_url=https://bryansk.cian.ru/sale/flat/320734408/
2026-01-14 14:24:35,827 - WARNING - 404 image found | offer_id=32537 | offer_url=https://bryansk.cian.ru/sale/flat/320734760/
2026-01-14 14:24:35,829 - WARNING - 404 image found | offer_id=32493 | offer_url=https://bryansk.cian.ru/sale/flat/315849934/
2026-01-14 14:24:35,830 - WARNING - 404 image found | offer_id=32532 | offer_url=https://bryansk.cian.ru/sale/flat/310864875/
2026-01-14 14:24:35,831 - WARNING - 404 image found | offer_id=32535 | offer_url=https://bryansk.cian.ru/sale/flat/318955381/
2026-01-14 14:24:35,837 - WARNING - 404 image found | offer_id=32504 | offer_url=https://bryansk.cian.ru/sale/flat/315661501/
2026-01-14 14:24:35,838 - WARNING - 404 image found | offer_id=32519 | offer_url=https://bryansk.cian.ru/sale/flat/299847094/
2026-01-14 14:24:35,838 - WARNING - 404 image found | offer_id=32538 | offer_url=https://bryansk.cian.ru/sale/flat/300918111/
2026-01-14 14:24:35,843 - WARNING - 404 image found | offer_id=32544 | offer_url=https://bryansk.cian.ru/sale/flat/299939707/
2026-01-14 14:24:35,845 - WARNING - 404 image found | offer_id=32514 | offer_url=https://bryansk.cian.ru/sale/flat/313266555/
2026-01-14 14:24:35,848 - WARNING - 404 image found | offer_id=32516 | offer_url=https://bryansk.cian.ru/sale/flat/313266455/
2026-01-14 14:24:35,850 - WARNING - 404 image found | offer_id=32521 | offer_url=https://bryansk.cian.ru/sale/flat/288903861/
2026-01-14 14:24:35,851 - WARNING - 404 image found | offer_id=32546 | offer_url=https://bryansk.cian.ru/sale/flat/313226624/
2026-01-14 14:24:35,853 - WARNING - 404 image found | offer_id=32542 | offer_url=https://bryansk.cian.ru/sale/flat/300918104/
2026-01-14 14:24:35,862 - WARNING - 404 image found | offer_id=32556 | offer_url=https://bryansk.cian.ru/sale/flat/323390174/
2026-01-14 14:24:35,863 - WARNING - 404 image found | offer_id=32555 | offer_url=https://bryansk.cian.ru/sale/flat/323167326/
2026-01-14 14:24:35,864 - WARNING - 404 image found | offer_id=32554 | offer_url=https://bryansk.cian.ru/sale/flat/323167175/
2026-01-14 14:24:35,865 - WARNING - 404 image found | offer_id=32548 | offer_url=https://bryansk.cian.ru/sale/flat/319216143/
2026-01-14 14:24:35,871 - WARNING - 404 image found | offer_id=32462 | offer_url=https://bryansk.cian.ru/sale/flat/313000383/
2026-01-14 14:24:35,872 - WARNING - 404 image found | offer_id=32533 | offer_url=https://bryansk.cian.ru/sale/flat/313000075/
2026-01-14 14:24:35,872 - WARNING - 404 image found | offer_id=32559 | offer_url=https://bryansk.cian.ru/sale/flat/322487422/
2026-01-14 14:24:35,874 - WARNING - 404 image found | offer_id=32560 | offer_url=https://bryansk.cian.ru/sale/flat/322374200/
2026-01-14 14:24:35,875 - WARNING - 404 image found | offer_id=32541 | offer_url=https://bryansk.cian.ru/sale/flat/320734761/
2026-01-14 14:24:35,875 - WARNING - 404 image found | offer_id=32558 | offer_url=https://bryansk.cian.ru/sale/flat/322519979/
2026-01-14 14:24:35,877 - WARNING - 404 image found | offer_id=32539 | offer_url=https://bryansk.cian.ru/sale/flat/320734410/
2026-01-14 14:24:35,880 - WARNING - 404 image found | offer_id=32553 | offer_url=https://bryansk.cian.ru/sale/flat/312724413/
2026-01-14 14:24:35,882 - WARNING - 404 image found | offer_id=32534 | offer_url=https://bryansk.cian.ru/sale/flat/319816750/
2026-01-14 14:24:35,889 - WARNING - 404 image found | offer_id=32562 | offer_url=https://bryansk.cian.ru/sale/flat/321295575/
2026-01-14 14:24:35,889 - WARNING - 404 image found | offer_id=32566 | offer_url=https://bryansk.cian.ru/sale/flat/318732476/
2026-01-14 14:24:35,892 - WARNING - 404 image found | offer_id=32557 | offer_url=https://bryansk.cian.ru/sale/flat/323387864/
2026-01-14 14:24:35,893 - WARNING - 404 image found | offer_id=32567 | offer_url=https://bryansk.cian.ru/sale/flat/316905420/
2026-01-14 14:24:35,893 - WARNING - 404 image found | offer_id=32547 | offer_url=https://bryansk.cian.ru/sale/flat/316310652/
2026-01-14 14:24:35,894 - WARNING - 404 image found | offer_id=32563 | offer_url=https://bryansk.cian.ru/sale/flat/320771211/
2026-01-14 14:24:35,895 - WARNING - 404 image found | offer_id=32571 | offer_url=https://bryansk.cian.ru/sale/flat/316087197/
2026-01-14 14:24:35,898 - WARNING - 404 image found | offer_id=32510 | offer_url=https://bryansk.cian.ru/sale/flat/313266646/
2026-01-14 14:24:35,900 - WARNING - 404 image found | offer_id=32574 | offer_url=https://bryansk.cian.ru/sale/flat/315937960/
2026-01-14 14:24:35,905 - WARNING - 404 image found | offer_id=32572 | offer_url=https://bryansk.cian.ru/sale/flat/316072674/
2026-01-14 14:24:35,905 - WARNING - 404 image found | offer_id=32540 | offer_url=https://bryansk.cian.ru/sale/flat/320734752/
2026-01-14 14:24:35,906 - WARNING - 404 image found | offer_id=32575 | offer_url=https://bryansk.cian.ru/sale/flat/315937818/
2026-01-14 14:24:35,908 - WARNING - 404 image found | offer_id=32578 | offer_url=https://bryansk.cian.ru/sale/flat/315484768/
2026-01-14 14:24:35,910 - WARNING - 404 image found | offer_id=32583 | offer_url=https://bryansk.cian.ru/sale/flat/313266563/
2026-01-14 14:24:35,913 - WARNING - 404 image found | offer_id=32577 | offer_url=https://bryansk.cian.ru/sale/flat/315775138/
2026-01-14 14:24:35,915 - WARNING - 404 image found | offer_id=32585 | offer_url=https://bryansk.cian.ru/sale/flat/313266561/
2026-01-14 14:24:35,918 - WARNING - 404 image found | offer_id=32580 | offer_url=https://bryansk.cian.ru/sale/flat/313266657/
2026-01-14 14:24:35,919 - WARNING - 404 image found | offer_id=32586 | offer_url=https://bryansk.cian.ru/sale/flat/313266560/
2026-01-14 14:24:35,923 - WARNING - 404 image found | offer_id=32545 | offer_url=https://bryansk.cian.ru/sale/flat/320734758/
2026-01-14 14:24:35,923 - WARNING - 404 image found | offer_id=32582 | offer_url=https://bryansk.cian.ru/sale/flat/313266652/
2026-01-14 14:24:35,925 - WARNING - 404 image found | offer_id=32593 | offer_url=https://bryansk.cian.ru/sale/flat/310343985/
2026-01-14 14:24:35,926 - WARNING - 404 image found | offer_id=32552 | offer_url=https://bryansk.cian.ru/sale/flat/323167343/
2026-01-14 14:24:35,926 - WARNING - 404 image found | offer_id=32587 | offer_url=https://bryansk.cian.ru/sale/flat/313266462/
2026-01-14 14:24:35,927 - WARNING - 404 image found | offer_id=32581 | offer_url=https://bryansk.cian.ru/sale/flat/313266654/
2026-01-14 14:24:35,931 - WARNING - 404 image found | offer_id=32576 | offer_url=https://bryansk.cian.ru/sale/flat/315775437/
2026-01-14 14:24:35,931 - WARNING - 404 image found | offer_id=32594 | offer_url=https://bryansk.cian.ru/sale/flat/303229503/
2026-01-14 14:24:35,934 - WARNING - 404 image found | offer_id=32595 | offer_url=https://bryansk.cian.ru/sale/flat/279248080/
2026-01-14 14:24:35,937 - WARNING - 404 image found | offer_id=32464 | offer_url=https://bryansk.cian.ru/sale/flat/316310548/
2026-01-14 14:24:35,937 - WARNING - 404 image found | offer_id=32597 | offer_url=https://bryansk.cian.ru/sale/flat/299847198/
2026-01-14 14:24:35,945 - WARNING - 404 image found | offer_id=32590 | offer_url=https://bryansk.cian.ru/sale/flat/313266459/
2026-01-14 14:24:35,949 - WARNING - 404 image found | offer_id=32589 | offer_url=https://bryansk.cian.ru/sale/flat/313266460/
2026-01-14 14:24:35,949 - WARNING - 404 image found | offer_id=32608 | offer_url=https://bryansk.cian.ru/sale/flat/313456152/
2026-01-14 14:24:35,950 - WARNING - 404 image found | offer_id=32569 | offer_url=https://bryansk.cian.ru/sale/flat/316901773/
2026-01-14 14:24:35,951 - WARNING - 404 image found | offer_id=32525 | offer_url=https://bryansk.cian.ru/sale/flat/313000393/
2026-01-14 14:24:35,955 - WARNING - 404 image found | offer_id=32603 | offer_url=https://bryansk.cian.ru/sale/flat/313000314/
2026-01-14 14:24:35,957 - WARNING - 404 image found | offer_id=32606 | offer_url=https://bryansk.cian.ru/sale/flat/313000166/
2026-01-14 14:24:35,959 - WARNING - 404 image found | offer_id=32564 | offer_url=https://bryansk.cian.ru/sale/flat/320526738/
2026-01-14 14:24:35,961 - WARNING - 404 image found | offer_id=32613 | offer_url=https://bryansk.cian.ru/sale/flat/318553034/
2026-01-14 14:24:35,962 - WARNING - 404 image found | offer_id=32601 | offer_url=https://bryansk.cian.ru/sale/flat/303077709/
2026-01-14 14:24:35,964 - WARNING - 404 image found | offer_id=32616 | offer_url=https://bryansk.cian.ru/sale/flat/320734784/
2026-01-14 14:24:35,966 - WARNING - 404 image found | offer_id=32623 | offer_url=https://bryansk.cian.ru/sale/flat/316321918/
2026-01-14 14:24:35,968 - WARNING - 404 image found | offer_id=32605 | offer_url=https://bryansk.cian.ru/sale/flat/313000086/
2026-01-14 14:24:35,969 - WARNING - 404 image found | offer_id=32617 | offer_url=https://bryansk.cian.ru/sale/flat/320734423/
2026-01-14 14:24:35,970 - WARNING - 404 image found | offer_id=32619 | offer_url=https://bryansk.cian.ru/sale/flat/320734771/
2026-01-14 14:24:35,970 - WARNING - 404 image found | offer_id=32618 | offer_url=https://bryansk.cian.ru/sale/flat/320734786/
2026-01-14 14:24:35,970 - WARNING - 404 image found | offer_id=32620 | offer_url=https://bryansk.cian.ru/sale/flat/320734425/
2026-01-14 14:24:35,973 - WARNING - 404 image found | offer_id=32621 | offer_url=https://bryansk.cian.ru/sale/flat/313456149/
2026-01-14 14:24:35,975 - WARNING - 404 image found | offer_id=32602 | offer_url=https://bryansk.cian.ru/sale/flat/303396377/
2026-01-14 14:24:35,980 - WARNING - 404 image found | offer_id=32584 | offer_url=https://bryansk.cian.ru/sale/flat/313266562/
2026-01-14 14:24:35,980 - WARNING - 404 image found | offer_id=32635 | offer_url=https://bryansk.cian.ru/sale/flat/312724428/
2026-01-14 14:24:35,981 - WARNING - 404 image found | offer_id=32627 | offer_url=https://bryansk.cian.ru/sale/flat/316310701/
2026-01-14 14:24:35,984 - WARNING - 404 image found | offer_id=32604 | offer_url=https://bryansk.cian.ru/sale/flat/313000402/
2026-01-14 14:24:35,985 - WARNING - 404 image found | offer_id=32633 | offer_url=https://bryansk.cian.ru/sale/flat/312724429/
2026-01-14 14:24:35,989 - WARNING - 404 image found | offer_id=32579 | offer_url=https://bryansk.cian.ru/sale/flat/313266659/
2026-01-14 14:24:35,991 - WARNING - 404 image found | offer_id=32639 | offer_url=https://bryansk.cian.ru/sale/flat/323167356/
2026-01-14 14:24:35,992 - WARNING - 404 image found | offer_id=32643 | offer_url=https://bryansk.cian.ru/sale/flat/322717415/
2026-01-14 14:24:35,995 - WARNING - 404 image found | offer_id=32632 | offer_url=https://bryansk.cian.ru/sale/flat/315849951/
2026-01-14 14:24:35,996 - WARNING - 404 image found | offer_id=32631 | offer_url=https://bryansk.cian.ru/sale/flat/319133515/
2026-01-14 14:24:35,996 - WARNING - 404 image found | offer_id=32622 | offer_url=https://bryansk.cian.ru/sale/flat/323315707/
2026-01-14 14:24:36,003 - WARNING - 404 image found | offer_id=32648 | offer_url=https://bryansk.cian.ru/sale/flat/322374275/
2026-01-14 14:24:36,007 - WARNING - 404 image found | offer_id=32647 | offer_url=https://bryansk.cian.ru/sale/flat/322374316/
2026-01-14 14:24:36,008 - WARNING - 404 image found | offer_id=32644 | offer_url=https://bryansk.cian.ru/sale/flat/322700390/
2026-01-14 14:24:36,008 - WARNING - 404 image found | offer_id=32652 | offer_url=https://bryansk.cian.ru/sale/flat/320710393/
2026-01-14 14:24:36,009 - WARNING - 404 image found | offer_id=32649 | offer_url=https://bryansk.cian.ru/sale/flat/322373630/
2026-01-14 14:24:36,009 - WARNING - 404 image found | offer_id=32655 | offer_url=https://bryansk.cian.ru/sale/flat/318848337/
2026-01-14 14:24:36,011 - WARNING - 404 image found | offer_id=32642 | offer_url=https://bryansk.cian.ru/sale/flat/322717588/
2026-01-14 14:24:36,015 - WARNING - 404 image found | offer_id=32656 | offer_url=https://bryansk.cian.ru/sale/flat/318846429/
2026-01-14 14:24:36,017 - WARNING - 404 image found | offer_id=32615 | offer_url=https://bryansk.cian.ru/sale/flat/320734783/
2026-01-14 14:24:36,018 - WARNING - 404 image found | offer_id=32641 | offer_url=https://bryansk.cian.ru/sale/flat/322724395/
2026-01-14 14:24:36,021 - WARNING - 404 image found | offer_id=32651 | offer_url=https://bryansk.cian.ru/sale/flat/322111269/
2026-01-14 14:24:36,022 - WARNING - 404 image found | offer_id=32638 | offer_url=https://bryansk.cian.ru/sale/flat/312724433/
2026-01-14 14:24:36,024 - WARNING - 404 image found | offer_id=32629 | offer_url=https://bryansk.cian.ru/sale/flat/313226643/
2026-01-14 14:24:36,029 - WARNING - 404 image found | offer_id=32667 | offer_url=https://bryansk.cian.ru/sale/flat/315661576/
2026-01-14 14:24:36,030 - WARNING - 404 image found | offer_id=32659 | offer_url=https://bryansk.cian.ru/sale/flat/316087156/
2026-01-14 14:24:36,030 - WARNING - 404 image found | offer_id=32650 | offer_url=https://bryansk.cian.ru/sale/flat/322373321/
2026-01-14 14:24:36,030 - WARNING - 404 image found | offer_id=32653 | offer_url=https://bryansk.cian.ru/sale/flat/320215551/
2026-01-14 14:24:36,031 - WARNING - 404 image found | offer_id=32666 | offer_url=https://bryansk.cian.ru/sale/flat/315775340/
2026-01-14 14:24:36,032 - WARNING - 404 image found | offer_id=32660 | offer_url=https://bryansk.cian.ru/sale/flat/316072909/
2026-01-14 14:24:36,032 - WARNING - 404 image found | offer_id=32658 | offer_url=https://bryansk.cian.ru/sale/flat/316904490/
2026-01-14 14:24:36,034 - WARNING - 404 image found | offer_id=32645 | offer_url=https://bryansk.cian.ru/sale/flat/322519675/
2026-01-14 14:24:36,034 - WARNING - 404 image found | offer_id=32668 | offer_url=https://bryansk.cian.ru/sale/flat/315484713/
2026-01-14 14:24:36,036 - WARNING - 404 image found | offer_id=32588 | offer_url=https://bryansk.cian.ru/sale/flat/313266461/
2026-01-14 14:24:36,040 - WARNING - 404 image found | offer_id=32670 | offer_url=https://bryansk.cian.ru/sale/flat/313266665/
2026-01-14 14:24:36,041 - WARNING - 404 image found | offer_id=32664 | offer_url=https://bryansk.cian.ru/sale/flat/315938231/
2026-01-14 14:24:36,041 - WARNING - 404 image found | offer_id=32674 | offer_url=https://bryansk.cian.ru/sale/flat/313266569/
2026-01-14 14:24:36,042 - WARNING - 404 image found | offer_id=32672 | offer_url=https://bryansk.cian.ru/sale/flat/313266661/
2026-01-14 14:24:36,045 - WARNING - 404 image found | offer_id=32661 | offer_url=https://bryansk.cian.ru/sale/flat/316072770/
2026-01-14 14:24:36,050 - WARNING - 404 image found | offer_id=32676 | offer_url=https://bryansk.cian.ru/sale/flat/313266564/
2026-01-14 14:24:36,052 - WARNING - 404 image found | offer_id=32678 | offer_url=https://bryansk.cian.ru/sale/flat/313266467/
2026-01-14 14:24:36,053 - WARNING - 404 image found | offer_id=32682 | offer_url=https://bryansk.cian.ru/sale/flat/312296189/
2026-01-14 14:24:36,056 - WARNING - 404 image found | offer_id=32669 | offer_url=https://bryansk.cian.ru/sale/flat/313266666/
2026-01-14 14:24:36,056 - WARNING - 404 image found | offer_id=32681 | offer_url=https://bryansk.cian.ru/sale/flat/312298034/
2026-01-14 14:24:36,057 - WARNING - 404 image found | offer_id=32654 | offer_url=https://bryansk.cian.ru/sale/flat/319138963/
2026-01-14 14:24:36,058 - WARNING - 404 image found | offer_id=32671 | offer_url=https://bryansk.cian.ru/sale/flat/313266662/
2026-01-14 14:24:36,059 - WARNING - 404 image found | offer_id=32637 | offer_url=https://bryansk.cian.ru/sale/flat/323167365/
2026-01-14 14:24:36,061 - WARNING - 404 image found | offer_id=32688 | offer_url=https://bryansk.cian.ru/sale/flat/310864913/
2026-01-14 14:24:36,064 - WARNING - 404 image found | offer_id=32692 | offer_url=https://bryansk.cian.ru/sale/flat/313000329/
2026-01-14 14:24:36,065 - WARNING - 404 image found | offer_id=32673 | offer_url=https://bryansk.cian.ru/sale/flat/313266571/
2026-01-14 14:24:36,067 - WARNING - 404 image found | offer_id=32665 | offer_url=https://bryansk.cian.ru/sale/flat/315938114/
2026-01-14 14:24:36,070 - WARNING - 404 image found | offer_id=32693 | offer_url=https://bryansk.cian.ru/sale/flat/313000414/
2026-01-14 14:24:36,072 - WARNING - 404 image found | offer_id=32687 | offer_url=https://bryansk.cian.ru/sale/flat/311420518/
2026-01-14 14:24:36,073 - WARNING - 404 image found | offer_id=32696 | offer_url=https://bryansk.cian.ru/sale/flat/316310555/
2026-01-14 14:24:36,074 - WARNING - 404 image found | offer_id=32695 | offer_url=https://bryansk.cian.ru/sale/flat/313456158/
2026-01-14 14:24:36,078 - WARNING - 404 image found | offer_id=32677 | offer_url=https://bryansk.cian.ru/sale/flat/313266469/
2026-01-14 14:24:36,080 - WARNING - 404 image found | offer_id=32698 | offer_url=https://bryansk.cian.ru/sale/flat/313000407/
2026-01-14 14:24:36,083 - WARNING - 404 image found | offer_id=32697 | offer_url=https://bryansk.cian.ru/sale/flat/316924071/
2026-01-14 14:24:36,088 - WARNING - 404 image found | offer_id=32705 | offer_url=https://bryansk.cian.ru/sale/flat/320734796/
2026-01-14 14:24:36,089 - WARNING - 404 image found | offer_id=32706 | offer_url=https://bryansk.cian.ru/sale/flat/300918224/
2026-01-14 14:24:36,089 - WARNING - 404 image found | offer_id=32700 | offer_url=https://bryansk.cian.ru/sale/flat/300918219/
2026-01-14 14:24:36,093 - WARNING - 404 image found | offer_id=32679 | offer_url=https://bryansk.cian.ru/sale/flat/313266465/
2026-01-14 14:24:36,095 - WARNING - 404 image found | offer_id=32701 | offer_url=https://bryansk.cian.ru/sale/flat/320734805/
2026-01-14 14:24:36,095 - WARNING - 404 image found | offer_id=32686 | offer_url=https://bryansk.cian.ru/sale/flat/303270217/
2026-01-14 14:24:36,111 - WARNING - 404 image found | offer_id=32675 | offer_url=https://bryansk.cian.ru/sale/flat/313266568/
2026-01-14 14:24:36,111 - WARNING - 404 image found | offer_id=32702 | offer_url=https://bryansk.cian.ru/sale/flat/320734807/
2026-01-14 14:24:36,146 - WARNING - 404 image found | offer_id=32704 | offer_url=https://bryansk.cian.ru/sale/flat/320734443/
2026-01-14 14:24:36,154 - WARNING - 404 image found | offer_id=32680 | offer_url=https://bryansk.cian.ru/sale/flat/313266463/
2026-01-14 14:24:36,209 - WARNING - 404 image found | offer_id=32685 | offer_url=https://bryansk.cian.ru/sale/flat/303396368/
2026-01-14 14:24:40,509 - WARNING - 404 image found | offer_id=32315 | offer_url=https://bryansk.cian.ru/sale/flat/322717108/
2026-01-14 14:24:40,531 - INFO - checked=4000, 404=2490, deleted=2400, deactivated=0, speed=216.6/s
2026-01-14 14:24:40,531 - INFO - Batch #9, last_id=32706
2026-01-14 14:24:40,554 - WARNING - 404 image found | offer_id=32713 | offer_url=https://bryansk.cian.ru/sale/flat/313226663/
2026-01-14 14:24:40,558 - WARNING - 404 image found | offer_id=32725 | offer_url=https://bryansk.cian.ru/sale/flat/322320636/
2026-01-14 14:24:40,560 - WARNING - 404 image found | offer_id=32722 | offer_url=https://bryansk.cian.ru/sale/flat/323167369/
2026-01-14 14:24:40,565 - WARNING - 404 image found | offer_id=32724 | offer_url=https://bryansk.cian.ru/sale/flat/322521367/
2026-01-14 14:24:40,566 - WARNING - 404 image found | offer_id=32718 | offer_url=https://bryansk.cian.ru/sale/flat/323167378/
2026-01-14 14:24:40,568 - WARNING - 404 image found | offer_id=32732 | offer_url=https://bryansk.cian.ru/sale/flat/316071178/
2026-01-14 14:24:40,569 - WARNING - 404 image found | offer_id=32717 | offer_url=https://bryansk.cian.ru/sale/flat/319216148/
2026-01-14 14:24:40,570 - WARNING - 404 image found | offer_id=32715 | offer_url=https://bryansk.cian.ru/sale/flat/323167194/
2026-01-14 14:24:40,571 - WARNING - 404 image found | offer_id=32720 | offer_url=https://bryansk.cian.ru/sale/flat/323167191/
2026-01-14 14:24:40,572 - WARNING - 404 image found | offer_id=32733 | offer_url=https://bryansk.cian.ru/sale/flat/316018748/
2026-01-14 14:24:40,573 - WARNING - 404 image found | offer_id=32728 | offer_url=https://bryansk.cian.ru/sale/flat/320526754/
2026-01-14 14:24:40,573 - WARNING - 404 image found | offer_id=32721 | offer_url=https://bryansk.cian.ru/sale/flat/316924078/
2026-01-14 14:24:40,574 - WARNING - 404 image found | offer_id=32737 | offer_url=https://bryansk.cian.ru/sale/flat/313266669/
2026-01-14 14:24:40,575 - WARNING - 404 image found | offer_id=32707 | offer_url=https://bryansk.cian.ru/sale/flat/320734811/
2026-01-14 14:24:40,576 - WARNING - 404 image found | offer_id=32739 | offer_url=https://bryansk.cian.ru/sale/flat/313266667/
2026-01-14 14:24:40,576 - WARNING - 404 image found | offer_id=32711 | offer_url=https://bryansk.cian.ru/sale/flat/313000177/
2026-01-14 14:24:40,577 - WARNING - 404 image found | offer_id=32734 | offer_url=https://bryansk.cian.ru/sale/flat/315775464/
2026-01-14 14:24:40,580 - WARNING - 404 image found | offer_id=32736 | offer_url=https://bryansk.cian.ru/sale/flat/313266670/
2026-01-14 14:24:40,581 - WARNING - 404 image found | offer_id=32738 | offer_url=https://bryansk.cian.ru/sale/flat/313266668/
2026-01-14 14:24:40,582 - WARNING - 404 image found | offer_id=32735 | offer_url=https://bryansk.cian.ru/sale/flat/315775240/
2026-01-14 14:24:40,588 - WARNING - 404 image found | offer_id=32714 | offer_url=https://bryansk.cian.ru/sale/flat/312724447/
2026-01-14 14:24:40,589 - WARNING - 404 image found | offer_id=32742 | offer_url=https://bryansk.cian.ru/sale/flat/313266574/
2026-01-14 14:24:40,589 - WARNING - 404 image found | offer_id=32726 | offer_url=https://bryansk.cian.ru/sale/flat/320526832/
2026-01-14 14:24:40,591 - WARNING - 404 image found | offer_id=32740 | offer_url=https://bryansk.cian.ru/sale/flat/313266577/
2026-01-14 14:24:40,592 - WARNING - 404 image found | offer_id=32741 | offer_url=https://bryansk.cian.ru/sale/flat/313266575/
2026-01-14 14:24:40,595 - WARNING - 404 image found | offer_id=32745 | offer_url=https://bryansk.cian.ru/sale/flat/313266477/
2026-01-14 14:24:40,596 - WARNING - 404 image found | offer_id=32746 | offer_url=https://bryansk.cian.ru/sale/flat/313266474/
2026-01-14 14:24:40,597 - WARNING - 404 image found | offer_id=32744 | offer_url=https://bryansk.cian.ru/sale/flat/313266479/
2026-01-14 14:24:40,597 - WARNING - 404 image found | offer_id=32752 | offer_url=https://bryansk.cian.ru/sale/flat/310864978/
2026-01-14 14:24:40,601 - WARNING - 404 image found | offer_id=32758 | offer_url=https://bryansk.cian.ru/sale/flat/320734468/
2026-01-14 14:24:40,602 - WARNING - 404 image found | offer_id=32727 | offer_url=https://bryansk.cian.ru/sale/flat/320526795/
2026-01-14 14:24:40,603 - WARNING - 404 image found | offer_id=32747 | offer_url=https://bryansk.cian.ru/sale/flat/313266471/
2026-01-14 14:24:40,604 - WARNING - 404 image found | offer_id=32755 | offer_url=https://bryansk.cian.ru/sale/flat/320734467/
2026-01-14 14:24:40,611 - WARNING - 404 image found | offer_id=32761 | offer_url=https://bryansk.cian.ru/sale/flat/320734838/
2026-01-14 14:24:40,612 - WARNING - 404 image found | offer_id=32756 | offer_url=https://bryansk.cian.ru/sale/flat/320734824/
2026-01-14 14:24:40,612 - WARNING - 404 image found | offer_id=32764 | offer_url=https://bryansk.cian.ru/sale/flat/311420560/
2026-01-14 14:24:40,614 - WARNING - 404 image found | offer_id=32763 | offer_url=https://bryansk.cian.ru/sale/flat/322833710/
2026-01-14 14:24:40,615 - WARNING - 404 image found | offer_id=32751 | offer_url=https://bryansk.cian.ru/sale/flat/311420563/
2026-01-14 14:24:40,620 - WARNING - 404 image found | offer_id=32759 | offer_url=https://bryansk.cian.ru/sale/flat/320734465/
2026-01-14 14:24:40,622 - WARNING - 404 image found | offer_id=32766 | offer_url=https://bryansk.cian.ru/sale/flat/313226677/
2026-01-14 14:24:40,623 - WARNING - 404 image found | offer_id=32712 | offer_url=https://bryansk.cian.ru/sale/flat/316310703/
2026-01-14 14:24:40,623 - WARNING - 404 image found | offer_id=32773 | offer_url=https://bryansk.cian.ru/sale/flat/320526845/
2026-01-14 14:24:40,624 - WARNING - 404 image found | offer_id=32769 | offer_url=https://bryansk.cian.ru/sale/flat/323167208/
2026-01-14 14:24:40,626 - WARNING - 404 image found | offer_id=32770 | offer_url=https://bryansk.cian.ru/sale/flat/323167382/
2026-01-14 14:24:40,626 - WARNING - 404 image found | offer_id=32768 | offer_url=https://bryansk.cian.ru/sale/flat/323167206/
2026-01-14 14:24:40,627 - WARNING - 404 image found | offer_id=32750 | offer_url=https://bryansk.cian.ru/sale/flat/310864972/
2026-01-14 14:24:40,628 - WARNING - 404 image found | offer_id=32765 | offer_url=https://bryansk.cian.ru/sale/flat/316310705/
2026-01-14 14:24:40,628 - WARNING - 404 image found | offer_id=32760 | offer_url=https://bryansk.cian.ru/sale/flat/320734840/
2026-01-14 14:24:40,629 - WARNING - 404 image found | offer_id=32708 | offer_url=https://bryansk.cian.ru/sale/flat/313456159/
2026-01-14 14:24:40,629 - WARNING - 404 image found | offer_id=32777 | offer_url=https://bryansk.cian.ru/sale/flat/313266677/
2026-01-14 14:24:40,630 - WARNING - 404 image found | offer_id=32771 | offer_url=https://bryansk.cian.ru/sale/flat/322522025/
2026-01-14 14:24:40,634 - WARNING - 404 image found | offer_id=32780 | offer_url=https://bryansk.cian.ru/sale/flat/313266673/
2026-01-14 14:24:40,635 - WARNING - 404 image found | offer_id=32772 | offer_url=https://bryansk.cian.ru/sale/flat/322395078/
2026-01-14 14:24:40,635 - WARNING - 404 image found | offer_id=32743 | offer_url=https://bryansk.cian.ru/sale/flat/313266572/
2026-01-14 14:24:40,637 - WARNING - 404 image found | offer_id=32776 | offer_url=https://bryansk.cian.ru/sale/flat/316073084/
2026-01-14 14:24:40,641 - WARNING - 404 image found | offer_id=32783 | offer_url=https://bryansk.cian.ru/sale/flat/313266580/
2026-01-14 14:24:40,642 - WARNING - 404 image found | offer_id=32782 | offer_url=https://bryansk.cian.ru/sale/flat/313266581/
2026-01-14 14:24:40,644 - WARNING - 404 image found | offer_id=32785 | offer_url=https://bryansk.cian.ru/sale/flat/313266486/
2026-01-14 14:24:40,646 - WARNING - 404 image found | offer_id=32793 | offer_url=https://bryansk.cian.ru/sale/flat/310864474/
2026-01-14 14:24:40,650 - WARNING - 404 image found | offer_id=32788 | offer_url=https://bryansk.cian.ru/sale/flat/313266482/
2026-01-14 14:24:40,650 - WARNING - 404 image found | offer_id=32792 | offer_url=https://bryansk.cian.ru/sale/flat/311420422/
2026-01-14 14:24:40,652 - WARNING - 404 image found | offer_id=32789 | offer_url=https://bryansk.cian.ru/sale/flat/313000206/
2026-01-14 14:24:40,654 - WARNING - 404 image found | offer_id=32779 | offer_url=https://bryansk.cian.ru/sale/flat/313266674/
2026-01-14 14:24:40,656 - WARNING - 404 image found | offer_id=32767 | offer_url=https://bryansk.cian.ru/sale/flat/323167219/
2026-01-14 14:24:40,657 - WARNING - 404 image found | offer_id=32757 | offer_url=https://bryansk.cian.ru/sale/flat/320734836/
2026-01-14 14:24:40,658 - WARNING - 404 image found | offer_id=32786 | offer_url=https://bryansk.cian.ru/sale/flat/313266484/
2026-01-14 14:24:40,662 - WARNING - 404 image found | offer_id=32799 | offer_url=https://bryansk.cian.ru/sale/flat/322833711/
2026-01-14 14:24:40,666 - WARNING - 404 image found | offer_id=32791 | offer_url=https://bryansk.cian.ru/sale/flat/313000194/
2026-01-14 14:24:40,667 - WARNING - 404 image found | offer_id=32794 | offer_url=https://bryansk.cian.ru/sale/flat/316310557/
2026-01-14 14:24:40,668 - WARNING - 404 image found | offer_id=32801 | offer_url=https://bryansk.cian.ru/sale/flat/300918333/
2026-01-14 14:24:40,670 - WARNING - 404 image found | offer_id=32802 | offer_url=https://bryansk.cian.ru/sale/flat/320734849/
2026-01-14 14:24:40,671 - WARNING - 404 image found | offer_id=32805 | offer_url=https://bryansk.cian.ru/sale/flat/323167228/
2026-01-14 14:24:40,672 - WARNING - 404 image found | offer_id=32781 | offer_url=https://bryansk.cian.ru/sale/flat/313266582/
2026-01-14 14:24:40,672 - WARNING - 404 image found | offer_id=32797 | offer_url=https://bryansk.cian.ru/sale/flat/320734861/
2026-01-14 14:24:40,677 - WARNING - 404 image found | offer_id=32812 | offer_url=https://bryansk.cian.ru/sale/flat/320637519/
2026-01-14 14:24:40,681 - WARNING - 404 image found | offer_id=32804 | offer_url=https://bryansk.cian.ru/sale/flat/321956702/
2026-01-14 14:24:40,683 - WARNING - 404 image found | offer_id=32807 | offer_url=https://bryansk.cian.ru/sale/flat/323167240/
2026-01-14 14:24:40,683 - WARNING - 404 image found | offer_id=32787 | offer_url=https://bryansk.cian.ru/sale/flat/313266483/
2026-01-14 14:24:40,683 - WARNING - 404 image found | offer_id=32813 | offer_url=https://bryansk.cian.ru/sale/flat/320637463/
2026-01-14 14:24:40,685 - WARNING - 404 image found | offer_id=32774 | offer_url=https://bryansk.cian.ru/sale/flat/320526767/
2026-01-14 14:24:40,685 - WARNING - 404 image found | offer_id=32809 | offer_url=https://bryansk.cian.ru/sale/flat/323167400/
2026-01-14 14:24:40,689 - WARNING - 404 image found | offer_id=32818 | offer_url=https://bryansk.cian.ru/sale/flat/315164467/
2026-01-14 14:24:40,690 - WARNING - 404 image found | offer_id=32819 | offer_url=https://bryansk.cian.ru/sale/flat/314134534/
2026-01-14 14:24:40,692 - WARNING - 404 image found | offer_id=32806 | offer_url=https://bryansk.cian.ru/sale/flat/323167223/
2026-01-14 14:24:40,696 - WARNING - 404 image found | offer_id=32814 | offer_url=https://bryansk.cian.ru/sale/flat/318847457/
2026-01-14 14:24:40,697 - WARNING - 404 image found | offer_id=32823 | offer_url=https://bryansk.cian.ru/sale/flat/313266680/
2026-01-14 14:24:40,698 - WARNING - 404 image found | offer_id=32778 | offer_url=https://bryansk.cian.ru/sale/flat/313266676/
2026-01-14 14:24:40,703 - WARNING - 404 image found | offer_id=32825 | offer_url=https://bryansk.cian.ru/sale/flat/313266585/
2026-01-14 14:24:40,704 - WARNING - 404 image found | offer_id=32803 | offer_url=https://bryansk.cian.ru/sale/flat/320734856/
2026-01-14 14:24:40,707 - WARNING - 404 image found | offer_id=32820 | offer_url=https://bryansk.cian.ru/sale/flat/313266684/
2026-01-14 14:24:40,707 - WARNING - 404 image found | offer_id=32798 | offer_url=https://bryansk.cian.ru/sale/flat/320734486/
2026-01-14 14:24:40,708 - WARNING - 404 image found | offer_id=32723 | offer_url=https://bryansk.cian.ru/sale/flat/322716080/
2026-01-14 14:24:40,708 - WARNING - 404 image found | offer_id=32827 | offer_url=https://bryansk.cian.ru/sale/flat/313266583/
2026-01-14 14:24:40,710 - WARNING - 404 image found | offer_id=32824 | offer_url=https://bryansk.cian.ru/sale/flat/313266587/
2026-01-14 14:24:40,711 - WARNING - 404 image found | offer_id=32830 | offer_url=https://bryansk.cian.ru/sale/flat/313266492/
2026-01-14 14:24:40,713 - WARNING - 404 image found | offer_id=32822 | offer_url=https://bryansk.cian.ru/sale/flat/313266681/
2026-01-14 14:24:40,714 - WARNING - 404 image found | offer_id=32828 | offer_url=https://bryansk.cian.ru/sale/flat/313266496/
2026-01-14 14:24:40,718 - WARNING - 404 image found | offer_id=32831 | offer_url=https://bryansk.cian.ru/sale/flat/313266488/
2026-01-14 14:24:40,721 - WARNING - 404 image found | offer_id=32784 | offer_url=https://bryansk.cian.ru/sale/flat/313266579/
2026-01-14 14:24:40,723 - WARNING - 404 image found | offer_id=32834 | offer_url=https://bryansk.cian.ru/sale/flat/310864479/
2026-01-14 14:24:40,726 - WARNING - 404 image found | offer_id=32837 | offer_url=https://bryansk.cian.ru/sale/flat/313000209/
2026-01-14 14:24:40,726 - WARNING - 404 image found | offer_id=32821 | offer_url=https://bryansk.cian.ru/sale/flat/313266683/
2026-01-14 14:24:40,729 - WARNING - 404 image found | offer_id=32846 | offer_url=https://bryansk.cian.ru/sale/flat/322245722/
2026-01-14 14:24:40,730 - WARNING - 404 image found | offer_id=32844 | offer_url=https://bryansk.cian.ru/sale/flat/320734508/
2026-01-14 14:24:40,739 - WARNING - 404 image found | offer_id=32815 | offer_url=https://bryansk.cian.ru/sale/flat/316904663/
2026-01-14 14:24:40,740 - WARNING - 404 image found | offer_id=32843 | offer_url=https://bryansk.cian.ru/sale/flat/320734869/
2026-01-14 14:24:40,741 - WARNING - 404 image found | offer_id=32848 | offer_url=https://bryansk.cian.ru/sale/flat/322849914/
2026-01-14 14:24:40,741 - WARNING - 404 image found | offer_id=32790 | offer_url=https://bryansk.cian.ru/sale/flat/310864467/
2026-01-14 14:24:40,741 - WARNING - 404 image found | offer_id=32829 | offer_url=https://bryansk.cian.ru/sale/flat/313266494/
2026-01-14 14:24:40,742 - WARNING - 404 image found | offer_id=32838 | offer_url=https://bryansk.cian.ru/sale/flat/316310559/
2026-01-14 14:24:40,742 - WARNING - 404 image found | offer_id=32839 | offer_url=https://bryansk.cian.ru/sale/flat/316333476/
2026-01-14 14:24:40,743 - WARNING - 404 image found | offer_id=32841 | offer_url=https://bryansk.cian.ru/sale/flat/320734497/
2026-01-14 14:24:40,743 - WARNING - 404 image found | offer_id=32847 | offer_url=https://bryansk.cian.ru/sale/flat/316321907/
2026-01-14 14:24:40,744 - WARNING - 404 image found | offer_id=32851 | offer_url=https://bryansk.cian.ru/sale/flat/313000216/
2026-01-14 14:24:40,745 - WARNING - 404 image found | offer_id=32842 | offer_url=https://bryansk.cian.ru/sale/flat/320734506/
2026-01-14 14:24:40,747 - WARNING - 404 image found | offer_id=32856 | offer_url=https://bryansk.cian.ru/sale/flat/316924095/
2026-01-14 14:24:40,748 - WARNING - 404 image found | offer_id=32835 | offer_url=https://bryansk.cian.ru/sale/flat/311420424/
2026-01-14 14:24:40,751 - WARNING - 404 image found | offer_id=32855 | offer_url=https://bryansk.cian.ru/sale/flat/323167249/
2026-01-14 14:24:40,755 - WARNING - 404 image found | offer_id=32852 | offer_url=https://bryansk.cian.ru/sale/flat/316310708/
2026-01-14 14:24:40,761 - WARNING - 404 image found | offer_id=32862 | offer_url=https://bryansk.cian.ru/sale/flat/320710414/
2026-01-14 14:24:40,762 - WARNING - 404 image found | offer_id=32867 | offer_url=https://bryansk.cian.ru/sale/flat/320566064/
2026-01-14 14:24:40,764 - WARNING - 404 image found | offer_id=32869 | offer_url=https://bryansk.cian.ru/sale/flat/318732021/
2026-01-14 14:24:40,766 - WARNING - 404 image found | offer_id=32871 | offer_url=https://bryansk.cian.ru/sale/flat/317492943/
2026-01-14 14:24:40,766 - WARNING - 404 image found | offer_id=32863 | offer_url=https://bryansk.cian.ru/sale/flat/320667617/
2026-01-14 14:24:40,770 - WARNING - 404 image found | offer_id=32872 | offer_url=https://bryansk.cian.ru/sale/flat/315213235/
2026-01-14 14:24:40,770 - WARNING - 404 image found | offer_id=32854 | offer_url=https://bryansk.cian.ru/sale/flat/323167242/
2026-01-14 14:24:40,771 - WARNING - 404 image found | offer_id=32864 | offer_url=https://bryansk.cian.ru/sale/flat/320637650/
2026-01-14 14:24:40,777 - WARNING - 404 image found | offer_id=32865 | offer_url=https://bryansk.cian.ru/sale/flat/320637599/
2026-01-14 14:24:40,777 - WARNING - 404 image found | offer_id=32859 | offer_url=https://bryansk.cian.ru/sale/flat/322485802/
2026-01-14 14:24:40,782 - WARNING - 404 image found | offer_id=32874 | offer_url=https://bryansk.cian.ru/sale/flat/313266693/
2026-01-14 14:24:40,785 - WARNING - 404 image found | offer_id=32857 | offer_url=https://bryansk.cian.ru/sale/flat/323167410/
2026-01-14 14:24:40,786 - WARNING - 404 image found | offer_id=32870 | offer_url=https://bryansk.cian.ru/sale/flat/318654232/
2026-01-14 14:24:40,788 - WARNING - 404 image found | offer_id=32868 | offer_url=https://bryansk.cian.ru/sale/flat/318732563/
2026-01-14 14:24:40,788 - WARNING - 404 image found | offer_id=32861 | offer_url=https://bryansk.cian.ru/sale/flat/320710641/
2026-01-14 14:24:40,789 - WARNING - 404 image found | offer_id=32876 | offer_url=https://bryansk.cian.ru/sale/flat/313266688/
2026-01-14 14:24:40,789 - WARNING - 404 image found | offer_id=32875 | offer_url=https://bryansk.cian.ru/sale/flat/313266691/
2026-01-14 14:24:40,790 - WARNING - 404 image found | offer_id=32878 | offer_url=https://bryansk.cian.ru/sale/flat/313266592/
2026-01-14 14:24:40,792 - WARNING - 404 image found | offer_id=32880 | offer_url=https://bryansk.cian.ru/sale/flat/313266589/
2026-01-14 14:24:40,795 - WARNING - 404 image found | offer_id=32877 | offer_url=https://bryansk.cian.ru/sale/flat/313266686/
2026-01-14 14:24:40,803 - WARNING - 404 image found | offer_id=32858 | offer_url=https://bryansk.cian.ru/sale/flat/322724649/
2026-01-14 14:24:40,804 - WARNING - 404 image found | offer_id=32884 | offer_url=https://bryansk.cian.ru/sale/flat/313266499/
2026-01-14 14:24:40,806 - WARNING - 404 image found | offer_id=32883 | offer_url=https://bryansk.cian.ru/sale/flat/313266500/
2026-01-14 14:24:40,807 - WARNING - 404 image found | offer_id=32889 | offer_url=https://bryansk.cian.ru/sale/flat/312430976/
2026-01-14 14:24:40,808 - WARNING - 404 image found | offer_id=32873 | offer_url=https://bryansk.cian.ru/sale/flat/314133508/
2026-01-14 14:24:40,810 - WARNING - 404 image found | offer_id=32853 | offer_url=https://bryansk.cian.ru/sale/flat/323167253/
2026-01-14 14:24:40,811 - WARNING - 404 image found | offer_id=32890 | offer_url=https://bryansk.cian.ru/sale/flat/275566949/
2026-01-14 14:24:40,811 - WARNING - 404 image found | offer_id=32892 | offer_url=https://bryansk.cian.ru/sale/flat/293658816/
2026-01-14 14:24:40,812 - WARNING - 404 image found | offer_id=32893 | offer_url=https://bryansk.cian.ru/sale/flat/300918436/
2026-01-14 14:24:40,812 - WARNING - 404 image found | offer_id=32885 | offer_url=https://bryansk.cian.ru/sale/flat/313266498/
2026-01-14 14:24:40,815 - WARNING - 404 image found | offer_id=32879 | offer_url=https://bryansk.cian.ru/sale/flat/313266590/
2026-01-14 14:24:40,823 - WARNING - 404 image found | offer_id=32896 | offer_url=https://bryansk.cian.ru/sale/flat/311420448/
2026-01-14 14:24:40,824 - WARNING - 404 image found | offer_id=32899 | offer_url=https://bryansk.cian.ru/sale/flat/313000231/
2026-01-14 14:24:40,828 - WARNING - 404 image found | offer_id=32866 | offer_url=https://bryansk.cian.ru/sale/flat/320637536/
2026-01-14 14:24:40,829 - WARNING - 404 image found | offer_id=32903 | offer_url=https://bryansk.cian.ru/sale/flat/313000220/
2026-01-14 14:24:40,830 - WARNING - 404 image found | offer_id=32881 | offer_url=https://bryansk.cian.ru/sale/flat/313266588/
2026-01-14 14:24:40,831 - WARNING - 404 image found | offer_id=32888 | offer_url=https://bryansk.cian.ru/sale/flat/310691152/
2026-01-14 14:24:40,831 - WARNING - 404 image found | offer_id=32860 | offer_url=https://bryansk.cian.ru/sale/flat/322395426/
2026-01-14 14:24:40,832 - WARNING - 404 image found | offer_id=32905 | offer_url=https://bryansk.cian.ru/sale/flat/317414269/
2026-01-14 14:24:40,833 - WARNING - 404 image found | offer_id=32904 | offer_url=https://bryansk.cian.ru/sale/flat/317392017/
2026-01-14 14:24:40,833 - WARNING - 404 image found | offer_id=32911 | offer_url=https://bryansk.cian.ru/sale/flat/313000229/
2026-01-14 14:24:40,834 - WARNING - 404 image found | offer_id=32908 | offer_url=https://bryansk.cian.ru/sale/flat/320734885/
2026-01-14 14:24:40,835 - WARNING - 404 image found | offer_id=32902 | offer_url=https://bryansk.cian.ru/sale/flat/316924100/
2026-01-14 14:24:40,835 - WARNING - 404 image found | offer_id=32906 | offer_url=https://bryansk.cian.ru/sale/flat/320734896/
2026-01-14 14:24:40,836 - WARNING - 404 image found | offer_id=32909 | offer_url=https://bryansk.cian.ru/sale/flat/320734894/
2026-01-14 14:24:40,836 - WARNING - 404 image found | offer_id=32833 | offer_url=https://bryansk.cian.ru/sale/flat/322833717/
2026-01-14 14:24:40,844 - WARNING - 404 image found | offer_id=32915 | offer_url=https://bryansk.cian.ru/sale/flat/316310709/
2026-01-14 14:24:40,848 - WARNING - 404 image found | offer_id=32910 | offer_url=https://bryansk.cian.ru/sale/flat/320734893/
2026-01-14 14:24:40,848 - WARNING - 404 image found | offer_id=32907 | offer_url=https://bryansk.cian.ru/sale/flat/320734522/
2026-01-14 14:24:40,854 - WARNING - 404 image found | offer_id=32918 | offer_url=https://bryansk.cian.ru/sale/flat/323167258/
2026-01-14 14:24:40,855 - WARNING - 404 image found | offer_id=32925 | offer_url=https://bryansk.cian.ru/sale/flat/322521852/
2026-01-14 14:24:40,855 - WARNING - 404 image found | offer_id=32927 | offer_url=https://bryansk.cian.ru/sale/flat/320667567/
2026-01-14 14:24:40,856 - WARNING - 404 image found | offer_id=32921 | offer_url=https://bryansk.cian.ru/sale/flat/322725044/
2026-01-14 14:24:40,857 - WARNING - 404 image found | offer_id=32922 | offer_url=https://bryansk.cian.ru/sale/flat/322722708/
2026-01-14 14:24:40,857 - WARNING - 404 image found | offer_id=32917 | offer_url=https://bryansk.cian.ru/sale/flat/323167255/
2026-01-14 14:24:40,859 - WARNING - 404 image found | offer_id=32913 | offer_url=https://bryansk.cian.ru/sale/flat/316333484/
2026-01-14 14:24:40,861 - WARNING - 404 image found | offer_id=32924 | offer_url=https://bryansk.cian.ru/sale/flat/322716417/
2026-01-14 14:24:40,862 - WARNING - 404 image found | offer_id=32886 | offer_url=https://bryansk.cian.ru/sale/flat/312431425/
2026-01-14 14:24:40,866 - WARNING - 404 image found | offer_id=32914 | offer_url=https://bryansk.cian.ru/sale/flat/320734891/
2026-01-14 14:24:40,866 - WARNING - 404 image found | offer_id=32930 | offer_url=https://bryansk.cian.ru/sale/flat/316073446/
2026-01-14 14:24:40,869 - WARNING - 404 image found | offer_id=32811 | offer_url=https://bryansk.cian.ru/sale/flat/322395268/
2026-01-14 14:24:40,871 - WARNING - 404 image found | offer_id=32933 | offer_url=https://bryansk.cian.ru/sale/flat/315165369/
2026-01-14 14:24:40,871 - WARNING - 404 image found | offer_id=32926 | offer_url=https://bryansk.cian.ru/sale/flat/322394876/
2026-01-14 14:24:40,872 - WARNING - 404 image found | offer_id=32826 | offer_url=https://bryansk.cian.ru/sale/flat/313266584/
2026-01-14 14:24:40,873 - WARNING - 404 image found | offer_id=32935 | offer_url=https://bryansk.cian.ru/sale/flat/313266698/
2026-01-14 14:24:40,875 - WARNING - 404 image found | offer_id=32938 | offer_url=https://bryansk.cian.ru/sale/flat/313266600/
2026-01-14 14:24:40,875 - WARNING - 404 image found | offer_id=32931 | offer_url=https://bryansk.cian.ru/sale/flat/316073273/
2026-01-14 14:24:40,877 - WARNING - 404 image found | offer_id=32940 | offer_url=https://bryansk.cian.ru/sale/flat/313266596/
2026-01-14 14:24:40,880 - WARNING - 404 image found | offer_id=32850 | offer_url=https://bryansk.cian.ru/sale/flat/323467378/
2026-01-14 14:24:40,882 - WARNING - 404 image found | offer_id=32920 | offer_url=https://bryansk.cian.ru/sale/flat/323167422/
2026-01-14 14:24:40,889 - WARNING - 404 image found | offer_id=32939 | offer_url=https://bryansk.cian.ru/sale/flat/313266597/
2026-01-14 14:24:40,890 - WARNING - 404 image found | offer_id=32945 | offer_url=https://bryansk.cian.ru/sale/flat/313266504/
2026-01-14 14:24:40,892 - WARNING - 404 image found | offer_id=32949 | offer_url=https://bryansk.cian.ru/sale/flat/313000232/
2026-01-14 14:24:40,893 - WARNING - 404 image found | offer_id=32952 | offer_url=https://bryansk.cian.ru/sale/flat/310864620/
2026-01-14 14:24:40,894 - WARNING - 404 image found | offer_id=32941 | offer_url=https://bryansk.cian.ru/sale/flat/313266594/
2026-01-14 14:24:40,895 - WARNING - 404 image found | offer_id=32919 | offer_url=https://bryansk.cian.ru/sale/flat/316924108/
2026-01-14 14:24:40,895 - WARNING - 404 image found | offer_id=32950 | offer_url=https://bryansk.cian.ru/sale/flat/319662999/
2026-01-14 14:24:40,896 - WARNING - 404 image found | offer_id=32951 | offer_url=https://bryansk.cian.ru/sale/flat/316310564/
2026-01-14 14:24:40,899 - WARNING - 404 image found | offer_id=32953 | offer_url=https://bryansk.cian.ru/sale/flat/311420488/
2026-01-14 14:24:40,903 - WARNING - 404 image found | offer_id=32943 | offer_url=https://bryansk.cian.ru/sale/flat/313266506/
2026-01-14 14:24:40,904 - WARNING - 404 image found | offer_id=32955 | offer_url=https://bryansk.cian.ru/sale/flat/320734912/
2026-01-14 14:24:40,906 - WARNING - 404 image found | offer_id=32944 | offer_url=https://bryansk.cian.ru/sale/flat/313266505/
2026-01-14 14:24:40,907 - WARNING - 404 image found | offer_id=32936 | offer_url=https://bryansk.cian.ru/sale/flat/313266696/
2026-01-14 14:24:40,910 - WARNING - 404 image found | offer_id=32958 | offer_url=https://bryansk.cian.ru/sale/flat/320734561/
2026-01-14 14:24:40,912 - WARNING - 404 image found | offer_id=32959 | offer_url=https://bryansk.cian.ru/sale/flat/320734902/
2026-01-14 14:24:40,915 - WARNING - 404 image found | offer_id=32960 | offer_url=https://bryansk.cian.ru/sale/flat/320734563/
2026-01-14 14:24:40,915 - WARNING - 404 image found | offer_id=32932 | offer_url=https://bryansk.cian.ru/sale/flat/315775511/
2026-01-14 14:24:40,919 - WARNING - 404 image found | offer_id=32937 | offer_url=https://bryansk.cian.ru/sale/flat/313266694/
2026-01-14 14:24:40,919 - WARNING - 404 image found | offer_id=32967 | offer_url=https://bryansk.cian.ru/sale/flat/323167269/
2026-01-14 14:24:40,921 - WARNING - 404 image found | offer_id=32966 | offer_url=https://bryansk.cian.ru/sale/flat/316310712/
2026-01-14 14:24:40,925 - WARNING - 404 image found | offer_id=32970 | offer_url=https://bryansk.cian.ru/sale/flat/323167439/
2026-01-14 14:24:40,928 - WARNING - 404 image found | offer_id=32968 | offer_url=https://bryansk.cian.ru/sale/flat/323167276/
2026-01-14 14:24:40,931 - WARNING - 404 image found | offer_id=32971 | offer_url=https://bryansk.cian.ru/sale/flat/322722284/
2026-01-14 14:24:40,934 - WARNING - 404 image found | offer_id=32963 | offer_url=https://bryansk.cian.ru/sale/flat/322849905/
2026-01-14 14:24:40,934 - WARNING - 404 image found | offer_id=32980 | offer_url=https://bryansk.cian.ru/sale/flat/315213354/
2026-01-14 14:24:40,935 - WARNING - 404 image found | offer_id=32942 | offer_url=https://bryansk.cian.ru/sale/flat/313266507/
2026-01-14 14:24:40,937 - WARNING - 404 image found | offer_id=32973 | offer_url=https://bryansk.cian.ru/sale/flat/322523190/
2026-01-14 14:24:40,938 - WARNING - 404 image found | offer_id=32916 | offer_url=https://bryansk.cian.ru/sale/flat/323167265/
2026-01-14 14:24:40,942 - WARNING - 404 image found | offer_id=32984 | offer_url=https://bryansk.cian.ru/sale/flat/313266703/
2026-01-14 14:24:40,942 - WARNING - 404 image found | offer_id=32986 | offer_url=https://bryansk.cian.ru/sale/flat/313266608/
2026-01-14 14:24:40,943 - WARNING - 404 image found | offer_id=32976 | offer_url=https://bryansk.cian.ru/sale/flat/318732153/
2026-01-14 14:24:40,944 - WARNING - 404 image found | offer_id=32898 | offer_url=https://bryansk.cian.ru/sale/flat/313000222/
2026-01-14 14:24:40,945 - WARNING - 404 image found | offer_id=32923 | offer_url=https://bryansk.cian.ru/sale/flat/322722161/
2026-01-14 14:24:40,945 - WARNING - 404 image found | offer_id=32987 | offer_url=https://bryansk.cian.ru/sale/flat/313266606/
2026-01-14 14:24:40,946 - WARNING - 404 image found | offer_id=32979 | offer_url=https://bryansk.cian.ru/sale/flat/315775492/
2026-01-14 14:24:40,946 - WARNING - 404 image found | offer_id=32989 | offer_url=https://bryansk.cian.ru/sale/flat/313266602/
2026-01-14 14:24:40,947 - WARNING - 404 image found | offer_id=32988 | offer_url=https://bryansk.cian.ru/sale/flat/313266603/
2026-01-14 14:24:40,953 - WARNING - 404 image found | offer_id=32990 | offer_url=https://bryansk.cian.ru/sale/flat/313266512/
2026-01-14 14:24:40,956 - WARNING - 404 image found | offer_id=32994 | offer_url=https://bryansk.cian.ru/sale/flat/310970839/
2026-01-14 14:24:40,958 - WARNING - 404 image found | offer_id=32992 | offer_url=https://bryansk.cian.ru/sale/flat/313266510/
2026-01-14 14:24:40,958 - WARNING - 404 image found | offer_id=32985 | offer_url=https://bryansk.cian.ru/sale/flat/313266702/
2026-01-14 14:24:40,960 - WARNING - 404 image found | offer_id=32993 | offer_url=https://bryansk.cian.ru/sale/flat/313266508/
2026-01-14 14:24:40,963 - WARNING - 404 image found | offer_id=32999 | offer_url=https://bryansk.cian.ru/sale/flat/316310566/
2026-01-14 14:24:40,965 - WARNING - 404 image found | offer_id=32996 | offer_url=https://bryansk.cian.ru/sale/flat/300974461/
2026-01-14 14:24:40,966 - WARNING - 404 image found | offer_id=32981 | offer_url=https://bryansk.cian.ru/sale/flat/313876785/
2026-01-14 14:24:40,968 - WARNING - 404 image found | offer_id=33002 | offer_url=https://bryansk.cian.ru/sale/flat/320734604/
2026-01-14 14:24:40,972 - WARNING - 404 image found | offer_id=32982 | offer_url=https://bryansk.cian.ru/sale/flat/313266706/
2026-01-14 14:24:40,973 - WARNING - 404 image found | offer_id=33003 | offer_url=https://bryansk.cian.ru/sale/flat/320734929/
2026-01-14 14:24:40,973 - WARNING - 404 image found | offer_id=32957 | offer_url=https://bryansk.cian.ru/sale/flat/300918494/
2026-01-14 14:24:40,975 - WARNING - 404 image found | offer_id=33000 | offer_url=https://bryansk.cian.ru/sale/flat/316435009/
2026-01-14 14:24:40,975 - WARNING - 404 image found | offer_id=32969 | offer_url=https://bryansk.cian.ru/sale/flat/303134066/
2026-01-14 14:24:40,976 - WARNING - 404 image found | offer_id=32934 | offer_url=https://bryansk.cian.ru/sale/flat/313266700/
2026-01-14 14:24:40,976 - WARNING - 404 image found | offer_id=33007 | offer_url=https://bryansk.cian.ru/sale/flat/320734588/
2026-01-14 14:24:40,977 - WARNING - 404 image found | offer_id=33006 | offer_url=https://bryansk.cian.ru/sale/flat/320734922/
2026-01-14 14:24:40,978 - WARNING - 404 image found | offer_id=33011 | offer_url=https://bryansk.cian.ru/sale/flat/316333523/
2026-01-14 14:24:40,980 - WARNING - 404 image found | offer_id=33008 | offer_url=https://bryansk.cian.ru/sale/flat/300918544/
2026-01-14 14:24:40,981 - WARNING - 404 image found | offer_id=33013 | offer_url=https://bryansk.cian.ru/sale/flat/316310718/
2026-01-14 14:24:40,982 - WARNING - 404 image found | offer_id=33004 | offer_url=https://bryansk.cian.ru/sale/flat/320734930/
2026-01-14 14:24:40,983 - WARNING - 404 image found | offer_id=33009 | offer_url=https://bryansk.cian.ru/sale/flat/323416250/
2026-01-14 14:24:40,983 - WARNING - 404 image found | offer_id=33010 | offer_url=https://bryansk.cian.ru/sale/flat/316321922/
2026-01-14 14:24:40,986 - WARNING - 404 image found | offer_id=33016 | offer_url=https://bryansk.cian.ru/sale/flat/322722495/
2026-01-14 14:24:40,987 - WARNING - 404 image found | offer_id=33014 | offer_url=https://bryansk.cian.ru/sale/flat/322725365/
2026-01-14 14:24:40,989 - WARNING - 404 image found | offer_id=32991 | offer_url=https://bryansk.cian.ru/sale/flat/313266511/
2026-01-14 14:24:40,990 - WARNING - 404 image found | offer_id=32995 | offer_url=https://bryansk.cian.ru/sale/flat/310970331/
2026-01-14 14:24:40,993 - WARNING - 404 image found | offer_id=33015 | offer_url=https://bryansk.cian.ru/sale/flat/322724109/
2026-01-14 14:24:40,998 - WARNING - 404 image found | offer_id=32983 | offer_url=https://bryansk.cian.ru/sale/flat/313266705/
2026-01-14 14:24:40,998 - WARNING - 404 image found | offer_id=33022 | offer_url=https://bryansk.cian.ru/sale/flat/318990653/
2026-01-14 14:24:40,999 - WARNING - 404 image found | offer_id=33012 | offer_url=https://bryansk.cian.ru/sale/flat/320734928/
2026-01-14 14:24:40,999 - WARNING - 404 image found | offer_id=33029 | offer_url=https://bryansk.cian.ru/sale/flat/313266613/
2026-01-14 14:24:41,000 - WARNING - 404 image found | offer_id=33027 | offer_url=https://bryansk.cian.ru/sale/flat/313266709/
2026-01-14 14:24:41,001 - WARNING - 404 image found | offer_id=33021 | offer_url=https://bryansk.cian.ru/sale/flat/322395350/
2026-01-14 14:24:41,003 - WARNING - 404 image found | offer_id=33032 | offer_url=https://bryansk.cian.ru/sale/flat/313266609/
2026-01-14 14:24:41,003 - WARNING - 404 image found | offer_id=33025 | offer_url=https://bryansk.cian.ru/sale/flat/313266712/
2026-01-14 14:24:41,004 - WARNING - 404 image found | offer_id=33005 | offer_url=https://bryansk.cian.ru/sale/flat/300918549/
2026-01-14 14:24:41,004 - WARNING - 404 image found | offer_id=33026 | offer_url=https://bryansk.cian.ru/sale/flat/313266711/
2026-01-14 14:24:41,005 - WARNING - 404 image found | offer_id=33028 | offer_url=https://bryansk.cian.ru/sale/flat/313266708/
2026-01-14 14:24:41,005 - WARNING - 404 image found | offer_id=33030 | offer_url=https://bryansk.cian.ru/sale/flat/313266612/
2026-01-14 14:24:41,008 - WARNING - 404 image found | offer_id=33033 | offer_url=https://bryansk.cian.ru/sale/flat/313266518/
2026-01-14 14:24:41,009 - WARNING - 404 image found | offer_id=33031 | offer_url=https://bryansk.cian.ru/sale/flat/313266610/
2026-01-14 14:24:41,012 - WARNING - 404 image found | offer_id=33019 | offer_url=https://bryansk.cian.ru/sale/flat/322520144/
2026-01-14 14:24:41,013 - WARNING - 404 image found | offer_id=33034 | offer_url=https://bryansk.cian.ru/sale/flat/313266516/
2026-01-14 14:24:41,013 - WARNING - 404 image found | offer_id=33023 | offer_url=https://bryansk.cian.ru/sale/flat/318732717/
2026-01-14 14:24:41,014 - WARNING - 404 image found | offer_id=33035 | offer_url=https://bryansk.cian.ru/sale/flat/313266515/
2026-01-14 14:24:41,019 - WARNING - 404 image found | offer_id=33037 | offer_url=https://bryansk.cian.ru/sale/flat/275566993/
2026-01-14 14:24:41,020 - WARNING - 404 image found | offer_id=33036 | offer_url=https://bryansk.cian.ru/sale/flat/313266514/
2026-01-14 14:24:41,024 - WARNING - 404 image found | offer_id=33042 | offer_url=https://bryansk.cian.ru/sale/flat/316310569/
2026-01-14 14:24:41,025 - WARNING - 404 image found | offer_id=33043 | offer_url=https://bryansk.cian.ru/sale/flat/320734633/
2026-01-14 14:24:41,032 - WARNING - 404 image found | offer_id=33056 | offer_url=https://bryansk.cian.ru/sale/flat/316333536/
2026-01-14 14:24:41,035 - WARNING - 404 image found | offer_id=33054 | offer_url=https://bryansk.cian.ru/sale/flat/322833714/
2026-01-14 14:24:41,036 - WARNING - 404 image found | offer_id=33050 | offer_url=https://bryansk.cian.ru/sale/flat/322849908/
2026-01-14 14:24:41,036 - WARNING - 404 image found | offer_id=33045 | offer_url=https://bryansk.cian.ru/sale/flat/320734947/
2026-01-14 14:24:41,038 - WARNING - 404 image found | offer_id=33057 | offer_url=https://bryansk.cian.ru/sale/flat/311420419/
2026-01-14 14:24:41,038 - WARNING - 404 image found | offer_id=33053 | offer_url=https://bryansk.cian.ru/sale/flat/322845803/
2026-01-14 14:24:41,039 - WARNING - 404 image found | offer_id=33059 | offer_url=https://bryansk.cian.ru/sale/flat/320734944/
2026-01-14 14:24:41,039 - WARNING - 404 image found | offer_id=33058 | offer_url=https://bryansk.cian.ru/sale/flat/315214127/
2026-01-14 14:24:41,046 - WARNING - 404 image found | offer_id=33063 | offer_url=https://bryansk.cian.ru/sale/flat/317725953/
2026-01-14 14:24:41,049 - WARNING - 404 image found | offer_id=33055 | offer_url=https://bryansk.cian.ru/sale/flat/316321919/
2026-01-14 14:24:41,049 - WARNING - 404 image found | offer_id=33044 | offer_url=https://bryansk.cian.ru/sale/flat/320734939/
2026-01-14 14:24:41,053 - WARNING - 404 image found | offer_id=33064 | offer_url=https://bryansk.cian.ru/sale/flat/313873525/
2026-01-14 14:24:41,055 - WARNING - 404 image found | offer_id=33038 | offer_url=https://bryansk.cian.ru/sale/flat/293658834/
2026-01-14 14:24:41,057 - WARNING - 404 image found | offer_id=33070 | offer_url=https://bryansk.cian.ru/sale/flat/293659383/
2026-01-14 14:24:41,058 - WARNING - 404 image found | offer_id=33071 | offer_url=https://bryansk.cian.ru/sale/flat/293306623/
2026-01-14 14:24:41,059 - WARNING - 404 image found | offer_id=33017 | offer_url=https://bryansk.cian.ru/sale/flat/322522854/
2026-01-14 14:24:41,059 - WARNING - 404 image found | offer_id=33069 | offer_url=https://bryansk.cian.ru/sale/flat/313226530/
2026-01-14 14:24:41,063 - WARNING - 404 image found | offer_id=33072 | offer_url=https://bryansk.cian.ru/sale/flat/319816672/
2026-01-14 14:24:41,064 - WARNING - 404 image found | offer_id=33078 | offer_url=https://bryansk.cian.ru/sale/flat/319267806/
2026-01-14 14:24:41,066 - WARNING - 404 image found | offer_id=32954 | offer_url=https://bryansk.cian.ru/sale/flat/317834365/
2026-01-14 14:24:41,069 - WARNING - 404 image found | offer_id=33081 | offer_url=https://bryansk.cian.ru/sale/flat/322491081/
2026-01-14 14:24:41,070 - WARNING - 404 image found | offer_id=33046 | offer_url=https://bryansk.cian.ru/sale/flat/320734632/
2026-01-14 14:24:41,075 - WARNING - 404 image found | offer_id=33039 | offer_url=https://bryansk.cian.ru/sale/flat/311420409/
2026-01-14 14:24:41,082 - WARNING - 404 image found | offer_id=33089 | offer_url=https://bryansk.cian.ru/sale/flat/316906048/
2026-01-14 14:24:41,084 - WARNING - 404 image found | offer_id=33018 | offer_url=https://bryansk.cian.ru/sale/flat/322722569/
2026-01-14 14:24:41,086 - WARNING - 404 image found | offer_id=32882 | offer_url=https://bryansk.cian.ru/sale/flat/313266502/
2026-01-14 14:24:41,086 - WARNING - 404 image found | offer_id=33088 | offer_url=https://bryansk.cian.ru/sale/flat/316906600/
2026-01-14 14:24:41,089 - WARNING - 404 image found | offer_id=33096 | offer_url=https://bryansk.cian.ru/sale/flat/313266742/
2026-01-14 14:24:41,090 - WARNING - 404 image found | offer_id=33062 | offer_url=https://bryansk.cian.ru/sale/flat/317726080/
2026-01-14 14:24:41,091 - WARNING - 404 image found | offer_id=33067 | offer_url=https://bryansk.cian.ru/sale/flat/311420754/
2026-01-14 14:24:41,094 - WARNING - 404 image found | offer_id=33094 | offer_url=https://bryansk.cian.ru/sale/flat/313873004/
2026-01-14 14:24:41,094 - WARNING - 404 image found | offer_id=33090 | offer_url=https://bryansk.cian.ru/sale/flat/316904261/
2026-01-14 14:24:41,097 - WARNING - 404 image found | offer_id=33087 | offer_url=https://bryansk.cian.ru/sale/flat/316924006/
2026-01-14 14:24:41,098 - WARNING - 404 image found | offer_id=33086 | offer_url=https://bryansk.cian.ru/sale/flat/317726344/
2026-01-14 14:24:41,099 - WARNING - 404 image found | offer_id=33097 | offer_url=https://bryansk.cian.ru/sale/flat/313266720/
2026-01-14 14:24:41,102 - WARNING - 404 image found | offer_id=33100 | offer_url=https://bryansk.cian.ru/sale/flat/293659401/
2026-01-14 14:24:41,103 - WARNING - 404 image found | offer_id=33105 | offer_url=https://bryansk.cian.ru/sale/flat/313226537/
2026-01-14 14:24:41,104 - WARNING - 404 image found | offer_id=33020 | offer_url=https://bryansk.cian.ru/sale/flat/322521633/
2026-01-14 14:24:41,108 - WARNING - 404 image found | offer_id=33093 | offer_url=https://bryansk.cian.ru/sale/flat/313874671/
2026-01-14 14:24:41,111 - WARNING - 404 image found | offer_id=33076 | offer_url=https://bryansk.cian.ru/sale/flat/320734277/
2026-01-14 14:24:41,114 - WARNING - 404 image found | offer_id=33095 | offer_url=https://bryansk.cian.ru/sale/flat/313266764/
2026-01-14 14:24:41,118 - WARNING - 404 image found | offer_id=33098 | offer_url=https://bryansk.cian.ru/sale/flat/312732199/
2026-01-14 14:24:41,119 - WARNING - 404 image found | offer_id=33115 | offer_url=https://bryansk.cian.ru/sale/flat/319322884/
2026-01-14 14:24:41,120 - WARNING - 404 image found | offer_id=33114 | offer_url=https://bryansk.cian.ru/sale/flat/318565819/
2026-01-14 14:24:41,120 - WARNING - 404 image found | offer_id=33109 | offer_url=https://bryansk.cian.ru/sale/flat/319816681/
2026-01-14 14:24:41,121 - WARNING - 404 image found | offer_id=33110 | offer_url=https://bryansk.cian.ru/sale/flat/319816693/
2026-01-14 14:24:41,124 - WARNING - 404 image found | offer_id=33119 | offer_url=https://bryansk.cian.ru/sale/flat/323167035/
2026-01-14 14:24:41,126 - WARNING - 404 image found | offer_id=33104 | offer_url=https://bryansk.cian.ru/sale/flat/310864600/
2026-01-14 14:24:41,127 - WARNING - 404 image found | offer_id=33121 | offer_url=https://bryansk.cian.ru/sale/flat/310864500/
2026-01-14 14:24:41,129 - WARNING - 404 image found | offer_id=33113 | offer_url=https://bryansk.cian.ru/sale/flat/321512612/
2026-01-14 14:24:41,129 - WARNING - 404 image found | offer_id=33102 | offer_url=https://bryansk.cian.ru/sale/flat/313226544/
2026-01-14 14:24:41,131 - WARNING - 404 image found | offer_id=33120 | offer_url=https://bryansk.cian.ru/sale/flat/293306736/
2026-01-14 14:24:41,136 - WARNING - 404 image found | offer_id=33130 | offer_url=https://bryansk.cian.ru/sale/flat/320220894/
2026-01-14 14:24:41,138 - WARNING - 404 image found | offer_id=33131 | offer_url=https://bryansk.cian.ru/sale/flat/313266766/
2026-01-14 14:24:41,143 - WARNING - 404 image found | offer_id=33133 | offer_url=https://bryansk.cian.ru/sale/flat/313266723/
2026-01-14 14:24:41,143 - WARNING - 404 image found | offer_id=33108 | offer_url=https://bryansk.cian.ru/sale/flat/293306482/
2026-01-14 14:24:41,144 - WARNING - 404 image found | offer_id=33129 | offer_url=https://bryansk.cian.ru/sale/flat/320544088/
2026-01-14 14:24:41,145 - WARNING - 404 image found | offer_id=33140 | offer_url=https://bryansk.cian.ru/sale/flat/313226560/
2026-01-14 14:24:41,145 - WARNING - 404 image found | offer_id=33137 | offer_url=https://bryansk.cian.ru/sale/flat/311420806/
2026-01-14 14:24:41,146 - WARNING - 404 image found | offer_id=33138 | offer_url=https://bryansk.cian.ru/sale/flat/310864761/
2026-01-14 14:24:41,147 - WARNING - 404 image found | offer_id=33144 | offer_url=https://bryansk.cian.ru/sale/flat/316434999/
2026-01-14 14:24:41,148 - WARNING - 404 image found | offer_id=33060 | offer_url=https://bryansk.cian.ru/sale/flat/316310720/
2026-01-14 14:24:41,149 - WARNING - 404 image found | offer_id=33141 | offer_url=https://bryansk.cian.ru/sale/flat/317455519/
2026-01-14 14:24:41,154 - WARNING - 404 image found | offer_id=33148 | offer_url=https://bryansk.cian.ru/sale/flat/323167034/
2026-01-14 14:24:41,157 - WARNING - 404 image found | offer_id=33123 | offer_url=https://bryansk.cian.ru/sale/flat/311420777/
2026-01-14 14:24:41,162 - WARNING - 404 image found | offer_id=33156 | offer_url=https://bryansk.cian.ru/sale/flat/322699232/
2026-01-14 14:24:41,163 - WARNING - 404 image found | offer_id=33127 | offer_url=https://bryansk.cian.ru/sale/flat/319267812/
2026-01-14 14:24:41,165 - WARNING - 404 image found | offer_id=33158 | offer_url=https://bryansk.cian.ru/sale/flat/322485561/
2026-01-14 14:24:41,165 - WARNING - 404 image found | offer_id=33164 | offer_url=https://bryansk.cian.ru/sale/flat/316924028/
2026-01-14 14:24:41,166 - WARNING - 404 image found | offer_id=33128 | offer_url=https://bryansk.cian.ru/sale/flat/319267811/
2026-01-14 14:24:41,166 - WARNING - 404 image found | offer_id=33157 | offer_url=https://bryansk.cian.ru/sale/flat/322490455/
2026-01-14 14:24:41,167 - WARNING - 404 image found | offer_id=33152 | offer_url=https://bryansk.cian.ru/sale/flat/323222171/
2026-01-14 14:24:41,167 - WARNING - 404 image found | offer_id=33160 | offer_url=https://bryansk.cian.ru/sale/flat/313876131/
2026-01-14 14:24:41,167 - WARNING - 404 image found | offer_id=33154 | offer_url=https://bryansk.cian.ru/sale/flat/319140398/
2026-01-14 14:24:41,168 - WARNING - 404 image found | offer_id=33163 | offer_url=https://bryansk.cian.ru/sale/flat/313266724/
2026-01-14 14:24:41,169 - WARNING - 404 image found | offer_id=33155 | offer_url=https://bryansk.cian.ru/sale/flat/319267814/
2026-01-14 14:24:41,169 - WARNING - 404 image found | offer_id=33125 | offer_url=https://bryansk.cian.ru/sale/flat/319133517/
2026-01-14 14:24:41,170 - WARNING - 404 image found | offer_id=33162 | offer_url=https://bryansk.cian.ru/sale/flat/313266744/
2026-01-14 14:24:41,178 - WARNING - 404 image found | offer_id=33165 | offer_url=https://bryansk.cian.ru/sale/flat/316790581/
2026-01-14 14:24:41,180 - WARNING - 404 image found | offer_id=33166 | offer_url=https://bryansk.cian.ru/sale/flat/310864789/
2026-01-14 14:24:41,186 - WARNING - 404 image found | offer_id=33159 | offer_url=https://bryansk.cian.ru/sale/flat/316906767/
2026-01-14 14:24:41,187 - WARNING - 404 image found | offer_id=33177 | offer_url=https://bryansk.cian.ru/sale/flat/319267803/
2026-01-14 14:24:41,187 - WARNING - 404 image found | offer_id=33173 | offer_url=https://bryansk.cian.ru/sale/flat/319816744/
2026-01-14 14:24:41,188 - WARNING - 404 image found | offer_id=33180 | offer_url=https://bryansk.cian.ru/sale/flat/319267818/
2026-01-14 14:24:41,189 - WARNING - 404 image found | offer_id=33179 | offer_url=https://bryansk.cian.ru/sale/flat/323167028/
2026-01-14 14:24:41,189 - WARNING - 404 image found | offer_id=33181 | offer_url=https://bryansk.cian.ru/sale/flat/320825264/
2026-01-14 14:24:41,191 - WARNING - 404 image found | offer_id=33174 | offer_url=https://bryansk.cian.ru/sale/flat/319816717/
2026-01-14 14:24:41,205 - WARNING - 404 image found | offer_id=33183 | offer_url=https://bryansk.cian.ru/sale/flat/319133519/
2026-01-14 14:24:41,206 - WARNING - 404 image found | offer_id=33146 | offer_url=https://bryansk.cian.ru/sale/flat/320603693/
2026-01-14 14:24:41,207 - WARNING - 404 image found | offer_id=33132 | offer_url=https://bryansk.cian.ru/sale/flat/313266743/
2026-01-14 14:24:41,207 - WARNING - 404 image found | offer_id=33193 | offer_url=https://bryansk.cian.ru/sale/flat/313266745/
2026-01-14 14:24:41,209 - WARNING - 404 image found | offer_id=33197 | offer_url=https://bryansk.cian.ru/sale/flat/316790584/
2026-01-14 14:24:41,210 - WARNING - 404 image found | offer_id=33195 | offer_url=https://bryansk.cian.ru/sale/flat/310790974/
2026-01-14 14:24:41,211 - WARNING - 404 image found | offer_id=33194 | offer_url=https://bryansk.cian.ru/sale/flat/313266725/
2026-01-14 14:24:41,212 - WARNING - 404 image found | offer_id=33192 | offer_url=https://bryansk.cian.ru/sale/flat/313266769/
2026-01-14 14:24:41,212 - WARNING - 404 image found | offer_id=33168 | offer_url=https://bryansk.cian.ru/sale/flat/311420621/
2026-01-14 14:24:41,213 - WARNING - 404 image found | offer_id=33198 | offer_url=https://bryansk.cian.ru/sale/flat/318335713/
2026-01-14 14:24:41,213 - WARNING - 404 image found | offer_id=33170 | offer_url=https://bryansk.cian.ru/sale/flat/316924025/
2026-01-14 14:24:41,214 - WARNING - 404 image found | offer_id=33191 | offer_url=https://bryansk.cian.ru/sale/flat/313456111/
2026-01-14 14:24:41,214 - WARNING - 404 image found | offer_id=33189 | offer_url=https://bryansk.cian.ru/sale/flat/318850339/
2026-01-14 14:24:41,216 - WARNING - 404 image found | offer_id=33200 | offer_url=https://bryansk.cian.ru/sale/flat/316924038/
2026-01-14 14:24:41,217 - WARNING - 404 image found | offer_id=33201 | offer_url=https://bryansk.cian.ru/sale/flat/313226586/
2026-01-14 14:24:41,217 - WARNING - 404 image found | offer_id=33188 | offer_url=https://bryansk.cian.ru/sale/flat/320667478/
2026-01-14 14:24:41,221 - WARNING - 404 image found | offer_id=33203 | offer_url=https://bryansk.cian.ru/sale/flat/321290824/
2026-01-14 14:24:41,225 - WARNING - 404 image found | offer_id=33161 | offer_url=https://bryansk.cian.ru/sale/flat/313266767/
2026-01-14 14:24:41,232 - WARNING - 404 image found | offer_id=33205 | offer_url=https://bryansk.cian.ru/sale/flat/321736005/
2026-01-14 14:24:41,233 - WARNING - 404 image found | offer_id=33209 | offer_url=https://bryansk.cian.ru/sale/flat/322491037/
2026-01-14 14:24:41,234 - WARNING - 404 image found | offer_id=33186 | offer_url=https://bryansk.cian.ru/sale/flat/322001158/
2026-01-14 14:24:41,234 - WARNING - 404 image found | offer_id=33206 | offer_url=https://bryansk.cian.ru/sale/flat/322292203/
2026-01-14 14:24:41,254 - WARNING - 404 image found | offer_id=33208 | offer_url=https://bryansk.cian.ru/sale/flat/319133521/
2026-01-14 14:24:41,259 - WARNING - 404 image found | offer_id=33172 | offer_url=https://bryansk.cian.ru/sale/flat/316434995/
2026-01-14 14:24:41,264 - WARNING - 404 image found | offer_id=33185 | offer_url=https://bryansk.cian.ru/sale/flat/322700525/
2026-01-14 14:24:42,017 - WARNING - 404 image found | offer_id=32972 | offer_url=https://bryansk.cian.ru/sale/flat/322716622/
2026-01-14 14:24:42,181 - WARNING - 404 image found | offer_id=33153 | offer_url=https://bryansk.cian.ru/sale/flat/319267815/
2026-01-14 14:24:42,196 - INFO - checked=4500, 404=2880, deleted=2800, deactivated=0, speed=223.5/s
2026-01-14 14:24:42,197 - INFO - Batch #10, last_id=33209
2026-01-14 14:24:42,224 - WARNING - 404 image found | offer_id=33210 | offer_url=https://bryansk.cian.ru/sale/flat/322490247/
2026-01-14 14:24:42,224 - WARNING - 404 image found | offer_id=33213 | offer_url=https://bryansk.cian.ru/sale/flat/316906080/
2026-01-14 14:24:42,225 - WARNING - 404 image found | offer_id=33215 | offer_url=https://bryansk.cian.ru/sale/flat/313266772/
2026-01-14 14:24:42,226 - WARNING - 404 image found | offer_id=33232 | offer_url=https://bryansk.cian.ru/sale/flat/315849933/
2026-01-14 14:24:42,226 - WARNING - 404 image found | offer_id=33214 | offer_url=https://bryansk.cian.ru/sale/flat/315937706/
2026-01-14 14:24:42,228 - WARNING - 404 image found | offer_id=33216 | offer_url=https://bryansk.cian.ru/sale/flat/313266746/
2026-01-14 14:24:42,229 - WARNING - 404 image found | offer_id=33225 | offer_url=https://bryansk.cian.ru/sale/flat/318335715/
2026-01-14 14:24:42,229 - WARNING - 404 image found | offer_id=33223 | offer_url=https://bryansk.cian.ru/sale/flat/319816729/
2026-01-14 14:24:42,230 - WARNING - 404 image found | offer_id=33217 | offer_url=https://bryansk.cian.ru/sale/flat/313266727/
2026-01-14 14:24:42,231 - WARNING - 404 image found | offer_id=33222 | offer_url=https://bryansk.cian.ru/sale/flat/317758238/
2026-01-14 14:24:42,232 - WARNING - 404 image found | offer_id=33211 | offer_url=https://bryansk.cian.ru/sale/flat/322240103/
2026-01-14 14:24:42,234 - WARNING - 404 image found | offer_id=33224 | offer_url=https://bryansk.cian.ru/sale/flat/318335640/
2026-01-14 14:24:42,235 - WARNING - 404 image found | offer_id=33229 | offer_url=https://bryansk.cian.ru/sale/flat/318955380/
2026-01-14 14:24:42,238 - WARNING - 404 image found | offer_id=33233 | offer_url=https://bryansk.cian.ru/sale/flat/319133524/
2026-01-14 14:24:42,240 - WARNING - 404 image found | offer_id=33238 | offer_url=https://bryansk.cian.ru/sale/flat/320625671/
2026-01-14 14:24:42,241 - WARNING - 404 image found | offer_id=33234 | offer_url=https://bryansk.cian.ru/sale/flat/322490839/
2026-01-14 14:24:42,241 - WARNING - 404 image found | offer_id=33239 | offer_url=https://bryansk.cian.ru/sale/flat/320545971/
2026-01-14 14:24:42,244 - WARNING - 404 image found | offer_id=33247 | offer_url=https://bryansk.cian.ru/sale/flat/313266730/
2026-01-14 14:24:42,245 - WARNING - 404 image found | offer_id=33244 | offer_url=https://bryansk.cian.ru/sale/flat/313876523/
2026-01-14 14:24:42,249 - WARNING - 404 image found | offer_id=33245 | offer_url=https://bryansk.cian.ru/sale/flat/313266773/
2026-01-14 14:24:42,253 - WARNING - 404 image found | offer_id=33257 | offer_url=https://bryansk.cian.ru/sale/flat/323167023/
2026-01-14 14:24:42,254 - WARNING - 404 image found | offer_id=33255 | offer_url=https://bryansk.cian.ru/sale/flat/322124061/
2026-01-14 14:24:42,255 - WARNING - 404 image found | offer_id=33251 | offer_url=https://bryansk.cian.ru/sale/flat/316924060/
2026-01-14 14:24:42,258 - WARNING - 404 image found | offer_id=33237 | offer_url=https://bryansk.cian.ru/sale/flat/320770067/
2026-01-14 14:24:42,258 - WARNING - 404 image found | offer_id=33248 | offer_url=https://bryansk.cian.ru/sale/flat/300370763/
2026-01-14 14:24:42,258 - WARNING - 404 image found | offer_id=33243 | offer_url=https://bryansk.cian.ru/sale/flat/315213554/
2026-01-14 14:24:42,261 - WARNING - 404 image found | offer_id=33263 | offer_url=https://bryansk.cian.ru/sale/flat/320710673/
2026-01-14 14:24:42,262 - WARNING - 404 image found | offer_id=33265 | offer_url=https://bryansk.cian.ru/sale/flat/316904066/
2026-01-14 14:24:42,263 - WARNING - 404 image found | offer_id=33267 | offer_url=https://bryansk.cian.ru/sale/flat/314831727/
2026-01-14 14:24:42,263 - WARNING - 404 image found | offer_id=33270 | offer_url=https://bryansk.cian.ru/sale/flat/313266731/
2026-01-14 14:24:42,266 - WARNING - 404 image found | offer_id=33256 | offer_url=https://bryansk.cian.ru/sale/flat/320734398/
2026-01-14 14:24:42,267 - WARNING - 404 image found | offer_id=33266 | offer_url=https://bryansk.cian.ru/sale/flat/315775595/
2026-01-14 14:24:42,269 - WARNING - 404 image found | offer_id=33262 | offer_url=https://bryansk.cian.ru/sale/flat/322520793/
2026-01-14 14:24:42,270 - WARNING - 404 image found | offer_id=33221 | offer_url=https://bryansk.cian.ru/sale/flat/316790585/
2026-01-14 14:24:42,272 - WARNING - 404 image found | offer_id=33272 | offer_url=https://bryansk.cian.ru/sale/flat/313226652/
2026-01-14 14:24:42,272 - WARNING - 404 image found | offer_id=33268 | offer_url=https://bryansk.cian.ru/sale/flat/313266776/
2026-01-14 14:24:42,274 - WARNING - 404 image found | offer_id=33273 | offer_url=https://bryansk.cian.ru/sale/flat/313226641/
2026-01-14 14:24:42,277 - WARNING - 404 image found | offer_id=33275 | offer_url=https://bryansk.cian.ru/sale/flat/320734416/
2026-01-14 14:24:42,278 - WARNING - 404 image found | offer_id=33260 | offer_url=https://bryansk.cian.ru/sale/flat/315849943/
2026-01-14 14:24:42,279 - WARNING - 404 image found | offer_id=33278 | offer_url=https://bryansk.cian.ru/sale/flat/310864881/
2026-01-14 14:24:42,284 - WARNING - 404 image found | offer_id=33279 | offer_url=https://bryansk.cian.ru/sale/flat/311420741/
2026-01-14 14:24:42,285 - WARNING - 404 image found | offer_id=33282 | offer_url=https://bryansk.cian.ru/sale/flat/315849949/
2026-01-14 14:24:42,290 - WARNING - 404 image found | offer_id=33246 | offer_url=https://bryansk.cian.ru/sale/flat/313266748/
2026-01-14 14:24:42,291 - WARNING - 404 image found | offer_id=33286 | offer_url=https://bryansk.cian.ru/sale/flat/322490635/
2026-01-14 14:24:42,295 - WARNING - 404 image found | offer_id=33298 | offer_url=https://bryansk.cian.ru/sale/flat/316321940/
2026-01-14 14:24:42,296 - WARNING - 404 image found | offer_id=33276 | offer_url=https://bryansk.cian.ru/sale/flat/318335716/
2026-01-14 14:24:42,296 - WARNING - 404 image found | offer_id=33292 | offer_url=https://bryansk.cian.ru/sale/flat/313266751/
2026-01-14 14:24:42,299 - WARNING - 404 image found | offer_id=33291 | offer_url=https://bryansk.cian.ru/sale/flat/313266777/
2026-01-14 14:24:42,300 - WARNING - 404 image found | offer_id=33285 | offer_url=https://bryansk.cian.ru/sale/flat/322716840/
2026-01-14 14:24:42,301 - WARNING - 404 image found | offer_id=33294 | offer_url=https://bryansk.cian.ru/sale/flat/310727422/
2026-01-14 14:24:42,301 - WARNING - 404 image found | offer_id=33295 | offer_url=https://bryansk.cian.ru/sale/flat/313226670/
2026-01-14 14:24:42,302 - WARNING - 404 image found | offer_id=33271 | offer_url=https://bryansk.cian.ru/sale/flat/312232187/
2026-01-14 14:24:42,302 - WARNING - 404 image found | offer_id=33264 | offer_url=https://bryansk.cian.ru/sale/flat/316906104/
2026-01-14 14:24:42,303 - WARNING - 404 image found | offer_id=33300 | offer_url=https://bryansk.cian.ru/sale/flat/316333556/
2026-01-14 14:24:42,304 - WARNING - 404 image found | offer_id=33261 | offer_url=https://bryansk.cian.ru/sale/flat/319133526/
2026-01-14 14:24:42,309 - WARNING - 404 image found | offer_id=33293 | offer_url=https://bryansk.cian.ru/sale/flat/313266733/
2026-01-14 14:24:42,311 - WARNING - 404 image found | offer_id=33304 | offer_url=https://bryansk.cian.ru/sale/flat/322724847/
2026-01-14 14:24:42,311 - WARNING - 404 image found | offer_id=33287 | offer_url=https://bryansk.cian.ru/sale/flat/320708181/
2026-01-14 14:24:42,313 - WARNING - 404 image found | offer_id=33303 | offer_url=https://bryansk.cian.ru/sale/flat/323167193/
2026-01-14 14:24:42,315 - WARNING - 404 image found | offer_id=33305 | offer_url=https://bryansk.cian.ru/sale/flat/313266779/
2026-01-14 14:24:42,316 - WARNING - 404 image found | offer_id=33269 | offer_url=https://bryansk.cian.ru/sale/flat/313266750/
2026-01-14 14:24:42,317 - WARNING - 404 image found | offer_id=33288 | offer_url=https://bryansk.cian.ru/sale/flat/318335687/
2026-01-14 14:24:42,320 - WARNING - 404 image found | offer_id=33316 | offer_url=https://bryansk.cian.ru/sale/flat/315212850/
2026-01-14 14:24:42,320 - WARNING - 404 image found | offer_id=33315 | offer_url=https://bryansk.cian.ru/sale/flat/322292206/
2026-01-14 14:24:42,328 - WARNING - 404 image found | offer_id=33307 | offer_url=https://bryansk.cian.ru/sale/flat/313266734/
2026-01-14 14:24:42,329 - WARNING - 404 image found | offer_id=33320 | offer_url=https://bryansk.cian.ru/sale/flat/312235430/
2026-01-14 14:24:42,330 - WARNING - 404 image found | offer_id=33308 | offer_url=https://bryansk.cian.ru/sale/flat/313226685/
2026-01-14 14:24:42,332 - WARNING - 404 image found | offer_id=33318 | offer_url=https://bryansk.cian.ru/sale/flat/313266755/
2026-01-14 14:24:42,335 - WARNING - 404 image found | offer_id=33329 | offer_url=https://bryansk.cian.ru/sale/flat/323167406/
2026-01-14 14:24:42,335 - WARNING - 404 image found | offer_id=33322 | offer_url=https://bryansk.cian.ru/sale/flat/318332999/
2026-01-14 14:24:42,336 - WARNING - 404 image found | offer_id=33328 | offer_url=https://bryansk.cian.ru/sale/flat/323167226/
2026-01-14 14:24:42,337 - WARNING - 404 image found | offer_id=33325 | offer_url=https://bryansk.cian.ru/sale/flat/322833692/
2026-01-14 14:24:42,337 - WARNING - 404 image found | offer_id=33317 | offer_url=https://bryansk.cian.ru/sale/flat/313266781/
2026-01-14 14:24:42,338 - WARNING - 404 image found | offer_id=33309 | offer_url=https://bryansk.cian.ru/sale/flat/311420562/
2026-01-14 14:24:42,341 - WARNING - 404 image found | offer_id=33331 | offer_url=https://bryansk.cian.ru/sale/flat/322519064/
2026-01-14 14:24:42,347 - WARNING - 404 image found | offer_id=33306 | offer_url=https://bryansk.cian.ru/sale/flat/313266753/
2026-01-14 14:24:42,348 - WARNING - 404 image found | offer_id=33337 | offer_url=https://bryansk.cian.ru/sale/flat/313266756/
2026-01-14 14:24:42,349 - WARNING - 404 image found | offer_id=33339 | offer_url=https://bryansk.cian.ru/sale/flat/310864520/
2026-01-14 14:24:42,351 - WARNING - 404 image found | offer_id=33334 | offer_url=https://bryansk.cian.ru/sale/flat/315213448/
2026-01-14 14:24:42,355 - WARNING - 404 image found | offer_id=33345 | offer_url=https://bryansk.cian.ru/sale/flat/323167245/
2026-01-14 14:24:42,355 - WARNING - 404 image found | offer_id=33319 | offer_url=https://bryansk.cian.ru/sale/flat/313266735/
2026-01-14 14:24:42,356 - WARNING - 404 image found | offer_id=33348 | offer_url=https://bryansk.cian.ru/sale/flat/315213340/
2026-01-14 14:24:42,356 - WARNING - 404 image found | offer_id=33335 | offer_url=https://bryansk.cian.ru/sale/flat/313266782/
2026-01-14 14:24:42,357 - WARNING - 404 image found | offer_id=33338 | offer_url=https://bryansk.cian.ru/sale/flat/316924096/
2026-01-14 14:24:42,357 - WARNING - 404 image found | offer_id=33340 | offer_url=https://bryansk.cian.ru/sale/flat/311420444/
2026-01-14 14:24:42,359 - WARNING - 404 image found | offer_id=33344 | offer_url=https://bryansk.cian.ru/sale/flat/323167417/
2026-01-14 14:24:42,360 - WARNING - 404 image found | offer_id=33336 | offer_url=https://bryansk.cian.ru/sale/flat/313266736/
2026-01-14 14:24:42,360 - WARNING - 404 image found | offer_id=33350 | offer_url=https://bryansk.cian.ru/sale/flat/313266757/
2026-01-14 14:24:42,360 - WARNING - 404 image found | offer_id=33352 | offer_url=https://bryansk.cian.ru/sale/flat/310864566/
2026-01-14 14:24:42,364 - WARNING - 404 image found | offer_id=33347 | offer_url=https://bryansk.cian.ru/sale/flat/320710602/
2026-01-14 14:24:42,365 - WARNING - 404 image found | offer_id=33351 | offer_url=https://bryansk.cian.ru/sale/flat/313266737/
2026-01-14 14:24:42,366 - WARNING - 404 image found | offer_id=33353 | offer_url=https://bryansk.cian.ru/sale/flat/311420464/
2026-01-14 14:24:42,366 - WARNING - 404 image found | offer_id=33310 | offer_url=https://bryansk.cian.ru/sale/flat/310864975/
2026-01-14 14:24:42,367 - WARNING - 404 image found | offer_id=33349 | offer_url=https://bryansk.cian.ru/sale/flat/313266783/
2026-01-14 14:24:42,369 - WARNING - 404 image found | offer_id=33354 | offer_url=https://bryansk.cian.ru/sale/flat/313000227/
2026-01-14 14:24:42,369 - WARNING - 404 image found | offer_id=33357 | offer_url=https://bryansk.cian.ru/sale/flat/316924105/
2026-01-14 14:24:42,370 - WARNING - 404 image found | offer_id=33342 | offer_url=https://bryansk.cian.ru/sale/flat/323167013/
2026-01-14 14:24:42,379 - WARNING - 404 image found | offer_id=33355 | offer_url=https://bryansk.cian.ru/sale/flat/320734517/
2026-01-14 14:24:42,380 - WARNING - 404 image found | offer_id=33367 | offer_url=https://bryansk.cian.ru/sale/flat/313266758/
2026-01-14 14:24:42,381 - WARNING - 404 image found | offer_id=33368 | offer_url=https://bryansk.cian.ru/sale/flat/313266738/
2026-01-14 14:24:42,387 - WARNING - 404 image found | offer_id=33372 | offer_url=https://bryansk.cian.ru/sale/flat/320734536/
2026-01-14 14:24:42,388 - WARNING - 404 image found | offer_id=33375 | offer_url=https://bryansk.cian.ru/sale/flat/316191833/
2026-01-14 14:24:42,389 - WARNING - 404 image found | offer_id=33330 | offer_url=https://bryansk.cian.ru/sale/flat/322520878/
2026-01-14 14:24:42,390 - WARNING - 404 image found | offer_id=33366 | offer_url=https://bryansk.cian.ru/sale/flat/313279257/
2026-01-14 14:24:42,390 - WARNING - 404 image found | offer_id=33365 | offer_url=https://bryansk.cian.ru/sale/flat/320710618/
2026-01-14 14:24:42,391 - WARNING - 404 image found | offer_id=33374 | offer_url=https://bryansk.cian.ru/sale/flat/319193562/
2026-01-14 14:24:42,392 - WARNING - 404 image found | offer_id=33369 | offer_url=https://bryansk.cian.ru/sale/flat/312801765/
2026-01-14 14:24:42,393 - WARNING - 404 image found | offer_id=33363 | offer_url=https://bryansk.cian.ru/sale/flat/323167431/
2026-01-14 14:24:42,393 - WARNING - 404 image found | offer_id=33346 | offer_url=https://bryansk.cian.ru/sale/flat/322485463/
2026-01-14 14:24:42,398 - WARNING - 404 image found | offer_id=33376 | offer_url=https://bryansk.cian.ru/sale/flat/322845802/
2026-01-14 14:24:42,398 - WARNING - 404 image found | offer_id=33362 | offer_url=https://bryansk.cian.ru/sale/flat/323167256/
2026-01-14 14:24:42,399 - WARNING - 404 image found | offer_id=33382 | offer_url=https://bryansk.cian.ru/sale/flat/313266787/
2026-01-14 14:24:42,401 - WARNING - 404 image found | offer_id=33384 | offer_url=https://bryansk.cian.ru/sale/flat/313266740/
2026-01-14 14:24:42,403 - WARNING - 404 image found | offer_id=33364 | offer_url=https://bryansk.cian.ru/sale/flat/322517739/
2026-01-14 14:24:42,404 - WARNING - 404 image found | offer_id=33379 | offer_url=https://bryansk.cian.ru/sale/flat/323167267/
2026-01-14 14:24:42,410 - WARNING - 404 image found | offer_id=33386 | offer_url=https://bryansk.cian.ru/sale/flat/311420405/
2026-01-14 14:24:42,412 - WARNING - 404 image found | offer_id=33387 | offer_url=https://bryansk.cian.ru/sale/flat/310864661/
2026-01-14 14:24:42,413 - WARNING - 404 image found | offer_id=33380 | offer_url=https://bryansk.cian.ru/sale/flat/323318157/
2026-01-14 14:24:42,413 - WARNING - 404 image found | offer_id=33381 | offer_url=https://bryansk.cian.ru/sale/flat/323167446/
2026-01-14 14:24:42,415 - WARNING - 404 image found | offer_id=33392 | offer_url=https://bryansk.cian.ru/sale/flat/319258583/
2026-01-14 14:24:42,416 - WARNING - 404 image found | offer_id=33299 | offer_url=https://bryansk.cian.ru/sale/flat/318335719/
2026-01-14 14:24:42,416 - WARNING - 404 image found | offer_id=33389 | offer_url=https://bryansk.cian.ru/sale/flat/299939976/
2026-01-14 14:24:42,417 - WARNING - 404 image found | offer_id=33399 | offer_url=https://bryansk.cian.ru/sale/flat/313266790/
2026-01-14 14:24:42,420 - WARNING - 404 image found | offer_id=33390 | offer_url=https://bryansk.cian.ru/sale/flat/323167006/
2026-01-14 14:24:42,421 - WARNING - 404 image found | offer_id=33398 | offer_url=https://bryansk.cian.ru/sale/flat/316071478/
2026-01-14 14:24:42,422 - WARNING - 404 image found | offer_id=33397 | offer_url=https://bryansk.cian.ru/sale/flat/316071560/
2026-01-14 14:24:42,423 - WARNING - 404 image found | offer_id=33400 | offer_url=https://bryansk.cian.ru/sale/flat/313266762/
2026-01-14 14:24:42,428 - WARNING - 404 image found | offer_id=33395 | offer_url=https://bryansk.cian.ru/sale/flat/318843323/
2026-01-14 14:24:42,428 - WARNING - 404 image found | offer_id=33401 | offer_url=https://bryansk.cian.ru/sale/flat/313266741/
2026-01-14 14:24:42,430 - WARNING - 404 image found | offer_id=33356 | offer_url=https://bryansk.cian.ru/sale/flat/299939925/
2026-01-14 14:24:42,434 - WARNING - 404 image found | offer_id=33405 | offer_url=https://bryansk.cian.ru/sale/flat/310864712/
2026-01-14 14:24:42,435 - WARNING - 404 image found | offer_id=33406 | offer_url=https://bryansk.cian.ru/sale/flat/322835242/
2026-01-14 14:24:42,436 - WARNING - 404 image found | offer_id=33415 | offer_url=https://bryansk.cian.ru/sale/flat/316071425/
2026-01-14 14:24:42,440 - WARNING - 404 image found | offer_id=33420 | offer_url=https://bryansk.cian.ru/sale/flat/322172362/
2026-01-14 14:24:42,441 - WARNING - 404 image found | offer_id=33407 | offer_url=https://bryansk.cian.ru/sale/flat/322849916/
2026-01-14 14:24:42,443 - WARNING - 404 image found | offer_id=33404 | offer_url=https://bryansk.cian.ru/sale/flat/311420420/
2026-01-14 14:24:42,446 - WARNING - 404 image found | offer_id=33416 | offer_url=https://bryansk.cian.ru/sale/flat/318335668/
2026-01-14 14:24:42,447 - WARNING - 404 image found | offer_id=33408 | offer_url=https://bryansk.cian.ru/sale/flat/322833720/
2026-01-14 14:24:42,449 - WARNING - 404 image found | offer_id=33423 | offer_url=https://bryansk.cian.ru/sale/flat/315212812/
2026-01-14 14:24:42,456 - WARNING - 404 image found | offer_id=33409 | offer_url=https://bryansk.cian.ru/sale/flat/323167005/
2026-01-14 14:24:42,457 - WARNING - 404 image found | offer_id=33434 | offer_url=https://bryansk.cian.ru/sale/flat/322519303/
2026-01-14 14:24:42,458 - WARNING - 404 image found | offer_id=33435 | offer_url=https://bryansk.cian.ru/sale/flat/322489586/
2026-01-14 14:24:42,458 - WARNING - 404 image found | offer_id=33436 | offer_url=https://bryansk.cian.ru/sale/flat/322489465/
2026-01-14 14:24:42,459 - WARNING - 404 image found | offer_id=33433 | offer_url=https://bryansk.cian.ru/sale/flat/322519377/
2026-01-14 14:24:42,459 - WARNING - 404 image found | offer_id=33438 | offer_url=https://bryansk.cian.ru/sale/flat/322417686/
2026-01-14 14:24:42,461 - WARNING - 404 image found | offer_id=33428 | offer_url=https://bryansk.cian.ru/sale/flat/316072002/
2026-01-14 14:24:42,461 - WARNING - 404 image found | offer_id=33437 | offer_url=https://bryansk.cian.ru/sale/flat/322489775/
2026-01-14 14:24:42,462 - WARNING - 404 image found | offer_id=33440 | offer_url=https://bryansk.cian.ru/sale/flat/321065637/
2026-01-14 14:24:42,465 - WARNING - 404 image found | offer_id=33439 | offer_url=https://bryansk.cian.ru/sale/flat/321345700/
2026-01-14 14:24:42,466 - WARNING - 404 image found | offer_id=33427 | offer_url=https://bryansk.cian.ru/sale/flat/318335761/
2026-01-14 14:24:42,466 - WARNING - 404 image found | offer_id=33383 | offer_url=https://bryansk.cian.ru/sale/flat/313266761/
2026-01-14 14:24:42,469 - WARNING - 404 image found | offer_id=33444 | offer_url=https://bryansk.cian.ru/sale/flat/320709390/
2026-01-14 14:24:42,472 - WARNING - 404 image found | offer_id=33430 | offer_url=https://bryansk.cian.ru/sale/flat/323324852/
2026-01-14 14:24:42,476 - WARNING - 404 image found | offer_id=33450 | offer_url=https://bryansk.cian.ru/sale/flat/320667359/
2026-01-14 14:24:42,478 - WARNING - 404 image found | offer_id=33447 | offer_url=https://bryansk.cian.ru/sale/flat/320667699/
2026-01-14 14:24:42,480 - WARNING - 404 image found | offer_id=33455 | offer_url=https://bryansk.cian.ru/sale/flat/320566122/
2026-01-14 14:24:42,480 - WARNING - 404 image found | offer_id=33446 | offer_url=https://bryansk.cian.ru/sale/flat/320706826/
2026-01-14 14:24:42,483 - WARNING - 404 image found | offer_id=33413 | offer_url=https://bryansk.cian.ru/sale/flat/299939996/
2026-01-14 14:24:42,484 - WARNING - 404 image found | offer_id=33459 | offer_url=https://bryansk.cian.ru/sale/flat/320565926/
2026-01-14 14:24:42,486 - WARNING - 404 image found | offer_id=33453 | offer_url=https://bryansk.cian.ru/sale/flat/320637185/
2026-01-14 14:24:42,487 - WARNING - 404 image found | offer_id=33462 | offer_url=https://bryansk.cian.ru/sale/flat/320223760/
2026-01-14 14:24:42,489 - WARNING - 404 image found | offer_id=33425 | offer_url=https://bryansk.cian.ru/sale/flat/299939625/
2026-01-14 14:24:42,503 - WARNING - 404 image found | offer_id=33442 | offer_url=https://bryansk.cian.ru/sale/flat/320709862/
2026-01-14 14:24:42,504 - WARNING - 404 image found | offer_id=33461 | offer_url=https://bryansk.cian.ru/sale/flat/320544866/
2026-01-14 14:24:42,504 - WARNING - 404 image found | offer_id=33432 | offer_url=https://bryansk.cian.ru/sale/flat/323224029/
2026-01-14 14:24:42,504 - WARNING - 404 image found | offer_id=33443 | offer_url=https://bryansk.cian.ru/sale/flat/320709829/
2026-01-14 14:24:42,504 - WARNING - 404 image found | offer_id=33449 | offer_url=https://bryansk.cian.ru/sale/flat/320667527/
2026-01-14 14:24:42,505 - WARNING - 404 image found | offer_id=33466 | offer_url=https://bryansk.cian.ru/sale/flat/318990821/
2026-01-14 14:24:42,505 - WARNING - 404 image found | offer_id=33470 | offer_url=https://bryansk.cian.ru/sale/flat/317728425/
2026-01-14 14:24:42,506 - WARNING - 404 image found | offer_id=33456 | offer_url=https://bryansk.cian.ru/sale/flat/320566094/
2026-01-14 14:24:42,507 - WARNING - 404 image found | offer_id=33468 | offer_url=https://bryansk.cian.ru/sale/flat/318844211/
2026-01-14 14:24:42,508 - WARNING - 404 image found | offer_id=33473 | offer_url=https://bryansk.cian.ru/sale/flat/316073798/
2026-01-14 14:24:42,508 - WARNING - 404 image found | offer_id=33471 | offer_url=https://bryansk.cian.ru/sale/flat/317726416/
2026-01-14 14:24:42,518 - WARNING - 404 image found | offer_id=33457 | offer_url=https://bryansk.cian.ru/sale/flat/320566077/
2026-01-14 14:24:42,518 - WARNING - 404 image found | offer_id=33448 | offer_url=https://bryansk.cian.ru/sale/flat/320667662/
2026-01-14 14:24:42,518 - WARNING - 404 image found | offer_id=33472 | offer_url=https://bryansk.cian.ru/sale/flat/317725987/
2026-01-14 14:24:42,519 - WARNING - 404 image found | offer_id=33454 | offer_url=https://bryansk.cian.ru/sale/flat/320566132/
2026-01-14 14:24:42,519 - WARNING - 404 image found | offer_id=33469 | offer_url=https://bryansk.cian.ru/sale/flat/317730268/
2026-01-14 14:24:42,520 - WARNING - 404 image found | offer_id=33465 | offer_url=https://bryansk.cian.ru/sale/flat/319066812/
2026-01-14 14:24:42,522 - WARNING - 404 image found | offer_id=33476 | offer_url=https://bryansk.cian.ru/sale/flat/316072639/
2026-01-14 14:24:42,523 - WARNING - 404 image found | offer_id=33482 | offer_url=https://bryansk.cian.ru/sale/flat/303396381/
2026-01-14 14:24:42,524 - WARNING - 404 image found | offer_id=33480 | offer_url=https://bryansk.cian.ru/sale/flat/313590322/
2026-01-14 14:24:42,525 - WARNING - 404 image found | offer_id=33481 | offer_url=https://bryansk.cian.ru/sale/flat/312229520/
2026-01-14 14:24:42,528 - WARNING - 404 image found | offer_id=33486 | offer_url=https://www.cian.ru/sale/flat/323580097/
2026-01-14 14:24:42,529 - WARNING - 404 image found | offer_id=33483 | offer_url=https://bryansk.cian.ru/sale/flat/312724383/
2026-01-14 14:24:42,530 - WARNING - 404 image found | offer_id=33478 | offer_url=https://bryansk.cian.ru/sale/flat/315484513/
2026-01-14 14:24:42,532 - WARNING - 404 image found | offer_id=33441 | offer_url=https://bryansk.cian.ru/sale/flat/321064913/
2026-01-14 14:24:42,534 - WARNING - 404 image found | offer_id=33475 | offer_url=https://bryansk.cian.ru/sale/flat/316072857/
2026-01-14 14:24:42,537 - WARNING - 404 image found | offer_id=33477 | offer_url=https://bryansk.cian.ru/sale/flat/316072405/
2026-01-14 14:24:42,548 - WARNING - 404 image found | offer_id=33487 | offer_url=https://www.cian.ru/sale/flat/323573399/
2026-01-14 14:24:42,548 - WARNING - 404 image found | offer_id=33492 | offer_url=https://www.cian.ru/sale/flat/323561109/
2026-01-14 14:24:42,549 - WARNING - 404 image found | offer_id=33493 | offer_url=https://www.cian.ru/sale/flat/323558933/
2026-01-14 14:24:42,549 - WARNING - 404 image found | offer_id=33490 | offer_url=https://www.cian.ru/sale/flat/323562860/
2026-01-14 14:24:42,550 - WARNING - 404 image found | offer_id=33474 | offer_url=https://bryansk.cian.ru/sale/flat/316073165/
2026-01-14 14:24:42,550 - WARNING - 404 image found | offer_id=33488 | offer_url=https://www.cian.ru/sale/flat/323573351/
2026-01-14 14:24:42,550 - WARNING - 404 image found | offer_id=33496 | offer_url=https://www.cian.ru/sale/flat/323555429/
2026-01-14 14:24:42,551 - WARNING - 404 image found | offer_id=33501 | offer_url=https://www.cian.ru/sale/flat/323542049/
2026-01-14 14:24:42,552 - WARNING - 404 image found | offer_id=33485 | offer_url=https://www.cian.ru/sale/flat/323578777/
2026-01-14 14:24:42,553 - WARNING - 404 image found | offer_id=33502 | offer_url=https://www.cian.ru/sale/flat/323541510/
2026-01-14 14:24:42,557 - WARNING - 404 image found | offer_id=33505 | offer_url=https://www.cian.ru/sale/flat/323534820/
2026-01-14 14:24:42,558 - WARNING - 404 image found | offer_id=33506 | offer_url=https://www.cian.ru/sale/flat/323522579/
2026-01-14 14:24:42,567 - WARNING - 404 image found | offer_id=33463 | offer_url=https://bryansk.cian.ru/sale/flat/319818245/
2026-01-14 14:24:42,569 - WARNING - 404 image found | offer_id=33512 | offer_url=https://www.cian.ru/sale/flat/323466468/
2026-01-14 14:24:42,570 - WARNING - 404 image found | offer_id=33464 | offer_url=https://bryansk.cian.ru/sale/flat/319067318/
2026-01-14 14:24:42,571 - WARNING - 404 image found | offer_id=33519 | offer_url=https://www.cian.ru/sale/flat/323438531/
2026-01-14 14:24:42,572 - WARNING - 404 image found | offer_id=33521 | offer_url=https://www.cian.ru/sale/flat/323437160/
2026-01-14 14:24:42,576 - WARNING - 404 image found | offer_id=33529 | offer_url=https://www.cian.ru/sale/flat/323417376/
2026-01-14 14:24:42,578 - WARNING - 404 image found | offer_id=33510 | offer_url=https://www.cian.ru/sale/flat/323475108/
2026-01-14 14:24:42,579 - WARNING - 404 image found | offer_id=33531 | offer_url=https://www.cian.ru/sale/flat/323412771/
2026-01-14 14:24:42,580 - WARNING - 404 image found | offer_id=33523 | offer_url=https://www.cian.ru/sale/flat/323434269/
2026-01-14 14:24:42,581 - WARNING - 404 image found | offer_id=33513 | offer_url=https://www.cian.ru/sale/flat/323464271/
2026-01-14 14:24:42,582 - WARNING - 404 image found | offer_id=33528 | offer_url=https://www.cian.ru/sale/flat/323419630/
2026-01-14 14:24:42,583 - WARNING - 404 image found | offer_id=33527 | offer_url=https://www.cian.ru/sale/flat/323430382/
2026-01-14 14:24:42,586 - WARNING - 404 image found | offer_id=33532 | offer_url=https://www.cian.ru/sale/flat/323411223/
2026-01-14 14:24:42,586 - WARNING - 404 image found | offer_id=33518 | offer_url=https://www.cian.ru/sale/flat/323439738/
2026-01-14 14:24:42,587 - WARNING - 404 image found | offer_id=33534 | offer_url=https://www.cian.ru/sale/flat/323379472/
2026-01-14 14:24:42,587 - WARNING - 404 image found | offer_id=33537 | offer_url=https://www.cian.ru/sale/flat/323375105/
2026-01-14 14:24:42,588 - WARNING - 404 image found | offer_id=33540 | offer_url=https://www.cian.ru/sale/flat/323363401/
2026-01-14 14:24:42,588 - WARNING - 404 image found | offer_id=33536 | offer_url=https://www.cian.ru/sale/flat/323376022/
2026-01-14 14:24:42,589 - WARNING - 404 image found | offer_id=33522 | offer_url=https://www.cian.ru/sale/flat/323437077/
2026-01-14 14:24:42,590 - WARNING - 404 image found | offer_id=33543 | offer_url=https://www.cian.ru/sale/flat/323351906/
2026-01-14 14:24:42,595 - WARNING - 404 image found | offer_id=33549 | offer_url=https://www.cian.ru/sale/flat/323323245/
2026-01-14 14:24:42,595 - WARNING - 404 image found | offer_id=33541 | offer_url=https://www.cian.ru/sale/flat/323361737/
2026-01-14 14:24:42,600 - WARNING - 404 image found | offer_id=33542 | offer_url=https://www.cian.ru/sale/flat/323356833/
2026-01-14 14:24:42,601 - WARNING - 404 image found | offer_id=33548 | offer_url=https://www.cian.ru/sale/flat/323323877/
2026-01-14 14:24:42,605 - WARNING - 404 image found | offer_id=33562 | offer_url=https://www.cian.ru/sale/flat/323285802/
2026-01-14 14:24:42,611 - WARNING - 404 image found | offer_id=33565 | offer_url=https://www.cian.ru/sale/flat/323282424/
2026-01-14 14:24:42,613 - WARNING - 404 image found | offer_id=33567 | offer_url=https://www.cian.ru/sale/flat/323281276/
2026-01-14 14:24:42,614 - WARNING - 404 image found | offer_id=33554 | offer_url=https://www.cian.ru/sale/flat/323318366/
2026-01-14 14:24:42,615 - WARNING - 404 image found | offer_id=33564 | offer_url=https://www.cian.ru/sale/flat/323283590/
2026-01-14 14:24:42,616 - WARNING - 404 image found | offer_id=33569 | offer_url=https://www.cian.ru/sale/flat/323274276/
2026-01-14 14:24:42,620 - WARNING - 404 image found | offer_id=33573 | offer_url=https://www.cian.ru/sale/flat/323253821/
2026-01-14 14:24:42,625 - WARNING - 404 image found | offer_id=33574 | offer_url=https://www.cian.ru/sale/flat/323252400/
2026-01-14 14:24:42,627 - WARNING - 404 image found | offer_id=33568 | offer_url=https://www.cian.ru/sale/flat/323277195/
2026-01-14 14:24:42,631 - WARNING - 404 image found | offer_id=33583 | offer_url=https://www.cian.ru/sale/flat/323209633/
2026-01-14 14:24:42,633 - WARNING - 404 image found | offer_id=33582 | offer_url=https://www.cian.ru/sale/flat/323209754/
2026-01-14 14:24:42,634 - WARNING - 404 image found | offer_id=33556 | offer_url=https://www.cian.ru/sale/flat/323314881/
2026-01-14 14:24:42,637 - WARNING - 404 image found | offer_id=33551 | offer_url=https://www.cian.ru/sale/flat/323320839/
2026-01-14 14:24:42,637 - WARNING - 404 image found | offer_id=33545 | offer_url=https://www.cian.ru/sale/flat/323335880/
2026-01-14 14:24:42,638 - WARNING - 404 image found | offer_id=33592 | offer_url=https://www.cian.ru/sale/flat/323173022/
2026-01-14 14:24:42,650 - WARNING - 404 image found | offer_id=33595 | offer_url=https://www.cian.ru/sale/flat/323170641/
2026-01-14 14:24:42,652 - WARNING - 404 image found | offer_id=33559 | offer_url=https://www.cian.ru/sale/flat/323293740/
2026-01-14 14:24:42,652 - WARNING - 404 image found | offer_id=33524 | offer_url=https://www.cian.ru/sale/flat/323434033/
2026-01-14 14:24:42,654 - WARNING - 404 image found | offer_id=33599 | offer_url=https://www.cian.ru/sale/flat/323158601/
2026-01-14 14:24:42,655 - WARNING - 404 image found | offer_id=33610 | offer_url=https://www.cian.ru/sale/flat/323127351/
2026-01-14 14:24:42,655 - WARNING - 404 image found | offer_id=33581 | offer_url=https://www.cian.ru/sale/flat/323228201/
2026-01-14 14:24:42,656 - WARNING - 404 image found | offer_id=33563 | offer_url=https://www.cian.ru/sale/flat/323284247/
2026-01-14 14:24:42,659 - WARNING - 404 image found | offer_id=33596 | offer_url=https://www.cian.ru/sale/flat/323165050/
2026-01-14 14:24:42,659 - WARNING - 404 image found | offer_id=33609 | offer_url=https://www.cian.ru/sale/flat/323127367/
2026-01-14 14:24:42,662 - WARNING - 404 image found | offer_id=33611 | offer_url=https://www.cian.ru/sale/flat/323127160/
2026-01-14 14:24:42,664 - WARNING - 404 image found | offer_id=33591 | offer_url=https://www.cian.ru/sale/flat/323185479/
2026-01-14 14:24:42,665 - WARNING - 404 image found | offer_id=33612 | offer_url=https://www.cian.ru/sale/flat/323122579/
2026-01-14 14:24:42,669 - WARNING - 404 image found | offer_id=33620 | offer_url=https://www.cian.ru/sale/flat/323087150/
2026-01-14 14:24:42,672 - WARNING - 404 image found | offer_id=33458 | offer_url=https://bryansk.cian.ru/sale/flat/320565942/
2026-01-14 14:24:42,673 - WARNING - 404 image found | offer_id=33538 | offer_url=https://www.cian.ru/sale/flat/323374820/
2026-01-14 14:24:42,674 - WARNING - 404 image found | offer_id=33614 | offer_url=https://www.cian.ru/sale/flat/323111451/
2026-01-14 14:24:42,674 - WARNING - 404 image found | offer_id=33608 | offer_url=https://www.cian.ru/sale/flat/323129406/
2026-01-14 14:24:42,678 - WARNING - 404 image found | offer_id=33628 | offer_url=https://www.cian.ru/sale/flat/323052488/
2026-01-14 14:24:42,681 - WARNING - 404 image found | offer_id=33619 | offer_url=https://www.cian.ru/sale/flat/323091005/
2026-01-14 14:24:42,682 - WARNING - 404 image found | offer_id=33633 | offer_url=https://www.cian.ru/sale/flat/323037285/
2026-01-14 14:24:42,686 - WARNING - 404 image found | offer_id=33630 | offer_url=https://www.cian.ru/sale/flat/323043526/
2026-01-14 14:24:42,688 - WARNING - 404 image found | offer_id=33584 | offer_url=https://www.cian.ru/sale/flat/323208494/
2026-01-14 14:24:42,690 - WARNING - 404 image found | offer_id=33639 | offer_url=https://www.cian.ru/sale/flat/323012841/
2026-01-14 14:24:42,691 - WARNING - 404 image found | offer_id=33637 | offer_url=https://www.cian.ru/sale/flat/323026624/
2026-01-14 14:24:42,692 - WARNING - 404 image found | offer_id=33623 | offer_url=https://www.cian.ru/sale/flat/323072210/
2026-01-14 14:24:42,699 - WARNING - 404 image found | offer_id=33645 | offer_url=https://www.cian.ru/sale/flat/322970277/
2026-01-14 14:24:42,703 - WARNING - 404 image found | offer_id=33606 | offer_url=https://www.cian.ru/sale/flat/323135169/
2026-01-14 14:24:42,708 - WARNING - 404 image found | offer_id=33640 | offer_url=https://www.cian.ru/sale/flat/323007159/
2026-01-14 14:24:42,709 - WARNING - 404 image found | offer_id=33658 | offer_url=https://www.cian.ru/sale/flat/322933239/
2026-01-14 14:24:42,710 - WARNING - 404 image found | offer_id=33657 | offer_url=https://www.cian.ru/sale/flat/322934953/
2026-01-14 14:24:42,712 - WARNING - 404 image found | offer_id=33627 | offer_url=https://www.cian.ru/sale/flat/323053451/
2026-01-14 14:24:42,715 - WARNING - 404 image found | offer_id=33651 | offer_url=https://www.cian.ru/sale/flat/322956855/
2026-01-14 14:24:42,715 - WARNING - 404 image found | offer_id=33654 | offer_url=https://www.cian.ru/sale/flat/322945415/
2026-01-14 14:24:42,715 - WARNING - 404 image found | offer_id=33638 | offer_url=https://www.cian.ru/sale/flat/323025395/
2026-01-14 14:24:42,716 - WARNING - 404 image found | offer_id=33662 | offer_url=https://www.cian.ru/sale/flat/322928364/
2026-01-14 14:24:42,718 - WARNING - 404 image found | offer_id=33660 | offer_url=https://www.cian.ru/sale/flat/322928980/
2026-01-14 14:24:42,719 - WARNING - 404 image found | offer_id=33665 | offer_url=https://www.cian.ru/sale/flat/322915728/
2026-01-14 14:24:42,723 - WARNING - 404 image found | offer_id=33652 | offer_url=https://www.cian.ru/sale/flat/322949399/
2026-01-14 14:24:42,725 - WARNING - 404 image found | offer_id=33616 | offer_url=https://www.cian.ru/sale/flat/323097121/
2026-01-14 14:24:42,726 - WARNING - 404 image found | offer_id=33666 | offer_url=https://www.cian.ru/sale/flat/322915267/
2026-01-14 14:24:42,727 - WARNING - 404 image found | offer_id=33663 | offer_url=https://www.cian.ru/sale/flat/322926042/
2026-01-14 14:24:42,728 - WARNING - 404 image found | offer_id=33667 | offer_url=https://www.cian.ru/sale/flat/322897947/
2026-01-14 14:24:42,729 - WARNING - 404 image found | offer_id=33674 | offer_url=https://www.cian.ru/sale/flat/322875783/
2026-01-14 14:24:42,731 - WARNING - 404 image found | offer_id=33672 | offer_url=https://www.cian.ru/sale/flat/322880341/
2026-01-14 14:24:42,732 - WARNING - 404 image found | offer_id=33675 | offer_url=https://www.cian.ru/sale/flat/322870066/
2026-01-14 14:24:42,733 - WARNING - 404 image found | offer_id=33677 | offer_url=https://www.cian.ru/sale/flat/322869323/
2026-01-14 14:24:42,733 - WARNING - 404 image found | offer_id=33681 | offer_url=https://www.cian.ru/sale/flat/322859979/
2026-01-14 14:24:42,734 - WARNING - 404 image found | offer_id=33678 | offer_url=https://www.cian.ru/sale/flat/322865514/
2026-01-14 14:24:42,735 - WARNING - 404 image found | offer_id=33671 | offer_url=https://www.cian.ru/sale/flat/322887938/
2026-01-14 14:24:42,736 - WARNING - 404 image found | offer_id=33673 | offer_url=https://www.cian.ru/sale/flat/322880287/
2026-01-14 14:24:42,740 - WARNING - 404 image found | offer_id=33684 | offer_url=https://www.cian.ru/sale/flat/322856731/
2026-01-14 14:24:42,741 - WARNING - 404 image found | offer_id=33679 | offer_url=https://www.cian.ru/sale/flat/322860016/
2026-01-14 14:24:42,748 - WARNING - 404 image found | offer_id=33688 | offer_url=https://www.cian.ru/sale/flat/322845566/
2026-01-14 14:24:42,749 - WARNING - 404 image found | offer_id=33691 | offer_url=https://www.cian.ru/sale/flat/322842228/
2026-01-14 14:24:42,749 - WARNING - 404 image found | offer_id=33686 | offer_url=https://www.cian.ru/sale/flat/322849903/
2026-01-14 14:24:42,749 - WARNING - 404 image found | offer_id=33641 | offer_url=https://www.cian.ru/sale/flat/322977920/
2026-01-14 14:24:42,749 - WARNING - 404 image found | offer_id=33680 | offer_url=https://www.cian.ru/sale/flat/322860002/
2026-01-14 14:24:42,750 - WARNING - 404 image found | offer_id=33682 | offer_url=https://www.cian.ru/sale/flat/322859641/
2026-01-14 14:24:42,752 - WARNING - 404 image found | offer_id=33693 | offer_url=https://www.cian.ru/sale/flat/322826825/
2026-01-14 14:24:42,753 - WARNING - 404 image found | offer_id=33689 | offer_url=https://www.cian.ru/sale/flat/322844032/
2026-01-14 14:24:42,761 - WARNING - 404 image found | offer_id=33704 | offer_url=https://www.cian.ru/sale/flat/322767740/
2026-01-14 14:24:42,762 - WARNING - 404 image found | offer_id=33701 | offer_url=https://www.cian.ru/sale/flat/322774273/
2026-01-14 14:24:42,763 - WARNING - 404 image found | offer_id=33695 | offer_url=https://www.cian.ru/sale/flat/322816382/
2026-01-14 14:24:42,765 - WARNING - 404 image found | offer_id=33687 | offer_url=https://www.cian.ru/sale/flat/322848902/
2026-01-14 14:24:42,765 - WARNING - 404 image found | offer_id=33656 | offer_url=https://www.cian.ru/sale/flat/322934956/
2026-01-14 14:24:42,765 - WARNING - 404 image found | offer_id=33685 | offer_url=https://www.cian.ru/sale/flat/322855659/
2026-01-14 14:24:42,770 - WARNING - 404 image found | offer_id=33712 | offer_url=https://www.cian.ru/sale/flat/322705571/
2026-01-14 14:24:42,775 - WARNING - 404 image found | offer_id=33715 | offer_url=https://www.cian.ru/sale/flat/322703908/
2026-01-14 14:24:42,775 - WARNING - 404 image found | offer_id=33709 | offer_url=https://www.cian.ru/sale/flat/322736929/
2026-01-14 14:24:42,775 - WARNING - 404 image found | offer_id=33626 | offer_url=https://www.cian.ru/sale/flat/323054166/
2026-01-14 14:24:42,775 - WARNING - 404 image found | offer_id=33703 | offer_url=https://www.cian.ru/sale/flat/322768265/
2026-01-14 14:24:42,776 - WARNING - 404 image found | offer_id=33714 | offer_url=https://www.cian.ru/sale/flat/322704999/
2026-01-14 14:24:42,777 - WARNING - 404 image found | offer_id=33717 | offer_url=https://www.cian.ru/sale/flat/322697117/
2026-01-14 14:24:42,779 - WARNING - 404 image found | offer_id=33718 | offer_url=https://www.cian.ru/sale/flat/322689354/
2026-01-14 14:24:42,780 - WARNING - 404 image found | offer_id=33721 | offer_url=https://www.cian.ru/sale/flat/322658879/
2026-01-14 14:24:42,784 - WARNING - 404 image found | offer_id=33698 | offer_url=https://www.cian.ru/sale/flat/322790938/
2026-01-14 14:24:42,785 - WARNING - 404 image found | offer_id=33719 | offer_url=https://www.cian.ru/sale/flat/322666829/
2026-01-14 14:24:42,788 - WARNING - 404 image found | offer_id=33723 | offer_url=https://www.cian.ru/sale/flat/322650963/
2026-01-14 14:24:42,791 - WARNING - 404 image found | offer_id=33690 | offer_url=https://www.cian.ru/sale/flat/322843840/
2026-01-14 14:24:42,796 - WARNING - 404 image found | offer_id=33720 | offer_url=https://www.cian.ru/sale/flat/322663327/
2026-01-14 14:24:42,797 - WARNING - 404 image found | offer_id=33722 | offer_url=https://www.cian.ru/sale/flat/322656540/
2026-01-14 14:24:42,810 - WARNING - 404 image found | offer_id=33664 | offer_url=https://www.cian.ru/sale/flat/322924146/
2026-01-14 14:24:42,828 - WARNING - 404 image found | offer_id=33724 | offer_url=https://www.cian.ru/sale/flat/322649646/
2026-01-14 14:24:47,505 - WARNING - 404 image found | offer_id=33281 | offer_url=https://bryansk.cian.ru/sale/flat/323167181/
2026-01-14 14:24:47,523 - INFO - checked=5000, 404=3204, deleted=3200, deactivated=0, speed=196.4/s
2026-01-14 14:24:47,523 - INFO - Batch #11, last_id=33724
2026-01-14 14:24:47,548 - WARNING - 404 image found | offer_id=33739 | offer_url=https://www.cian.ru/sale/flat/322495426/
2026-01-14 14:24:47,550 - WARNING - 404 image found | offer_id=33730 | offer_url=https://www.cian.ru/sale/flat/322602447/
2026-01-14 14:24:47,551 - WARNING - 404 image found | offer_id=33743 | offer_url=https://www.cian.ru/sale/flat/322453830/
2026-01-14 14:24:47,551 - WARNING - 404 image found | offer_id=33732 | offer_url=https://www.cian.ru/sale/flat/322600572/
2026-01-14 14:24:47,552 - WARNING - 404 image found | offer_id=33742 | offer_url=https://www.cian.ru/sale/flat/322456422/
2026-01-14 14:24:47,553 - WARNING - 404 image found | offer_id=33746 | offer_url=https://www.cian.ru/sale/flat/322375728/
2026-01-14 14:24:47,554 - WARNING - 404 image found | offer_id=33727 | offer_url=https://www.cian.ru/sale/flat/322641265/
2026-01-14 14:24:47,554 - WARNING - 404 image found | offer_id=33735 | offer_url=https://www.cian.ru/sale/flat/322596085/
2026-01-14 14:24:47,558 - WARNING - 404 image found | offer_id=33725 | offer_url=https://www.cian.ru/sale/flat/322648232/
2026-01-14 14:24:47,558 - WARNING - 404 image found | offer_id=33749 | offer_url=https://www.cian.ru/sale/flat/322360705/
2026-01-14 14:24:47,558 - WARNING - 404 image found | offer_id=33736 | offer_url=https://www.cian.ru/sale/flat/322591308/
2026-01-14 14:24:47,559 - WARNING - 404 image found | offer_id=33754 | offer_url=https://www.cian.ru/sale/flat/322340323/
2026-01-14 14:24:47,560 - WARNING - 404 image found | offer_id=33745 | offer_url=https://www.cian.ru/sale/flat/322393263/
2026-01-14 14:24:47,571 - WARNING - 404 image found | offer_id=33769 | offer_url=https://www.cian.ru/sale/flat/322211153/
2026-01-14 14:24:47,572 - WARNING - 404 image found | offer_id=33765 | offer_url=https://www.cian.ru/sale/flat/322247530/
2026-01-14 14:24:47,574 - WARNING - 404 image found | offer_id=33771 | offer_url=https://www.cian.ru/sale/flat/322209040/
2026-01-14 14:24:47,578 - WARNING - 404 image found | offer_id=33779 | offer_url=https://www.cian.ru/sale/flat/322147194/
2026-01-14 14:24:47,579 - WARNING - 404 image found | offer_id=33773 | offer_url=https://www.cian.ru/sale/flat/322202942/
2026-01-14 14:24:47,580 - WARNING - 404 image found | offer_id=33782 | offer_url=https://www.cian.ru/sale/flat/322115913/
2026-01-14 14:24:47,580 - WARNING - 404 image found | offer_id=33751 | offer_url=https://www.cian.ru/sale/flat/322352915/
2026-01-14 14:24:47,583 - WARNING - 404 image found | offer_id=33768 | offer_url=https://www.cian.ru/sale/flat/322213806/
2026-01-14 14:24:47,583 - WARNING - 404 image found | offer_id=33784 | offer_url=https://www.cian.ru/sale/flat/322101585/
2026-01-14 14:24:47,586 - WARNING - 404 image found | offer_id=33786 | offer_url=https://www.cian.ru/sale/flat/322075013/
2026-01-14 14:24:47,587 - WARNING - 404 image found | offer_id=33777 | offer_url=https://www.cian.ru/sale/flat/322153669/
2026-01-14 14:24:47,587 - WARNING - 404 image found | offer_id=33791 | offer_url=https://www.cian.ru/sale/flat/321981636/
2026-01-14 14:24:47,589 - WARNING - 404 image found | offer_id=33795 | offer_url=https://www.cian.ru/sale/flat/321905112/
2026-01-14 14:24:47,589 - WARNING - 404 image found | offer_id=33748 | offer_url=https://www.cian.ru/sale/flat/322364905/
2026-01-14 14:24:47,590 - WARNING - 404 image found | offer_id=33783 | offer_url=https://www.cian.ru/sale/flat/322101656/
2026-01-14 14:24:47,593 - WARNING - 404 image found | offer_id=33798 | offer_url=https://www.cian.ru/sale/flat/321898917/
2026-01-14 14:24:47,596 - WARNING - 404 image found | offer_id=33800 | offer_url=https://www.cian.ru/sale/flat/321884746/
2026-01-14 14:24:47,600 - WARNING - 404 image found | offer_id=33797 | offer_url=https://www.cian.ru/sale/flat/321904166/
2026-01-14 14:24:47,603 - WARNING - 404 image found | offer_id=33803 | offer_url=https://www.cian.ru/sale/flat/321864128/
2026-01-14 14:24:47,603 - WARNING - 404 image found | offer_id=33813 | offer_url=https://www.cian.ru/sale/flat/321711456/
2026-01-14 14:24:47,604 - WARNING - 404 image found | offer_id=33729 | offer_url=https://www.cian.ru/sale/flat/322637688/
2026-01-14 14:24:47,605 - WARNING - 404 image found | offer_id=33808 | offer_url=https://www.cian.ru/sale/flat/321803952/
2026-01-14 14:24:47,606 - WARNING - 404 image found | offer_id=33812 | offer_url=https://www.cian.ru/sale/flat/321726977/
2026-01-14 14:24:47,609 - WARNING - 404 image found | offer_id=33820 | offer_url=https://www.cian.ru/sale/flat/321655182/
2026-01-14 14:24:47,610 - WARNING - 404 image found | offer_id=33815 | offer_url=https://www.cian.ru/sale/flat/321705426/
2026-01-14 14:24:47,618 - WARNING - 404 image found | offer_id=33787 | offer_url=https://www.cian.ru/sale/flat/322071557/
2026-01-14 14:24:47,626 - WARNING - 404 image found | offer_id=33828 | offer_url=https://www.cian.ru/sale/flat/321560022/
2026-01-14 14:24:47,628 - WARNING - 404 image found | offer_id=33843 | offer_url=https://www.cian.ru/sale/flat/321250451/
2026-01-14 14:24:47,631 - WARNING - 404 image found | offer_id=33818 | offer_url=https://www.cian.ru/sale/flat/321672827/
2026-01-14 14:24:47,634 - WARNING - 404 image found | offer_id=33766 | offer_url=https://www.cian.ru/sale/flat/322236684/
2026-01-14 14:24:47,637 - WARNING - 404 image found | offer_id=33845 | offer_url=https://www.cian.ru/sale/flat/321227979/
2026-01-14 14:24:47,638 - WARNING - 404 image found | offer_id=33850 | offer_url=https://www.cian.ru/sale/flat/321113377/
2026-01-14 14:24:47,639 - WARNING - 404 image found | offer_id=33854 | offer_url=https://www.cian.ru/sale/flat/321018953/
2026-01-14 14:24:47,643 - WARNING - 404 image found | offer_id=33855 | offer_url=https://www.cian.ru/sale/flat/321067160/
2026-01-14 14:24:47,645 - WARNING - 404 image found | offer_id=33856 | offer_url=https://www.cian.ru/sale/flat/321002464/
2026-01-14 14:24:47,649 - WARNING - 404 image found | offer_id=33860 | offer_url=https://www.cian.ru/sale/flat/320980612/
2026-01-14 14:24:47,650 - WARNING - 404 image found | offer_id=33829 | offer_url=https://www.cian.ru/sale/flat/321545708/
2026-01-14 14:24:47,654 - WARNING - 404 image found | offer_id=33816 | offer_url=https://www.cian.ru/sale/flat/321693761/
2026-01-14 14:24:47,658 - WARNING - 404 image found | offer_id=33831 | offer_url=https://www.cian.ru/sale/flat/321439906/
2026-01-14 14:24:47,658 - WARNING - 404 image found | offer_id=33871 | offer_url=https://www.cian.ru/sale/flat/320797595/
2026-01-14 14:24:47,662 - WARNING - 404 image found | offer_id=33830 | offer_url=https://www.cian.ru/sale/flat/321523567/
2026-01-14 14:24:47,666 - WARNING - 404 image found | offer_id=33807 | offer_url=https://www.cian.ru/sale/flat/321826551/
2026-01-14 14:24:47,670 - WARNING - 404 image found | offer_id=33810 | offer_url=https://www.cian.ru/sale/flat/321755049/
2026-01-14 14:24:47,671 - WARNING - 404 image found | offer_id=33891 | offer_url=https://www.cian.ru/sale/flat/320428091/
2026-01-14 14:24:47,672 - WARNING - 404 image found | offer_id=33890 | offer_url=https://www.cian.ru/sale/flat/320434067/
2026-01-14 14:24:47,674 - WARNING - 404 image found | offer_id=33893 | offer_url=https://www.cian.ru/sale/flat/320269124/
2026-01-14 14:24:47,676 - WARNING - 404 image found | offer_id=33858 | offer_url=https://www.cian.ru/sale/flat/320997934/
2026-01-14 14:24:47,677 - WARNING - 404 image found | offer_id=33899 | offer_url=https://www.cian.ru/sale/flat/320197299/
2026-01-14 14:24:47,679 - WARNING - 404 image found | offer_id=33882 | offer_url=https://www.cian.ru/sale/flat/320604791/
2026-01-14 14:24:47,680 - WARNING - 404 image found | offer_id=33869 | offer_url=https://www.cian.ru/sale/flat/320824755/
2026-01-14 14:24:47,682 - WARNING - 404 image found | offer_id=33894 | offer_url=https://www.cian.ru/sale/flat/320268114/
2026-01-14 14:24:47,695 - WARNING - 404 image found | offer_id=33881 | offer_url=https://www.cian.ru/sale/flat/320637559/
2026-01-14 14:24:47,696 - WARNING - 404 image found | offer_id=33906 | offer_url=https://www.cian.ru/sale/flat/320064839/
2026-01-14 14:24:47,697 - WARNING - 404 image found | offer_id=33917 | offer_url=https://www.cian.ru/sale/flat/319859569/
2026-01-14 14:24:47,712 - WARNING - 404 image found | offer_id=33926 | offer_url=https://www.cian.ru/sale/flat/319684846/
2026-01-14 14:24:47,713 - WARNING - 404 image found | offer_id=33877 | offer_url=https://www.cian.ru/sale/flat/320674193/
2026-01-14 14:24:47,713 - WARNING - 404 image found | offer_id=33927 | offer_url=https://www.cian.ru/sale/flat/319663032/
2026-01-14 14:24:47,715 - WARNING - 404 image found | offer_id=33931 | offer_url=https://www.cian.ru/sale/flat/319588375/
2026-01-14 14:24:47,716 - WARNING - 404 image found | offer_id=33919 | offer_url=https://www.cian.ru/sale/flat/319853486/
2026-01-14 14:24:47,723 - WARNING - 404 image found | offer_id=33935 | offer_url=https://www.cian.ru/sale/flat/319457395/
2026-01-14 14:24:47,734 - WARNING - 404 image found | offer_id=33895 | offer_url=https://www.cian.ru/sale/flat/320260228/
2026-01-14 14:24:47,737 - WARNING - 404 image found | offer_id=33947 | offer_url=https://www.cian.ru/sale/flat/318946676/
2026-01-14 14:24:47,737 - WARNING - 404 image found | offer_id=33950 | offer_url=https://www.cian.ru/sale/flat/318764226/
2026-01-14 14:24:47,738 - WARNING - 404 image found | offer_id=33945 | offer_url=https://www.cian.ru/sale/flat/319043976/
2026-01-14 14:24:47,741 - WARNING - 404 image found | offer_id=33948 | offer_url=https://www.cian.ru/sale/flat/318857629/
2026-01-14 14:24:47,743 - WARNING - 404 image found | offer_id=33956 | offer_url=https://www.cian.ru/sale/flat/318676645/
2026-01-14 14:24:47,743 - WARNING - 404 image found | offer_id=33873 | offer_url=https://www.cian.ru/sale/flat/320740644/
2026-01-14 14:24:47,745 - WARNING - 404 image found | offer_id=33938 | offer_url=https://www.cian.ru/sale/flat/319359052/
2026-01-14 14:24:47,747 - WARNING - 404 image found | offer_id=33914 | offer_url=https://www.cian.ru/sale/flat/319897412/
2026-01-14 14:24:47,748 - WARNING - 404 image found | offer_id=33951 | offer_url=https://www.cian.ru/sale/flat/318748314/
2026-01-14 14:24:47,749 - WARNING - 404 image found | offer_id=33953 | offer_url=https://www.cian.ru/sale/flat/318702084/
2026-01-14 14:24:47,751 - WARNING - 404 image found | offer_id=33960 | offer_url=https://www.cian.ru/sale/flat/318563992/
2026-01-14 14:24:47,757 - WARNING - 404 image found | offer_id=33964 | offer_url=https://www.cian.ru/sale/flat/318506282/
2026-01-14 14:24:47,758 - WARNING - 404 image found | offer_id=33937 | offer_url=https://www.cian.ru/sale/flat/319386979/
2026-01-14 14:24:47,760 - WARNING - 404 image found | offer_id=33965 | offer_url=https://www.cian.ru/sale/flat/318369973/
2026-01-14 14:24:47,760 - WARNING - 404 image found | offer_id=33936 | offer_url=https://www.cian.ru/sale/flat/319415186/
2026-01-14 14:24:47,761 - WARNING - 404 image found | offer_id=33966 | offer_url=https://www.cian.ru/sale/flat/318325908/
2026-01-14 14:24:47,766 - WARNING - 404 image found | offer_id=33977 | offer_url=https://www.cian.ru/sale/flat/317929214/
2026-01-14 14:24:47,767 - WARNING - 404 image found | offer_id=33970 | offer_url=https://www.cian.ru/sale/flat/318287547/
2026-01-14 14:24:47,768 - WARNING - 404 image found | offer_id=33978 | offer_url=https://www.cian.ru/sale/flat/318094047/
2026-01-14 14:24:47,769 - WARNING - 404 image found | offer_id=33985 | offer_url=https://www.cian.ru/sale/flat/317550468/
2026-01-14 14:24:47,769 - WARNING - 404 image found | offer_id=33976 | offer_url=https://www.cian.ru/sale/flat/318124127/
2026-01-14 14:24:47,775 - WARNING - 404 image found | offer_id=33902 | offer_url=https://www.cian.ru/sale/flat/320178134/
2026-01-14 14:24:47,778 - WARNING - 404 image found | offer_id=33986 | offer_url=https://www.cian.ru/sale/flat/317420041/
2026-01-14 14:24:47,782 - WARNING - 404 image found | offer_id=33993 | offer_url=https://www.cian.ru/sale/flat/316743783/
2026-01-14 14:24:47,784 - WARNING - 404 image found | offer_id=33981 | offer_url=https://www.cian.ru/sale/flat/317829819/
2026-01-14 14:24:47,788 - WARNING - 404 image found | offer_id=33984 | offer_url=https://www.cian.ru/sale/flat/317600031/
2026-01-14 14:24:47,789 - WARNING - 404 image found | offer_id=33923 | offer_url=https://www.cian.ru/sale/flat/319786384/
2026-01-14 14:24:47,790 - WARNING - 404 image found | offer_id=33940 | offer_url=https://www.cian.ru/sale/flat/319329696/
2026-01-14 14:24:47,791 - WARNING - 404 image found | offer_id=33973 | offer_url=https://www.cian.ru/sale/flat/318180528/
2026-01-14 14:24:47,791 - WARNING - 404 image found | offer_id=33995 | offer_url=https://www.cian.ru/sale/flat/316697041/
2026-01-14 14:24:47,792 - WARNING - 404 image found | offer_id=34002 | offer_url=https://www.cian.ru/sale/flat/316239174/
2026-01-14 14:24:47,794 - WARNING - 404 image found | offer_id=33975 | offer_url=https://www.cian.ru/sale/flat/318165420/
2026-01-14 14:24:47,795 - WARNING - 404 image found | offer_id=34006 | offer_url=https://www.cian.ru/sale/flat/315861963/
2026-01-14 14:24:47,796 - WARNING - 404 image found | offer_id=34009 | offer_url=https://www.cian.ru/sale/flat/315703996/
2026-01-14 14:24:47,798 - WARNING - 404 image found | offer_id=34000 | offer_url=https://www.cian.ru/sale/flat/316329656/
2026-01-14 14:24:47,799 - WARNING - 404 image found | offer_id=33997 | offer_url=https://www.cian.ru/sale/flat/316577108/
2026-01-14 14:24:47,799 - WARNING - 404 image found | offer_id=33969 | offer_url=https://www.cian.ru/sale/flat/318289124/
2026-01-14 14:24:47,799 - WARNING - 404 image found | offer_id=34001 | offer_url=https://www.cian.ru/sale/flat/316299532/
2026-01-14 14:24:47,802 - WARNING - 404 image found | offer_id=34005 | offer_url=https://www.cian.ru/sale/flat/315901366/
2026-01-14 14:24:47,804 - WARNING - 404 image found | offer_id=34012 | offer_url=https://www.cian.ru/sale/flat/315611861/
2026-01-14 14:24:47,818 - WARNING - 404 image found | offer_id=34020 | offer_url=https://www.cian.ru/sale/flat/314952329/
2026-01-14 14:24:47,820 - WARNING - 404 image found | offer_id=34010 | offer_url=https://www.cian.ru/sale/flat/315633996/
2026-01-14 14:24:47,820 - WARNING - 404 image found | offer_id=33983 | offer_url=https://www.cian.ru/sale/flat/317693726/
2026-01-14 14:24:47,820 - WARNING - 404 image found | offer_id=34019 | offer_url=https://www.cian.ru/sale/flat/315011996/
2026-01-14 14:24:47,820 - WARNING - 404 image found | offer_id=33994 | offer_url=https://www.cian.ru/sale/flat/316732413/
2026-01-14 14:24:47,821 - WARNING - 404 image found | offer_id=34015 | offer_url=https://www.cian.ru/sale/flat/315474102/
2026-01-14 14:24:47,822 - WARNING - 404 image found | offer_id=34031 | offer_url=https://www.cian.ru/sale/flat/310881317/
2026-01-14 14:24:47,825 - WARNING - 404 image found | offer_id=34014 | offer_url=https://www.cian.ru/sale/flat/315503365/
2026-01-14 14:24:47,832 - WARNING - 404 image found | offer_id=34029 | offer_url=https://www.cian.ru/sale/flat/311299835/
2026-01-14 14:24:47,836 - WARNING - 404 image found | offer_id=34041 | offer_url=https://www.cian.ru/sale/flat/307274592/
2026-01-14 14:24:47,838 - WARNING - 404 image found | offer_id=34043 | offer_url=https://www.cian.ru/sale/flat/306839291/
2026-01-14 14:24:47,844 - WARNING - 404 image found | offer_id=34018 | offer_url=https://www.cian.ru/sale/flat/315161986/
2026-01-14 14:24:47,846 - WARNING - 404 image found | offer_id=34059 | offer_url=https://www.cian.ru/sale/flat/298427231/
2026-01-14 14:24:47,850 - WARNING - 404 image found | offer_id=34045 | offer_url=https://www.cian.ru/sale/flat/305575753/
2026-01-14 14:24:47,852 - WARNING - 404 image found | offer_id=34068 | offer_url=https://www.cian.ru/sale/flat/279064716/
2026-01-14 14:24:47,855 - WARNING - 404 image found | offer_id=34070 | offer_url=https://www.cian.ru/sale/flat/276894966/
2026-01-14 14:24:47,860 - WARNING - 404 image found | offer_id=34077 | offer_url=https://www.cian.ru/sale/flat/323577190/
2026-01-14 14:24:47,861 - WARNING - 404 image found | offer_id=34073 | offer_url=https://www.cian.ru/sale/flat/323580464/
2026-01-14 14:24:47,861 - WARNING - 404 image found | offer_id=34071 | offer_url=https://www.cian.ru/sale/flat/269891808/
2026-01-14 14:24:47,862 - WARNING - 404 image found | offer_id=34079 | offer_url=https://www.cian.ru/sale/flat/323576864/
2026-01-14 14:24:47,864 - WARNING - 404 image found | offer_id=34072 | offer_url=https://www.cian.ru/sale/flat/263717738/
2026-01-14 14:24:47,865 - WARNING - 404 image found | offer_id=34048 | offer_url=https://www.cian.ru/sale/flat/305410378/
2026-01-14 14:24:47,865 - WARNING - 404 image found | offer_id=34083 | offer_url=https://www.cian.ru/sale/flat/323574407/
2026-01-14 14:24:47,866 - WARNING - 404 image found | offer_id=34082 | offer_url=https://www.cian.ru/sale/flat/323561168/
2026-01-14 14:24:47,868 - WARNING - 404 image found | offer_id=34084 | offer_url=https://www.cian.ru/sale/flat/323559095/
2026-01-14 14:24:47,871 - WARNING - 404 image found | offer_id=34081 | offer_url=https://www.cian.ru/sale/flat/323575693/
2026-01-14 14:24:47,878 - WARNING - 404 image found | offer_id=34091 | offer_url=https://www.cian.ru/sale/flat/323550859/
2026-01-14 14:24:47,879 - WARNING - 404 image found | offer_id=34056 | offer_url=https://www.cian.ru/sale/flat/299214436/
2026-01-14 14:24:47,880 - WARNING - 404 image found | offer_id=34092 | offer_url=https://www.cian.ru/sale/flat/323550578/
2026-01-14 14:24:47,881 - WARNING - 404 image found | offer_id=34097 | offer_url=https://www.cian.ru/sale/flat/323539932/
2026-01-14 14:24:47,883 - WARNING - 404 image found | offer_id=34096 | offer_url=https://www.cian.ru/sale/flat/323540623/
2026-01-14 14:24:47,885 - WARNING - 404 image found | offer_id=34003 | offer_url=https://www.cian.ru/sale/flat/315935990/
2026-01-14 14:24:47,887 - WARNING - 404 image found | offer_id=34101 | offer_url=https://www.cian.ru/sale/flat/323525737/
2026-01-14 14:24:47,888 - WARNING - 404 image found | offer_id=34099 | offer_url=https://www.cian.ru/sale/flat/323536040/
2026-01-14 14:24:47,889 - WARNING - 404 image found | offer_id=34104 | offer_url=https://www.cian.ru/sale/flat/323521759/
2026-01-14 14:24:47,890 - WARNING - 404 image found | offer_id=34076 | offer_url=https://www.cian.ru/sale/flat/323578592/
2026-01-14 14:24:47,891 - WARNING - 404 image found | offer_id=34105 | offer_url=https://www.cian.ru/sale/flat/323516756/
2026-01-14 14:24:47,894 - WARNING - 404 image found | offer_id=34100 | offer_url=https://www.cian.ru/sale/flat/323535596/
2026-01-14 14:24:47,900 - WARNING - 404 image found | offer_id=34109 | offer_url=https://www.cian.ru/sale/flat/323490291/
2026-01-14 14:24:47,901 - WARNING - 404 image found | offer_id=34078 | offer_url=https://www.cian.ru/sale/flat/323577033/
2026-01-14 14:24:47,901 - WARNING - 404 image found | offer_id=34114 | offer_url=https://www.cian.ru/sale/flat/323481393/
2026-01-14 14:24:47,903 - WARNING - 404 image found | offer_id=34075 | offer_url=https://www.cian.ru/sale/flat/323578844/
2026-01-14 14:24:47,903 - WARNING - 404 image found | offer_id=34112 | offer_url=https://www.cian.ru/sale/flat/323481407/
2026-01-14 14:24:47,908 - WARNING - 404 image found | offer_id=34118 | offer_url=https://www.cian.ru/sale/flat/323474005/
2026-01-14 14:24:47,908 - WARNING - 404 image found | offer_id=34116 | offer_url=https://www.cian.ru/sale/flat/323481379/
2026-01-14 14:24:47,908 - WARNING - 404 image found | offer_id=34108 | offer_url=https://www.cian.ru/sale/flat/323492435/
2026-01-14 14:24:47,909 - WARNING - 404 image found | offer_id=34115 | offer_url=https://www.cian.ru/sale/flat/323481385/
2026-01-14 14:24:47,909 - WARNING - 404 image found | offer_id=34111 | offer_url=https://www.cian.ru/sale/flat/323481416/
2026-01-14 14:24:47,910 - WARNING - 404 image found | offer_id=34121 | offer_url=https://www.cian.ru/sale/flat/323471326/
2026-01-14 14:24:47,910 - WARNING - 404 image found | offer_id=34127 | offer_url=https://www.cian.ru/sale/flat/323464629/
2026-01-14 14:24:47,910 - WARNING - 404 image found | offer_id=34123 | offer_url=https://www.cian.ru/sale/flat/323469215/
2026-01-14 14:24:47,911 - WARNING - 404 image found | offer_id=34124 | offer_url=https://www.cian.ru/sale/flat/323467483/
2026-01-14 14:24:47,912 - WARNING - 404 image found | offer_id=34129 | offer_url=https://www.cian.ru/sale/flat/323464259/
2026-01-14 14:24:47,912 - WARNING - 404 image found | offer_id=34119 | offer_url=https://www.cian.ru/sale/flat/323474190/
2026-01-14 14:24:47,914 - WARNING - 404 image found | offer_id=34130 | offer_url=https://www.cian.ru/sale/flat/323464182/
2026-01-14 14:24:47,916 - WARNING - 404 image found | offer_id=34131 | offer_url=https://www.cian.ru/sale/flat/323461518/
2026-01-14 14:24:47,919 - WARNING - 404 image found | offer_id=34133 | offer_url=https://www.cian.ru/sale/flat/323460407/
2026-01-14 14:24:47,925 - WARNING - 404 image found | offer_id=34126 | offer_url=https://www.cian.ru/sale/flat/323465548/
2026-01-14 14:24:47,927 - WARNING - 404 image found | offer_id=34132 | offer_url=https://www.cian.ru/sale/flat/323461227/
2026-01-14 14:24:47,927 - WARNING - 404 image found | offer_id=34141 | offer_url=https://www.cian.ru/sale/flat/323426355/
2026-01-14 14:24:47,928 - WARNING - 404 image found | offer_id=34140 | offer_url=https://www.cian.ru/sale/flat/323429626/
2026-01-14 14:24:47,928 - WARNING - 404 image found | offer_id=34113 | offer_url=https://www.cian.ru/sale/flat/323481401/
2026-01-14 14:24:47,930 - WARNING - 404 image found | offer_id=34144 | offer_url=https://www.cian.ru/sale/flat/323414045/
2026-01-14 14:24:47,931 - WARNING - 404 image found | offer_id=34125 | offer_url=https://www.cian.ru/sale/flat/323466249/
2026-01-14 14:24:47,932 - WARNING - 404 image found | offer_id=34139 | offer_url=https://www.cian.ru/sale/flat/323434780/
2026-01-14 14:24:47,933 - WARNING - 404 image found | offer_id=34137 | offer_url=https://www.cian.ru/sale/flat/323439482/
2026-01-14 14:24:47,937 - WARNING - 404 image found | offer_id=34152 | offer_url=https://www.cian.ru/sale/flat/323400940/
2026-01-14 14:24:47,937 - WARNING - 404 image found | offer_id=34153 | offer_url=https://www.cian.ru/sale/flat/323395476/
2026-01-14 14:24:47,941 - WARNING - 404 image found | offer_id=34120 | offer_url=https://www.cian.ru/sale/flat/323471869/
2026-01-14 14:24:47,943 - WARNING - 404 image found | offer_id=34147 | offer_url=https://www.cian.ru/sale/flat/323419381/
2026-01-14 14:24:47,946 - WARNING - 404 image found | offer_id=34160 | offer_url=https://www.cian.ru/sale/flat/323384395/
2026-01-14 14:24:47,950 - WARNING - 404 image found | offer_id=34151 | offer_url=https://www.cian.ru/sale/flat/323400941/
2026-01-14 14:24:47,952 - WARNING - 404 image found | offer_id=34170 | offer_url=https://www.cian.ru/sale/flat/323367568/
2026-01-14 14:24:47,956 - WARNING - 404 image found | offer_id=34173 | offer_url=https://www.cian.ru/sale/flat/323345834/
2026-01-14 14:24:47,956 - WARNING - 404 image found | offer_id=34172 | offer_url=https://www.cian.ru/sale/flat/323349476/
2026-01-14 14:24:47,957 - WARNING - 404 image found | offer_id=34136 | offer_url=https://www.cian.ru/sale/flat/323439622/
2026-01-14 14:24:47,958 - WARNING - 404 image found | offer_id=34178 | offer_url=https://www.cian.ru/sale/flat/323329977/
2026-01-14 14:24:47,960 - WARNING - 404 image found | offer_id=34179 | offer_url=https://www.cian.ru/sale/flat/323329645/
2026-01-14 14:24:47,960 - WARNING - 404 image found | offer_id=34161 | offer_url=https://www.cian.ru/sale/flat/323382622/
2026-01-14 14:24:47,962 - WARNING - 404 image found | offer_id=34149 | offer_url=https://www.cian.ru/sale/flat/323404993/
2026-01-14 14:24:47,963 - WARNING - 404 image found | offer_id=34181 | offer_url=https://www.cian.ru/sale/flat/323325516/
2026-01-14 14:24:47,963 - WARNING - 404 image found | offer_id=34180 | offer_url=https://www.cian.ru/sale/flat/323326825/
2026-01-14 14:24:47,964 - WARNING - 404 image found | offer_id=34177 | offer_url=https://www.cian.ru/sale/flat/323330898/
2026-01-14 14:24:47,966 - WARNING - 404 image found | offer_id=34175 | offer_url=https://www.cian.ru/sale/flat/323335631/
2026-01-14 14:24:47,971 - WARNING - 404 image found | offer_id=34057 | offer_url=https://www.cian.ru/sale/flat/298620411/
2026-01-14 14:24:47,972 - WARNING - 404 image found | offer_id=34159 | offer_url=https://www.cian.ru/sale/flat/323391915/
2026-01-14 14:24:47,974 - WARNING - 404 image found | offer_id=34134 | offer_url=https://www.cian.ru/sale/flat/323441222/
2026-01-14 14:24:47,980 - WARNING - 404 image found | offer_id=34192 | offer_url=https://www.cian.ru/sale/flat/323307072/
2026-01-14 14:24:47,984 - WARNING - 404 image found | offer_id=34194 | offer_url=https://www.cian.ru/sale/flat/323286155/
2026-01-14 14:24:47,984 - WARNING - 404 image found | offer_id=34187 | offer_url=https://www.cian.ru/sale/flat/323312492/
2026-01-14 14:24:47,985 - WARNING - 404 image found | offer_id=34189 | offer_url=https://www.cian.ru/sale/flat/323311942/
2026-01-14 14:24:47,986 - WARNING - 404 image found | offer_id=34176 | offer_url=https://www.cian.ru/sale/flat/323335029/
2026-01-14 14:24:47,986 - WARNING - 404 image found | offer_id=34199 | offer_url=https://www.cian.ru/sale/flat/323283487/
2026-01-14 14:24:47,986 - WARNING - 404 image found | offer_id=34209 | offer_url=https://www.cian.ru/sale/flat/323266240/
2026-01-14 14:24:47,987 - WARNING - 404 image found | offer_id=34200 | offer_url=https://www.cian.ru/sale/flat/323282202/
2026-01-14 14:24:47,987 - WARNING - 404 image found | offer_id=34201 | offer_url=https://www.cian.ru/sale/flat/323279515/
2026-01-14 14:24:47,990 - WARNING - 404 image found | offer_id=34202 | offer_url=https://www.cian.ru/sale/flat/323279138/
2026-01-14 14:24:47,990 - WARNING - 404 image found | offer_id=34207 | offer_url=https://www.cian.ru/sale/flat/323269267/
2026-01-14 14:24:47,991 - WARNING - 404 image found | offer_id=34193 | offer_url=https://www.cian.ru/sale/flat/323289875/
2026-01-14 14:24:47,993 - WARNING - 404 image found | offer_id=34211 | offer_url=https://www.cian.ru/sale/flat/323264002/
2026-01-14 14:24:47,994 - WARNING - 404 image found | offer_id=34206 | offer_url=https://www.cian.ru/sale/flat/323270598/
2026-01-14 14:24:47,995 - WARNING - 404 image found | offer_id=34208 | offer_url=https://www.cian.ru/sale/flat/323268096/
2026-01-14 14:24:47,995 - WARNING - 404 image found | offer_id=34217 | offer_url=https://www.cian.ru/sale/flat/323256474/
2026-01-14 14:24:47,998 - WARNING - 404 image found | offer_id=34216 | offer_url=https://www.cian.ru/sale/flat/323260964/
2026-01-14 14:24:48,009 - WARNING - 404 image found | offer_id=34205 | offer_url=https://www.cian.ru/sale/flat/323276773/
2026-01-14 14:24:48,009 - WARNING - 404 image found | offer_id=34222 | offer_url=https://www.cian.ru/sale/flat/323249808/
2026-01-14 14:24:48,015 - WARNING - 404 image found | offer_id=34210 | offer_url=https://www.cian.ru/sale/flat/323265650/
2026-01-14 14:24:48,015 - WARNING - 404 image found | offer_id=34219 | offer_url=https://www.cian.ru/sale/flat/323251240/
2026-01-14 14:24:48,017 - WARNING - 404 image found | offer_id=34225 | offer_url=https://www.cian.ru/sale/flat/323237773/
2026-01-14 14:24:48,017 - WARNING - 404 image found | offer_id=34221 | offer_url=https://www.cian.ru/sale/flat/323250414/
2026-01-14 14:24:48,018 - WARNING - 404 image found | offer_id=34236 | offer_url=https://www.cian.ru/sale/flat/323222075/
2026-01-14 14:24:48,018 - WARNING - 404 image found | offer_id=34235 | offer_url=https://www.cian.ru/sale/flat/323222076/
2026-01-14 14:24:48,018 - WARNING - 404 image found | offer_id=34234 | offer_url=https://www.cian.ru/sale/flat/323225568/
2026-01-14 14:24:48,019 - WARNING - 404 image found | offer_id=34247 | offer_url=https://www.cian.ru/sale/flat/323188976/
2026-01-14 14:24:48,019 - WARNING - 404 image found | offer_id=34237 | offer_url=https://www.cian.ru/sale/flat/323221899/
2026-01-14 14:24:48,020 - WARNING - 404 image found | offer_id=34241 | offer_url=https://www.cian.ru/sale/flat/323195610/
2026-01-14 14:24:48,025 - WARNING - 404 image found | offer_id=34249 | offer_url=https://www.cian.ru/sale/flat/323183600/
2026-01-14 14:24:48,026 - WARNING - 404 image found | offer_id=34243 | offer_url=https://www.cian.ru/sale/flat/323192764/
2026-01-14 14:24:48,032 - WARNING - 404 image found | offer_id=34248 | offer_url=https://www.cian.ru/sale/flat/323177712/
2026-01-14 14:24:48,034 - WARNING - 404 image found | offer_id=34252 | offer_url=https://www.cian.ru/sale/flat/323177654/
2026-01-14 14:24:48,039 - WARNING - 404 image found | offer_id=34242 | offer_url=https://www.cian.ru/sale/flat/323194106/
2026-01-14 14:24:48,061 - WARNING - 404 image found | offer_id=34165 | offer_url=https://www.cian.ru/sale/flat/323376736/
2026-01-14 14:24:48,066 - WARNING - 404 image found | offer_id=34251 | offer_url=https://www.cian.ru/sale/flat/323170691/
2026-01-14 14:24:48,148 - WARNING - 404 image found | offer_id=34257 | offer_url=https://www.cian.ru/sale/flat/323168833/
2026-01-14 14:24:48,262 - WARNING - 404 image found | offer_id=34245 | offer_url=https://www.cian.ru/sale/flat/323190370/
2026-01-14 14:24:48,276 - INFO - checked=5500, 404=3443, deleted=3400, deactivated=0, speed=209.8/s
2026-01-14 14:24:48,276 - INFO - Batch #12, last_id=34258
2026-01-14 14:24:48,300 - WARNING - 404 image found | offer_id=34267 | offer_url=https://www.cian.ru/sale/flat/323159451/
2026-01-14 14:24:48,302 - WARNING - 404 image found | offer_id=34284 | offer_url=https://www.cian.ru/sale/flat/323090883/
2026-01-14 14:24:48,303 - WARNING - 404 image found | offer_id=34271 | offer_url=https://www.cian.ru/sale/flat/323139323/
2026-01-14 14:24:48,304 - WARNING - 404 image found | offer_id=34261 | offer_url=https://www.cian.ru/sale/flat/323163739/
2026-01-14 14:24:48,304 - WARNING - 404 image found | offer_id=34263 | offer_url=https://www.cian.ru/sale/flat/323160518/
2026-01-14 14:24:48,305 - WARNING - 404 image found | offer_id=34272 | offer_url=https://www.cian.ru/sale/flat/323133892/
2026-01-14 14:24:48,305 - WARNING - 404 image found | offer_id=34260 | offer_url=https://www.cian.ru/sale/flat/323162610/
2026-01-14 14:24:48,306 - WARNING - 404 image found | offer_id=34273 | offer_url=https://www.cian.ru/sale/flat/323133482/
2026-01-14 14:24:48,306 - WARNING - 404 image found | offer_id=34277 | offer_url=https://www.cian.ru/sale/flat/323115613/
2026-01-14 14:24:48,307 - WARNING - 404 image found | offer_id=34279 | offer_url=https://www.cian.ru/sale/flat/323112305/
2026-01-14 14:24:48,311 - WARNING - 404 image found | offer_id=34281 | offer_url=https://www.cian.ru/sale/flat/323099390/
2026-01-14 14:24:48,314 - WARNING - 404 image found | offer_id=34262 | offer_url=https://www.cian.ru/sale/flat/323162263/
2026-01-14 14:24:48,315 - WARNING - 404 image found | offer_id=34288 | offer_url=https://www.cian.ru/sale/flat/323086253/
2026-01-14 14:24:48,323 - WARNING - 404 image found | offer_id=34287 | offer_url=https://www.cian.ru/sale/flat/323086950/
2026-01-14 14:24:48,323 - WARNING - 404 image found | offer_id=34290 | offer_url=https://www.cian.ru/sale/flat/323073277/
2026-01-14 14:24:48,323 - WARNING - 404 image found | offer_id=34266 | offer_url=https://www.cian.ru/sale/flat/323160262/
2026-01-14 14:24:48,323 - WARNING - 404 image found | offer_id=34286 | offer_url=https://www.cian.ru/sale/flat/323090761/
2026-01-14 14:24:48,325 - WARNING - 404 image found | offer_id=34295 | offer_url=https://www.cian.ru/sale/flat/323064371/
2026-01-14 14:24:48,326 - WARNING - 404 image found | offer_id=34297 | offer_url=https://www.cian.ru/sale/flat/323056908/
2026-01-14 14:24:48,328 - WARNING - 404 image found | offer_id=34304 | offer_url=https://www.cian.ru/sale/flat/323045218/
2026-01-14 14:24:48,330 - WARNING - 404 image found | offer_id=34298 | offer_url=https://www.cian.ru/sale/flat/323055888/
2026-01-14 14:24:48,333 - WARNING - 404 image found | offer_id=34301 | offer_url=https://www.cian.ru/sale/flat/323051457/
2026-01-14 14:24:48,334 - WARNING - 404 image found | offer_id=34305 | offer_url=https://www.cian.ru/sale/flat/323043626/
2026-01-14 14:24:48,335 - WARNING - 404 image found | offer_id=34276 | offer_url=https://www.cian.ru/sale/flat/323116971/
2026-01-14 14:24:48,336 - WARNING - 404 image found | offer_id=34299 | offer_url=https://www.cian.ru/sale/flat/323053875/
2026-01-14 14:24:48,336 - WARNING - 404 image found | offer_id=34275 | offer_url=https://www.cian.ru/sale/flat/323127893/
2026-01-14 14:24:48,337 - WARNING - 404 image found | offer_id=34308 | offer_url=https://www.cian.ru/sale/flat/323032400/
2026-01-14 14:24:48,338 - WARNING - 404 image found | offer_id=34309 | offer_url=https://www.cian.ru/sale/flat/323027223/
2026-01-14 14:24:48,339 - WARNING - 404 image found | offer_id=34294 | offer_url=https://www.cian.ru/sale/flat/323064376/
2026-01-14 14:24:48,348 - WARNING - 404 image found | offer_id=34313 | offer_url=https://www.cian.ru/sale/flat/323018554/
2026-01-14 14:24:48,349 - WARNING - 404 image found | offer_id=34321 | offer_url=https://www.cian.ru/sale/flat/322994054/
2026-01-14 14:24:48,349 - WARNING - 404 image found | offer_id=34316 | offer_url=https://www.cian.ru/sale/flat/323015352/
2026-01-14 14:24:48,350 - WARNING - 404 image found | offer_id=34324 | offer_url=https://www.cian.ru/sale/flat/322978223/
2026-01-14 14:24:48,351 - WARNING - 404 image found | offer_id=34318 | offer_url=https://www.cian.ru/sale/flat/323013405/
2026-01-14 14:24:48,352 - WARNING - 404 image found | offer_id=34311 | offer_url=https://www.cian.ru/sale/flat/323023845/
2026-01-14 14:24:48,353 - WARNING - 404 image found | offer_id=34317 | offer_url=https://www.cian.ru/sale/flat/323014609/
2026-01-14 14:24:48,353 - WARNING - 404 image found | offer_id=34303 | offer_url=https://www.cian.ru/sale/flat/323048173/
2026-01-14 14:24:48,354 - WARNING - 404 image found | offer_id=34325 | offer_url=https://www.cian.ru/sale/flat/322976947/
2026-01-14 14:24:48,359 - WARNING - 404 image found | offer_id=34280 | offer_url=https://www.cian.ru/sale/flat/323100394/
2026-01-14 14:24:48,361 - WARNING - 404 image found | offer_id=34333 | offer_url=https://www.cian.ru/sale/flat/322954747/
2026-01-14 14:24:48,361 - WARNING - 404 image found | offer_id=34331 | offer_url=https://www.cian.ru/sale/flat/322966160/
2026-01-14 14:24:48,362 - WARNING - 404 image found | offer_id=34322 | offer_url=https://www.cian.ru/sale/flat/322980386/
2026-01-14 14:24:48,363 - WARNING - 404 image found | offer_id=34335 | offer_url=https://www.cian.ru/sale/flat/322952577/
2026-01-14 14:24:48,368 - WARNING - 404 image found | offer_id=34337 | offer_url=https://www.cian.ru/sale/flat/322938487/
2026-01-14 14:24:48,369 - WARNING - 404 image found | offer_id=34330 | offer_url=https://www.cian.ru/sale/flat/322967873/
2026-01-14 14:24:48,370 - WARNING - 404 image found | offer_id=34338 | offer_url=https://www.cian.ru/sale/flat/322933000/
2026-01-14 14:24:48,374 - WARNING - 404 image found | offer_id=34344 | offer_url=https://www.cian.ru/sale/flat/322924885/
2026-01-14 14:24:48,376 - WARNING - 404 image found | offer_id=34343 | offer_url=https://www.cian.ru/sale/flat/322925474/
2026-01-14 14:24:48,376 - WARNING - 404 image found | offer_id=34341 | offer_url=https://www.cian.ru/sale/flat/322927217/
2026-01-14 14:24:48,377 - WARNING - 404 image found | offer_id=34336 | offer_url=https://www.cian.ru/sale/flat/322950570/
2026-01-14 14:24:48,378 - WARNING - 404 image found | offer_id=34315 | offer_url=https://www.cian.ru/sale/flat/323016470/
2026-01-14 14:24:48,384 - WARNING - 404 image found | offer_id=34355 | offer_url=https://www.cian.ru/sale/flat/322899235/
2026-01-14 14:24:48,386 - WARNING - 404 image found | offer_id=34358 | offer_url=https://www.cian.ru/sale/flat/322890921/
2026-01-14 14:24:48,387 - WARNING - 404 image found | offer_id=34353 | offer_url=https://www.cian.ru/sale/flat/322901219/
2026-01-14 14:24:48,392 - WARNING - 404 image found | offer_id=34350 | offer_url=https://www.cian.ru/sale/flat/322909617/
2026-01-14 14:24:48,393 - WARNING - 404 image found | offer_id=34366 | offer_url=https://www.cian.ru/sale/flat/322875298/
2026-01-14 14:24:48,394 - WARNING - 404 image found | offer_id=34359 | offer_url=https://www.cian.ru/sale/flat/322886896/
2026-01-14 14:24:48,396 - WARNING - 404 image found | offer_id=34362 | offer_url=https://www.cian.ru/sale/flat/322884487/
2026-01-14 14:24:48,398 - WARNING - 404 image found | offer_id=34371 | offer_url=https://www.cian.ru/sale/flat/322860035/
2026-01-14 14:24:48,402 - WARNING - 404 image found | offer_id=34369 | offer_url=https://www.cian.ru/sale/flat/322866947/
2026-01-14 14:24:48,403 - WARNING - 404 image found | offer_id=34374 | offer_url=https://www.cian.ru/sale/flat/322859995/
2026-01-14 14:24:48,407 - WARNING - 404 image found | offer_id=34357 | offer_url=https://www.cian.ru/sale/flat/322896411/
2026-01-14 14:24:48,408 - WARNING - 404 image found | offer_id=34375 | offer_url=https://www.cian.ru/sale/flat/322853139/
2026-01-14 14:24:48,409 - WARNING - 404 image found | offer_id=34386 | offer_url=https://www.cian.ru/sale/flat/322831792/
2026-01-14 14:24:48,412 - WARNING - 404 image found | offer_id=34334 | offer_url=https://www.cian.ru/sale/flat/322954563/
2026-01-14 14:24:48,413 - WARNING - 404 image found | offer_id=34312 | offer_url=https://www.cian.ru/sale/flat/323021882/
2026-01-14 14:24:48,415 - WARNING - 404 image found | offer_id=34380 | offer_url=https://www.cian.ru/sale/flat/322845528/
2026-01-14 14:24:48,416 - WARNING - 404 image found | offer_id=34274 | offer_url=https://www.cian.ru/sale/flat/323117157/
2026-01-14 14:24:48,418 - WARNING - 404 image found | offer_id=34385 | offer_url=https://www.cian.ru/sale/flat/322833817/
2026-01-14 14:24:48,424 - WARNING - 404 image found | offer_id=34394 | offer_url=https://www.cian.ru/sale/flat/322812108/
2026-01-14 14:24:48,425 - WARNING - 404 image found | offer_id=34323 | offer_url=https://www.cian.ru/sale/flat/322979263/
2026-01-14 14:24:48,428 - WARNING - 404 image found | offer_id=34392 | offer_url=https://www.cian.ru/sale/flat/322814200/
2026-01-14 14:24:48,432 - WARNING - 404 image found | offer_id=34377 | offer_url=https://www.cian.ru/sale/flat/322845716/
2026-01-14 14:24:48,433 - WARNING - 404 image found | offer_id=34401 | offer_url=https://www.cian.ru/sale/flat/322790022/
2026-01-14 14:24:48,438 - WARNING - 404 image found | offer_id=34329 | offer_url=https://www.cian.ru/sale/flat/322967986/
2026-01-14 14:24:48,438 - WARNING - 404 image found | offer_id=34403 | offer_url=https://www.cian.ru/sale/flat/322785735/
2026-01-14 14:24:48,439 - WARNING - 404 image found | offer_id=34398 | offer_url=https://www.cian.ru/sale/flat/322793801/
2026-01-14 14:24:48,439 - WARNING - 404 image found | offer_id=34393 | offer_url=https://www.cian.ru/sale/flat/322813151/
2026-01-14 14:24:48,443 - WARNING - 404 image found | offer_id=34328 | offer_url=https://www.cian.ru/sale/flat/322973785/
2026-01-14 14:24:48,443 - WARNING - 404 image found | offer_id=34376 | offer_url=https://www.cian.ru/sale/flat/322851477/
2026-01-14 14:24:48,445 - WARNING - 404 image found | offer_id=34356 | offer_url=https://www.cian.ru/sale/flat/322896491/
2026-01-14 14:24:48,446 - WARNING - 404 image found | offer_id=34402 | offer_url=https://www.cian.ru/sale/flat/322786901/
2026-01-14 14:24:48,446 - WARNING - 404 image found | offer_id=34407 | offer_url=https://www.cian.ru/sale/flat/322778941/
2026-01-14 14:24:48,447 - WARNING - 404 image found | offer_id=34408 | offer_url=https://www.cian.ru/sale/flat/322778848/
2026-01-14 14:24:48,448 - WARNING - 404 image found | offer_id=34391 | offer_url=https://www.cian.ru/sale/flat/322816523/
2026-01-14 14:24:48,449 - WARNING - 404 image found | offer_id=34412 | offer_url=https://www.cian.ru/sale/flat/322765171/
2026-01-14 14:24:48,449 - WARNING - 404 image found | offer_id=34373 | offer_url=https://www.cian.ru/sale/flat/322860010/
2026-01-14 14:24:48,450 - WARNING - 404 image found | offer_id=34411 | offer_url=https://www.cian.ru/sale/flat/322766571/
2026-01-14 14:24:48,453 - WARNING - 404 image found | offer_id=34409 | offer_url=https://www.cian.ru/sale/flat/322777627/
2026-01-14 14:24:48,457 - WARNING - 404 image found | offer_id=34378 | offer_url=https://www.cian.ru/sale/flat/322850273/
2026-01-14 14:24:48,462 - WARNING - 404 image found | offer_id=34424 | offer_url=https://www.cian.ru/sale/flat/322735040/
2026-01-14 14:24:48,465 - WARNING - 404 image found | offer_id=34428 | offer_url=https://www.cian.ru/sale/flat/322722097/
2026-01-14 14:24:48,465 - WARNING - 404 image found | offer_id=34399 | offer_url=https://www.cian.ru/sale/flat/322792753/
2026-01-14 14:24:48,466 - WARNING - 404 image found | offer_id=34417 | offer_url=https://www.cian.ru/sale/flat/322753213/
2026-01-14 14:24:48,475 - WARNING - 404 image found | offer_id=34368 | offer_url=https://www.cian.ru/sale/flat/322866957/
2026-01-14 14:24:48,476 - WARNING - 404 image found | offer_id=34437 | offer_url=https://www.cian.ru/sale/flat/322705078/
2026-01-14 14:24:48,477 - WARNING - 404 image found | offer_id=34433 | offer_url=https://www.cian.ru/sale/flat/322715922/
2026-01-14 14:24:48,477 - WARNING - 404 image found | offer_id=34425 | offer_url=https://www.cian.ru/sale/flat/322735034/
2026-01-14 14:24:48,477 - WARNING - 404 image found | offer_id=34438 | offer_url=https://www.cian.ru/sale/flat/322705072/
2026-01-14 14:24:48,477 - WARNING - 404 image found | offer_id=34429 | offer_url=https://www.cian.ru/sale/flat/322721753/
2026-01-14 14:24:48,477 - WARNING - 404 image found | offer_id=34436 | offer_url=https://www.cian.ru/sale/flat/322708555/
2026-01-14 14:24:48,478 - WARNING - 404 image found | offer_id=34430 | offer_url=https://www.cian.ru/sale/flat/322717612/
2026-01-14 14:24:48,478 - WARNING - 404 image found | offer_id=34427 | offer_url=https://www.cian.ru/sale/flat/322722216/
2026-01-14 14:24:48,479 - WARNING - 404 image found | offer_id=34413 | offer_url=https://www.cian.ru/sale/flat/322761853/
2026-01-14 14:24:48,479 - WARNING - 404 image found | offer_id=34435 | offer_url=https://www.cian.ru/sale/flat/322711458/
2026-01-14 14:24:48,481 - WARNING - 404 image found | offer_id=34387 | offer_url=https://www.cian.ru/sale/flat/322829030/
2026-01-14 14:24:48,483 - WARNING - 404 image found | offer_id=34421 | offer_url=https://www.cian.ru/sale/flat/322736705/
2026-01-14 14:24:48,483 - WARNING - 404 image found | offer_id=34431 | offer_url=https://www.cian.ru/sale/flat/322717432/
2026-01-14 14:24:48,483 - WARNING - 404 image found | offer_id=34416 | offer_url=https://www.cian.ru/sale/flat/322760558/
2026-01-14 14:24:48,484 - WARNING - 404 image found | offer_id=34440 | offer_url=https://www.cian.ru/sale/flat/322705066/
2026-01-14 14:24:48,485 - WARNING - 404 image found | offer_id=34443 | offer_url=https://www.cian.ru/sale/flat/322705046/
2026-01-14 14:24:48,488 - WARNING - 404 image found | offer_id=34444 | offer_url=https://www.cian.ru/sale/flat/322705044/
2026-01-14 14:24:48,489 - WARNING - 404 image found | offer_id=34446 | offer_url=https://www.cian.ru/sale/flat/322705012/
2026-01-14 14:24:48,491 - WARNING - 404 image found | offer_id=34434 | offer_url=https://www.cian.ru/sale/flat/322713385/
2026-01-14 14:24:48,494 - WARNING - 404 image found | offer_id=34432 | offer_url=https://www.cian.ru/sale/flat/322716690/
2026-01-14 14:24:48,495 - WARNING - 404 image found | offer_id=34445 | offer_url=https://www.cian.ru/sale/flat/322705025/
2026-01-14 14:24:48,497 - WARNING - 404 image found | offer_id=34448 | offer_url=https://www.cian.ru/sale/flat/322704982/
2026-01-14 14:24:48,506 - WARNING - 404 image found | offer_id=34449 | offer_url=https://www.cian.ru/sale/flat/322704963/
2026-01-14 14:24:48,506 - WARNING - 404 image found | offer_id=34456 | offer_url=https://www.cian.ru/sale/flat/322667047/
2026-01-14 14:24:48,507 - WARNING - 404 image found | offer_id=34458 | offer_url=https://www.cian.ru/sale/flat/322667037/
2026-01-14 14:24:48,507 - WARNING - 404 image found | offer_id=34419 | offer_url=https://www.cian.ru/sale/flat/322738860/
2026-01-14 14:24:48,507 - WARNING - 404 image found | offer_id=34460 | offer_url=https://www.cian.ru/sale/flat/322667023/
2026-01-14 14:24:48,509 - WARNING - 404 image found | offer_id=34463 | offer_url=https://www.cian.ru/sale/flat/322661127/
2026-01-14 14:24:48,509 - WARNING - 404 image found | offer_id=34464 | offer_url=https://www.cian.ru/sale/flat/322659525/
2026-01-14 14:24:48,509 - WARNING - 404 image found | offer_id=34457 | offer_url=https://www.cian.ru/sale/flat/322667043/
2026-01-14 14:24:48,510 - WARNING - 404 image found | offer_id=34447 | offer_url=https://www.cian.ru/sale/flat/322704985/
2026-01-14 14:24:48,510 - WARNING - 404 image found | offer_id=34461 | offer_url=https://www.cian.ru/sale/flat/322663492/
2026-01-14 14:24:48,511 - WARNING - 404 image found | offer_id=34465 | offer_url=https://www.cian.ru/sale/flat/322657998/
2026-01-14 14:24:48,514 - WARNING - 404 image found | offer_id=34468 | offer_url=https://www.cian.ru/sale/flat/322653546/
2026-01-14 14:24:48,518 - WARNING - 404 image found | offer_id=34466 | offer_url=https://www.cian.ru/sale/flat/322656257/
2026-01-14 14:24:48,520 - WARNING - 404 image found | offer_id=34471 | offer_url=https://www.cian.ru/sale/flat/322642815/
2026-01-14 14:24:48,521 - WARNING - 404 image found | offer_id=34459 | offer_url=https://www.cian.ru/sale/flat/322667024/
2026-01-14 14:24:48,522 - WARNING - 404 image found | offer_id=34472 | offer_url=https://www.cian.ru/sale/flat/322642564/
2026-01-14 14:24:48,522 - WARNING - 404 image found | offer_id=34474 | offer_url=https://www.cian.ru/sale/flat/322626003/
2026-01-14 14:24:48,523 - WARNING - 404 image found | offer_id=34453 | offer_url=https://www.cian.ru/sale/flat/322679796/
2026-01-14 14:24:48,528 - WARNING - 404 image found | offer_id=34484 | offer_url=https://www.cian.ru/sale/flat/322601574/
2026-01-14 14:24:48,528 - WARNING - 404 image found | offer_id=34476 | offer_url=https://www.cian.ru/sale/flat/322622060/
2026-01-14 14:24:48,529 - WARNING - 404 image found | offer_id=34486 | offer_url=https://www.cian.ru/sale/flat/322601311/
2026-01-14 14:24:48,530 - WARNING - 404 image found | offer_id=34478 | offer_url=https://www.cian.ru/sale/flat/322618740/
2026-01-14 14:24:48,532 - WARNING - 404 image found | offer_id=34467 | offer_url=https://www.cian.ru/sale/flat/322654918/
2026-01-14 14:24:48,535 - WARNING - 404 image found | offer_id=34488 | offer_url=https://www.cian.ru/sale/flat/322599547/
2026-01-14 14:24:48,536 - WARNING - 404 image found | offer_id=34480 | offer_url=https://www.cian.ru/sale/flat/322604434/
2026-01-14 14:24:48,536 - WARNING - 404 image found | offer_id=34483 | offer_url=https://www.cian.ru/sale/flat/322601871/
2026-01-14 14:24:48,537 - WARNING - 404 image found | offer_id=34485 | offer_url=https://www.cian.ru/sale/flat/322601395/
2026-01-14 14:24:48,539 - WARNING - 404 image found | offer_id=34481 | offer_url=https://www.cian.ru/sale/flat/322602782/
2026-01-14 14:24:48,540 - WARNING - 404 image found | offer_id=34487 | offer_url=https://www.cian.ru/sale/flat/322600725/
2026-01-14 14:24:48,540 - WARNING - 404 image found | offer_id=34492 | offer_url=https://www.cian.ru/sale/flat/322575208/
2026-01-14 14:24:48,542 - WARNING - 404 image found | offer_id=34494 | offer_url=https://www.cian.ru/sale/flat/322554622/
2026-01-14 14:24:48,542 - WARNING - 404 image found | offer_id=34498 | offer_url=https://www.cian.ru/sale/flat/322534176/
2026-01-14 14:24:48,544 - WARNING - 404 image found | offer_id=34501 | offer_url=https://www.cian.ru/sale/flat/322531275/
2026-01-14 14:24:48,545 - WARNING - 404 image found | offer_id=34491 | offer_url=https://www.cian.ru/sale/flat/322577939/
2026-01-14 14:24:48,546 - WARNING - 404 image found | offer_id=34504 | offer_url=https://www.cian.ru/sale/flat/322500974/
2026-01-14 14:24:48,546 - WARNING - 404 image found | offer_id=34502 | offer_url=https://www.cian.ru/sale/flat/322529505/
2026-01-14 14:24:48,547 - WARNING - 404 image found | offer_id=34499 | offer_url=https://www.cian.ru/sale/flat/322532874/
2026-01-14 14:24:48,554 - WARNING - 404 image found | offer_id=34508 | offer_url=https://www.cian.ru/sale/flat/322480865/
2026-01-14 14:24:48,556 - WARNING - 404 image found | offer_id=34513 | offer_url=https://www.cian.ru/sale/flat/322440154/
2026-01-14 14:24:48,557 - WARNING - 404 image found | offer_id=34470 | offer_url=https://www.cian.ru/sale/flat/322643000/
2026-01-14 14:24:48,559 - WARNING - 404 image found | offer_id=34511 | offer_url=https://www.cian.ru/sale/flat/322468079/
2026-01-14 14:24:48,561 - WARNING - 404 image found | offer_id=34522 | offer_url=https://www.cian.ru/sale/flat/322401792/
2026-01-14 14:24:48,562 - WARNING - 404 image found | offer_id=34512 | offer_url=https://www.cian.ru/sale/flat/322454757/
2026-01-14 14:24:48,563 - WARNING - 404 image found | offer_id=34527 | offer_url=https://www.cian.ru/sale/flat/322376006/
2026-01-14 14:24:48,564 - WARNING - 404 image found | offer_id=34514 | offer_url=https://www.cian.ru/sale/flat/322428489/
2026-01-14 14:24:48,567 - WARNING - 404 image found | offer_id=34531 | offer_url=https://www.cian.ru/sale/flat/322374377/
2026-01-14 14:24:48,567 - WARNING - 404 image found | offer_id=34524 | offer_url=https://www.cian.ru/sale/flat/322395737/
2026-01-14 14:24:48,569 - WARNING - 404 image found | offer_id=34529 | offer_url=https://www.cian.ru/sale/flat/322375817/
2026-01-14 14:24:48,570 - WARNING - 404 image found | offer_id=34528 | offer_url=https://www.cian.ru/sale/flat/322375852/
2026-01-14 14:24:48,572 - WARNING - 404 image found | offer_id=34479 | offer_url=https://www.cian.ru/sale/flat/322605436/
2026-01-14 14:24:48,574 - WARNING - 404 image found | offer_id=34530 | offer_url=https://www.cian.ru/sale/flat/322375725/
2026-01-14 14:24:48,574 - WARNING - 404 image found | offer_id=34523 | offer_url=https://www.cian.ru/sale/flat/322397001/
2026-01-14 14:24:48,575 - WARNING - 404 image found | offer_id=34525 | offer_url=https://www.cian.ru/sale/flat/322392311/
2026-01-14 14:24:48,579 - WARNING - 404 image found | offer_id=34540 | offer_url=https://www.cian.ru/sale/flat/322290223/
2026-01-14 14:24:48,580 - WARNING - 404 image found | offer_id=34538 | offer_url=https://www.cian.ru/sale/flat/322323141/
2026-01-14 14:24:48,582 - WARNING - 404 image found | offer_id=34537 | offer_url=https://www.cian.ru/sale/flat/322329336/
2026-01-14 14:24:48,585 - WARNING - 404 image found | offer_id=34534 | offer_url=https://www.cian.ru/sale/flat/322353851/
2026-01-14 14:24:48,587 - WARNING - 404 image found | offer_id=34506 | offer_url=https://www.cian.ru/sale/flat/322493207/
2026-01-14 14:24:48,587 - WARNING - 404 image found | offer_id=34526 | offer_url=https://www.cian.ru/sale/flat/322390786/
2026-01-14 14:24:48,589 - WARNING - 404 image found | offer_id=34547 | offer_url=https://www.cian.ru/sale/flat/322262292/
2026-01-14 14:24:48,590 - WARNING - 404 image found | offer_id=34520 | offer_url=https://www.cian.ru/sale/flat/322410150/
2026-01-14 14:24:48,591 - WARNING - 404 image found | offer_id=34553 | offer_url=https://www.cian.ru/sale/flat/322243543/
2026-01-14 14:24:48,597 - WARNING - 404 image found | offer_id=34556 | offer_url=https://www.cian.ru/sale/flat/322237847/
2026-01-14 14:24:48,597 - WARNING - 404 image found | offer_id=34550 | offer_url=https://www.cian.ru/sale/flat/322251924/
2026-01-14 14:24:48,598 - WARNING - 404 image found | offer_id=34493 | offer_url=https://www.cian.ru/sale/flat/322557354/
2026-01-14 14:24:48,598 - WARNING - 404 image found | offer_id=34555 | offer_url=https://www.cian.ru/sale/flat/322243296/
2026-01-14 14:24:48,598 - WARNING - 404 image found | offer_id=34548 | offer_url=https://www.cian.ru/sale/flat/322259776/
2026-01-14 14:24:48,599 - WARNING - 404 image found | offer_id=34552 | offer_url=https://www.cian.ru/sale/flat/322247601/
2026-01-14 14:24:48,600 - WARNING - 404 image found | offer_id=34559 | offer_url=https://www.cian.ru/sale/flat/322215517/
2026-01-14 14:24:48,601 - WARNING - 404 image found | offer_id=34561 | offer_url=https://www.cian.ru/sale/flat/322204407/
2026-01-14 14:24:48,601 - WARNING - 404 image found | offer_id=34519 | offer_url=https://www.cian.ru/sale/flat/322413611/
2026-01-14 14:24:48,602 - WARNING - 404 image found | offer_id=34562 | offer_url=https://www.cian.ru/sale/flat/322203707/
2026-01-14 14:24:48,603 - WARNING - 404 image found | offer_id=34551 | offer_url=https://www.cian.ru/sale/flat/322251635/
2026-01-14 14:24:48,603 - WARNING - 404 image found | offer_id=34442 | offer_url=https://www.cian.ru/sale/flat/322705050/
2026-01-14 14:24:48,604 - WARNING - 404 image found | offer_id=34563 | offer_url=https://www.cian.ru/sale/flat/322202507/
2026-01-14 14:24:48,606 - WARNING - 404 image found | offer_id=34564 | offer_url=https://www.cian.ru/sale/flat/322196985/
2026-01-14 14:24:48,606 - WARNING - 404 image found | offer_id=34500 | offer_url=https://www.cian.ru/sale/flat/322532813/
2026-01-14 14:24:48,608 - WARNING - 404 image found | offer_id=34569 | offer_url=https://www.cian.ru/sale/flat/322171544/
2026-01-14 14:24:48,613 - WARNING - 404 image found | offer_id=34573 | offer_url=https://www.cian.ru/sale/flat/322153407/
2026-01-14 14:24:48,614 - WARNING - 404 image found | offer_id=34574 | offer_url=https://www.cian.ru/sale/flat/322146122/
2026-01-14 14:24:48,615 - WARNING - 404 image found | offer_id=34575 | offer_url=https://www.cian.ru/sale/flat/322141748/
2026-01-14 14:24:48,617 - WARNING - 404 image found | offer_id=34565 | offer_url=https://www.cian.ru/sale/flat/322190950/
2026-01-14 14:24:48,621 - WARNING - 404 image found | offer_id=34578 | offer_url=https://www.cian.ru/sale/flat/322129279/
2026-01-14 14:24:48,623 - WARNING - 404 image found | offer_id=34586 | offer_url=https://www.cian.ru/sale/flat/322060832/
2026-01-14 14:24:48,624 - WARNING - 404 image found | offer_id=34583 | offer_url=https://www.cian.ru/sale/flat/322072262/
2026-01-14 14:24:48,625 - WARNING - 404 image found | offer_id=34577 | offer_url=https://www.cian.ru/sale/flat/322129283/
2026-01-14 14:24:48,628 - WARNING - 404 image found | offer_id=34587 | offer_url=https://www.cian.ru/sale/flat/322054693/
2026-01-14 14:24:48,629 - WARNING - 404 image found | offer_id=34581 | offer_url=https://www.cian.ru/sale/flat/322091270/
2026-01-14 14:24:48,630 - WARNING - 404 image found | offer_id=34597 | offer_url=https://www.cian.ru/sale/flat/321993471/
2026-01-14 14:24:48,632 - WARNING - 404 image found | offer_id=34605 | offer_url=https://www.cian.ru/sale/flat/321949628/
2026-01-14 14:24:48,633 - WARNING - 404 image found | offer_id=34602 | offer_url=https://www.cian.ru/sale/flat/321966700/
2026-01-14 14:24:48,634 - WARNING - 404 image found | offer_id=34599 | offer_url=https://www.cian.ru/sale/flat/321984481/
2026-01-14 14:24:48,638 - WARNING - 404 image found | offer_id=34592 | offer_url=https://www.cian.ru/sale/flat/322019876/
2026-01-14 14:24:48,642 - WARNING - 404 image found | offer_id=34603 | offer_url=https://www.cian.ru/sale/flat/321961637/
2026-01-14 14:24:48,643 - WARNING - 404 image found | offer_id=34611 | offer_url=https://www.cian.ru/sale/flat/321901234/
2026-01-14 14:24:48,643 - WARNING - 404 image found | offer_id=34610 | offer_url=https://www.cian.ru/sale/flat/321895826/
2026-01-14 14:24:48,644 - WARNING - 404 image found | offer_id=34617 | offer_url=https://www.cian.ru/sale/flat/321862481/
2026-01-14 14:24:48,644 - WARNING - 404 image found | offer_id=34593 | offer_url=https://www.cian.ru/sale/flat/322014597/
2026-01-14 14:24:48,645 - WARNING - 404 image found | offer_id=34618 | offer_url=https://www.cian.ru/sale/flat/321859848/
2026-01-14 14:24:48,646 - WARNING - 404 image found | offer_id=34616 | offer_url=https://www.cian.ru/sale/flat/321866764/
2026-01-14 14:24:48,647 - WARNING - 404 image found | offer_id=34566 | offer_url=https://www.cian.ru/sale/flat/322184525/
2026-01-14 14:24:48,648 - WARNING - 404 image found | offer_id=34625 | offer_url=https://www.cian.ru/sale/flat/321811913/
2026-01-14 14:24:48,649 - WARNING - 404 image found | offer_id=34628 | offer_url=https://www.cian.ru/sale/flat/321801994/
2026-01-14 14:24:48,651 - WARNING - 404 image found | offer_id=34623 | offer_url=https://www.cian.ru/sale/flat/321829349/
2026-01-14 14:24:48,653 - WARNING - 404 image found | offer_id=34615 | offer_url=https://www.cian.ru/sale/flat/321864349/
2026-01-14 14:24:48,653 - WARNING - 404 image found | offer_id=34621 | offer_url=https://www.cian.ru/sale/flat/321845137/
2026-01-14 14:24:48,658 - WARNING - 404 image found | offer_id=34629 | offer_url=https://www.cian.ru/sale/flat/321789990/
2026-01-14 14:24:48,660 - WARNING - 404 image found | offer_id=34633 | offer_url=https://www.cian.ru/sale/flat/321770164/
2026-01-14 14:24:48,660 - WARNING - 404 image found | offer_id=34630 | offer_url=https://www.cian.ru/sale/flat/321786835/
2026-01-14 14:24:48,661 - WARNING - 404 image found | offer_id=34632 | offer_url=https://www.cian.ru/sale/flat/321781167/
2026-01-14 14:24:48,665 - WARNING - 404 image found | offer_id=34641 | offer_url=https://www.cian.ru/sale/flat/321718102/
2026-01-14 14:24:48,666 - WARNING - 404 image found | offer_id=34626 | offer_url=https://www.cian.ru/sale/flat/321808339/
2026-01-14 14:24:48,667 - WARNING - 404 image found | offer_id=34627 | offer_url=https://www.cian.ru/sale/flat/321803077/
2026-01-14 14:24:48,674 - WARNING - 404 image found | offer_id=34650 | offer_url=https://www.cian.ru/sale/flat/321666129/
2026-01-14 14:24:48,675 - WARNING - 404 image found | offer_id=34640 | offer_url=https://www.cian.ru/sale/flat/321727991/
2026-01-14 14:24:48,675 - WARNING - 404 image found | offer_id=34642 | offer_url=https://www.cian.ru/sale/flat/321710274/
2026-01-14 14:24:48,676 - WARNING - 404 image found | offer_id=34651 | offer_url=https://www.cian.ru/sale/flat/321657745/
2026-01-14 14:24:48,681 - WARNING - 404 image found | offer_id=34658 | offer_url=https://www.cian.ru/sale/flat/321617044/
2026-01-14 14:24:48,681 - WARNING - 404 image found | offer_id=34655 | offer_url=https://www.cian.ru/sale/flat/321625186/
2026-01-14 14:24:48,689 - WARNING - 404 image found | offer_id=34664 | offer_url=https://www.cian.ru/sale/flat/321588869/
2026-01-14 14:24:48,691 - WARNING - 404 image found | offer_id=34667 | offer_url=https://www.cian.ru/sale/flat/321545709/
2026-01-14 14:24:48,691 - WARNING - 404 image found | offer_id=34643 | offer_url=https://www.cian.ru/sale/flat/321710271/
2026-01-14 14:24:48,693 - WARNING - 404 image found | offer_id=34639 | offer_url=https://www.cian.ru/sale/flat/321730050/
2026-01-14 14:24:48,693 - WARNING - 404 image found | offer_id=34671 | offer_url=https://www.cian.ru/sale/flat/321493257/
2026-01-14 14:24:48,693 - WARNING - 404 image found | offer_id=34668 | offer_url=https://www.cian.ru/sale/flat/321523067/
2026-01-14 14:24:48,694 - WARNING - 404 image found | offer_id=34676 | offer_url=https://www.cian.ru/sale/flat/321474368/
2026-01-14 14:24:48,694 - WARNING - 404 image found | offer_id=34683 | offer_url=https://www.cian.ru/sale/flat/321393606/
2026-01-14 14:24:48,695 - WARNING - 404 image found | offer_id=34669 | offer_url=https://www.cian.ru/sale/flat/321520224/
2026-01-14 14:24:48,698 - WARNING - 404 image found | offer_id=34681 | offer_url=https://www.cian.ru/sale/flat/321396288/
2026-01-14 14:24:48,699 - WARNING - 404 image found | offer_id=34682 | offer_url=https://www.cian.ru/sale/flat/321418048/
2026-01-14 14:24:48,702 - WARNING - 404 image found | offer_id=34688 | offer_url=https://www.cian.ru/sale/flat/321339268/
2026-01-14 14:24:48,705 - WARNING - 404 image found | offer_id=34677 | offer_url=https://www.cian.ru/sale/flat/321470324/
2026-01-14 14:24:48,717 - WARNING - 404 image found | offer_id=34701 | offer_url=https://www.cian.ru/sale/flat/321229775/
2026-01-14 14:24:48,717 - WARNING - 404 image found | offer_id=34691 | offer_url=https://www.cian.ru/sale/flat/321326988/
2026-01-14 14:24:48,718 - WARNING - 404 image found | offer_id=34703 | offer_url=https://www.cian.ru/sale/flat/321209788/
2026-01-14 14:24:48,718 - WARNING - 404 image found | offer_id=34697 | offer_url=https://www.cian.ru/sale/flat/321286359/
2026-01-14 14:24:48,720 - WARNING - 404 image found | offer_id=34699 | offer_url=https://www.cian.ru/sale/flat/321260044/
2026-01-14 14:24:48,720 - WARNING - 404 image found | offer_id=34698 | offer_url=https://www.cian.ru/sale/flat/321284828/
2026-01-14 14:24:48,721 - WARNING - 404 image found | offer_id=34679 | offer_url=https://www.cian.ru/sale/flat/321435917/
2026-01-14 14:24:48,722 - WARNING - 404 image found | offer_id=34712 | offer_url=https://www.cian.ru/sale/flat/321097522/
2026-01-14 14:24:48,722 - WARNING - 404 image found | offer_id=34715 | offer_url=https://www.cian.ru/sale/flat/321060070/
2026-01-14 14:24:48,728 - WARNING - 404 image found | offer_id=34723 | offer_url=https://www.cian.ru/sale/flat/320959161/
2026-01-14 14:24:48,732 - WARNING - 404 image found | offer_id=34717 | offer_url=https://www.cian.ru/sale/flat/321033349/
2026-01-14 14:24:48,734 - WARNING - 404 image found | offer_id=34722 | offer_url=https://www.cian.ru/sale/flat/320962617/
2026-01-14 14:24:48,735 - WARNING - 404 image found | offer_id=34725 | offer_url=https://www.cian.ru/sale/flat/320911502/
2026-01-14 14:24:48,735 - WARNING - 404 image found | offer_id=34684 | offer_url=https://www.cian.ru/sale/flat/321391977/
2026-01-14 14:24:48,736 - WARNING - 404 image found | offer_id=34730 | offer_url=https://www.cian.ru/sale/flat/320725328/
2026-01-14 14:24:48,738 - WARNING - 404 image found | offer_id=34731 | offer_url=https://www.cian.ru/sale/flat/320723867/
2026-01-14 14:24:48,739 - WARNING - 404 image found | offer_id=34726 | offer_url=https://www.cian.ru/sale/flat/320888619/
2026-01-14 14:24:48,739 - WARNING - 404 image found | offer_id=34732 | offer_url=https://www.cian.ru/sale/flat/320684873/
2026-01-14 14:24:48,742 - WARNING - 404 image found | offer_id=34727 | offer_url=https://www.cian.ru/sale/flat/320856893/
2026-01-14 14:24:48,743 - WARNING - 404 image found | offer_id=34734 | offer_url=https://www.cian.ru/sale/flat/320627090/
2026-01-14 14:24:48,744 - WARNING - 404 image found | offer_id=34729 | offer_url=https://www.cian.ru/sale/flat/320763875/
2026-01-14 14:24:48,747 - WARNING - 404 image found | offer_id=34749 | offer_url=https://www.cian.ru/sale/flat/320330086/
2026-01-14 14:24:48,751 - WARNING - 404 image found | offer_id=34724 | offer_url=https://www.cian.ru/sale/flat/320947484/
2026-01-14 14:24:48,755 - WARNING - 404 image found | offer_id=34755 | offer_url=https://www.cian.ru/sale/flat/320204765/
2026-01-14 14:24:48,757 - WARNING - 404 image found | offer_id=34758 | offer_url=https://www.cian.ru/sale/flat/320158373/
2026-01-14 14:24:48,758 - WARNING - 404 image found | offer_id=34760 | offer_url=https://www.cian.ru/sale/flat/320140609/
2026-01-14 14:24:48,761 - WARNING - 404 image found | offer_id=34771 | offer_url=https://www.cian.ru/sale/flat/320008127/
2026-01-14 14:24:48,762 - WARNING - 404 image found | offer_id=34764 | offer_url=https://www.cian.ru/sale/flat/320095572/
2026-01-14 14:24:48,763 - WARNING - 404 image found | offer_id=34777 | offer_url=https://www.cian.ru/sale/flat/319937919/
2026-01-14 14:24:48,764 - WARNING - 404 image found | offer_id=34770 | offer_url=https://www.cian.ru/sale/flat/320016687/
2026-01-14 14:24:48,764 - WARNING - 404 image found | offer_id=34748 | offer_url=https://www.cian.ru/sale/flat/320334651/
2026-01-14 14:24:48,764 - WARNING - 404 image found | offer_id=34768 | offer_url=https://www.cian.ru/sale/flat/320034186/
2026-01-14 14:24:48,765 - WARNING - 404 image found | offer_id=34773 | offer_url=https://www.cian.ru/sale/flat/319985695/
2026-01-14 14:24:48,765 - WARNING - 404 image found | offer_id=34752 | offer_url=https://www.cian.ru/sale/flat/320269269/
2026-01-14 14:24:48,765 - WARNING - 404 image found | offer_id=34772 | offer_url=https://www.cian.ru/sale/flat/319989429/
2026-01-14 14:24:48,767 - WARNING - 404 image found | offer_id=34775 | offer_url=https://www.cian.ru/sale/flat/319976986/
2026-01-14 14:24:48,768 - WARNING - 404 image found | offer_id=34779 | offer_url=https://www.cian.ru/sale/flat/319937150/
2026-01-14 14:24:48,769 - WARNING - 404 image found | offer_id=34780 | offer_url=https://www.cian.ru/sale/flat/319913504/
2026-01-14 14:24:48,778 - WARNING - 404 image found | offer_id=34791 | offer_url=https://www.cian.ru/sale/flat/319703514/
2026-01-14 14:24:48,780 - WARNING - 404 image found | offer_id=34778 | offer_url=https://www.cian.ru/sale/flat/319937770/
2026-01-14 14:24:48,780 - WARNING - 404 image found | offer_id=34792 | offer_url=https://www.cian.ru/sale/flat/319684267/
2026-01-14 14:24:48,782 - WARNING - 404 image found | offer_id=34787 | offer_url=https://www.cian.ru/sale/flat/319745037/
2026-01-14 14:24:48,782 - WARNING - 404 image found | offer_id=34788 | offer_url=https://www.cian.ru/sale/flat/319734606/
2026-01-14 14:24:48,786 - WARNING - 404 image found | offer_id=34793 | offer_url=https://www.cian.ru/sale/flat/319657222/
2026-01-14 14:24:48,792 - WARNING - 404 image found | offer_id=34782 | offer_url=https://www.cian.ru/sale/flat/319884915/
2026-01-14 14:24:48,843 - WARNING - 404 image found | offer_id=34794 | offer_url=https://www.cian.ru/sale/flat/319615721/
2026-01-14 14:24:48,849 - WARNING - 404 image found | offer_id=34757 | offer_url=https://www.cian.ru/sale/flat/320198349/
2026-01-14 14:24:48,852 - WARNING - 404 image found | offer_id=34795 | offer_url=https://www.cian.ru/sale/flat/319609504/
2026-01-14 14:24:48,873 - INFO - checked=6000, 404=3740, deleted=3700, deactivated=0, speed=223.8/s
2026-01-14 14:24:48,873 - INFO - Batch #13, last_id=34795
2026-01-14 14:24:48,898 - WARNING - 404 image found | offer_id=34801 | offer_url=https://www.cian.ru/sale/flat/319538238/
2026-01-14 14:24:48,898 - WARNING - 404 image found | offer_id=34810 | offer_url=https://www.cian.ru/sale/flat/319390976/
2026-01-14 14:24:48,899 - WARNING - 404 image found | offer_id=34800 | offer_url=https://www.cian.ru/sale/flat/319540910/
2026-01-14 14:24:48,901 - WARNING - 404 image found | offer_id=34820 | offer_url=https://www.cian.ru/sale/flat/319227683/
2026-01-14 14:24:48,901 - WARNING - 404 image found | offer_id=34796 | offer_url=https://www.cian.ru/sale/flat/319580816/
2026-01-14 14:24:48,904 - WARNING - 404 image found | offer_id=34819 | offer_url=https://www.cian.ru/sale/flat/319246896/
2026-01-14 14:24:48,905 - WARNING - 404 image found | offer_id=34805 | offer_url=https://www.cian.ru/sale/flat/319476134/
2026-01-14 14:24:48,912 - WARNING - 404 image found | offer_id=34827 | offer_url=https://www.cian.ru/sale/flat/319107300/
2026-01-14 14:24:48,914 - WARNING - 404 image found | offer_id=34833 | offer_url=https://www.cian.ru/sale/flat/318983464/
2026-01-14 14:24:48,919 - WARNING - 404 image found | offer_id=34825 | offer_url=https://www.cian.ru/sale/flat/319177092/
2026-01-14 14:24:48,920 - WARNING - 404 image found | offer_id=34840 | offer_url=https://www.cian.ru/sale/flat/318838742/
2026-01-14 14:24:48,921 - WARNING - 404 image found | offer_id=34828 | offer_url=https://www.cian.ru/sale/flat/319092935/
2026-01-14 14:24:48,921 - WARNING - 404 image found | offer_id=34824 | offer_url=https://www.cian.ru/sale/flat/319202110/
2026-01-14 14:24:48,959 - WARNING - 404 image found | offer_id=34842 | offer_url=https://www.cian.ru/sale/flat/318814860/
2026-01-14 14:24:48,960 - WARNING - 404 image found | offer_id=34838 | offer_url=https://www.cian.ru/sale/flat/318908025/
2026-01-14 14:24:48,960 - WARNING - 404 image found | offer_id=34852 | offer_url=https://www.cian.ru/sale/flat/318443328/
2026-01-14 14:24:48,960 - WARNING - 404 image found | offer_id=34837 | offer_url=https://www.cian.ru/sale/flat/318932383/
2026-01-14 14:24:48,960 - WARNING - 404 image found | offer_id=34849 | offer_url=https://www.cian.ru/sale/flat/318576293/
2026-01-14 14:24:48,961 - WARNING - 404 image found | offer_id=34847 | offer_url=https://www.cian.ru/sale/flat/318623814/
2026-01-14 14:24:48,961 - WARNING - 404 image found | offer_id=34853 | offer_url=https://www.cian.ru/sale/flat/318437433/
2026-01-14 14:24:48,961 - WARNING - 404 image found | offer_id=34860 | offer_url=https://www.cian.ru/sale/flat/318298427/
2026-01-14 14:24:48,961 - WARNING - 404 image found | offer_id=34861 | offer_url=https://www.cian.ru/sale/flat/318300414/
2026-01-14 14:24:48,961 - WARNING - 404 image found | offer_id=34855 | offer_url=https://www.cian.ru/sale/flat/318405663/
2026-01-14 14:24:48,961 - WARNING - 404 image found | offer_id=34851 | offer_url=https://www.cian.ru/sale/flat/318482721/
2026-01-14 14:24:48,961 - WARNING - 404 image found | offer_id=34864 | offer_url=https://www.cian.ru/sale/flat/318249710/
2026-01-14 14:24:48,961 - WARNING - 404 image found | offer_id=34862 | offer_url=https://www.cian.ru/sale/flat/318279287/
2026-01-14 14:24:48,961 - WARNING - 404 image found | offer_id=34806 | offer_url=https://www.cian.ru/sale/flat/319461410/
2026-01-14 14:24:48,962 - WARNING - 404 image found | offer_id=34858 | offer_url=https://www.cian.ru/sale/flat/318320025/
2026-01-14 14:24:48,962 - WARNING - 404 image found | offer_id=34841 | offer_url=https://www.cian.ru/sale/flat/318828024/
2026-01-14 14:24:48,962 - WARNING - 404 image found | offer_id=34863 | offer_url=https://www.cian.ru/sale/flat/318270610/
2026-01-14 14:24:48,983 - WARNING - 404 image found | offer_id=34866 | offer_url=https://www.cian.ru/sale/flat/318179791/
2026-01-14 14:24:48,991 - WARNING - 404 image found | offer_id=34884 | offer_url=https://www.cian.ru/sale/flat/317420369/
2026-01-14 14:24:48,991 - WARNING - 404 image found | offer_id=34882 | offer_url=https://www.cian.ru/sale/flat/317493298/
2026-01-14 14:24:48,992 - WARNING - 404 image found | offer_id=34888 | offer_url=https://www.cian.ru/sale/flat/317062786/
2026-01-14 14:24:48,992 - WARNING - 404 image found | offer_id=34879 | offer_url=https://www.cian.ru/sale/flat/317595378/
2026-01-14 14:24:48,992 - WARNING - 404 image found | offer_id=34892 | offer_url=https://www.cian.ru/sale/flat/316877121/
2026-01-14 14:24:48,995 - WARNING - 404 image found | offer_id=34903 | offer_url=https://www.cian.ru/sale/flat/316428047/
2026-01-14 14:24:48,996 - WARNING - 404 image found | offer_id=34894 | offer_url=https://www.cian.ru/sale/flat/316830803/
2026-01-14 14:24:48,997 - WARNING - 404 image found | offer_id=34905 | offer_url=https://www.cian.ru/sale/flat/316338063/
2026-01-14 14:24:49,007 - WARNING - 404 image found | offer_id=34912 | offer_url=https://www.cian.ru/sale/flat/315946644/
2026-01-14 14:24:49,010 - WARNING - 404 image found | offer_id=34907 | offer_url=https://www.cian.ru/sale/flat/316242727/
2026-01-14 14:24:49,012 - WARNING - 404 image found | offer_id=34904 | offer_url=https://www.cian.ru/sale/flat/316347588/
2026-01-14 14:24:49,013 - WARNING - 404 image found | offer_id=34927 | offer_url=https://www.cian.ru/sale/flat/314552835/
2026-01-14 14:24:49,015 - WARNING - 404 image found | offer_id=34916 | offer_url=https://www.cian.ru/sale/flat/315587546/
2026-01-14 14:24:49,016 - WARNING - 404 image found | offer_id=34930 | offer_url=https://www.cian.ru/sale/flat/314170421/
2026-01-14 14:24:49,021 - WARNING - 404 image found | offer_id=34919 | offer_url=https://www.cian.ru/sale/flat/315201810/
2026-01-14 14:24:49,025 - WARNING - 404 image found | offer_id=34928 | offer_url=https://www.cian.ru/sale/flat/314448636/
2026-01-14 14:24:49,025 - WARNING - 404 image found | offer_id=34923 | offer_url=https://www.cian.ru/sale/flat/314906424/
2026-01-14 14:24:49,025 - WARNING - 404 image found | offer_id=34922 | offer_url=https://www.cian.ru/sale/flat/314936612/
2026-01-14 14:24:49,027 - WARNING - 404 image found | offer_id=34926 | offer_url=https://www.cian.ru/sale/flat/314655215/
2026-01-14 14:24:49,027 - WARNING - 404 image found | offer_id=34915 | offer_url=https://www.cian.ru/sale/flat/315588382/
2026-01-14 14:24:49,027 - WARNING - 404 image found | offer_id=34918 | offer_url=https://www.cian.ru/sale/flat/315387648/
2026-01-14 14:24:49,034 - WARNING - 404 image found | offer_id=34826 | offer_url=https://www.cian.ru/sale/flat/319133348/
2026-01-14 14:24:49,036 - WARNING - 404 image found | offer_id=34947 | offer_url=https://www.cian.ru/sale/flat/312029620/
2026-01-14 14:24:49,040 - WARNING - 404 image found | offer_id=34910 | offer_url=https://www.cian.ru/sale/flat/316109643/
2026-01-14 14:24:49,041 - WARNING - 404 image found | offer_id=34943 | offer_url=https://www.cian.ru/sale/flat/312429592/
2026-01-14 14:24:49,047 - WARNING - 404 image found | offer_id=34958 | offer_url=https://www.cian.ru/sale/flat/310228918/
2026-01-14 14:24:49,055 - WARNING - 404 image found | offer_id=34965 | offer_url=https://www.cian.ru/sale/flat/308180298/
2026-01-14 14:24:49,055 - WARNING - 404 image found | offer_id=34960 | offer_url=https://www.cian.ru/sale/flat/309510932/
2026-01-14 14:24:49,058 - WARNING - 404 image found | offer_id=34974 | offer_url=https://www.cian.ru/sale/flat/305731107/
2026-01-14 14:24:49,058 - WARNING - 404 image found | offer_id=34973 | offer_url=https://www.cian.ru/sale/flat/306168065/
2026-01-14 14:24:49,059 - WARNING - 404 image found | offer_id=34944 | offer_url=https://www.cian.ru/sale/flat/312418666/
2026-01-14 14:24:49,059 - WARNING - 404 image found | offer_id=34968 | offer_url=https://www.cian.ru/sale/flat/307800332/
2026-01-14 14:24:49,061 - WARNING - 404 image found | offer_id=34966 | offer_url=https://www.cian.ru/sale/flat/307910527/
2026-01-14 14:24:49,062 - WARNING - 404 image found | offer_id=34957 | offer_url=https://www.cian.ru/sale/flat/310253020/
2026-01-14 14:24:49,066 - WARNING - 404 image found | offer_id=34978 | offer_url=https://www.cian.ru/sale/flat/304318696/
2026-01-14 14:24:49,071 - WARNING - 404 image found | offer_id=34938 | offer_url=https://www.cian.ru/sale/flat/313165612/
2026-01-14 14:24:49,071 - WARNING - 404 image found | offer_id=34971 | offer_url=https://www.cian.ru/sale/flat/307213560/
2026-01-14 14:24:49,075 - WARNING - 404 image found | offer_id=34980 | offer_url=https://www.cian.ru/sale/flat/303028774/
2026-01-14 14:24:49,081 - WARNING - 404 image found | offer_id=34998 | offer_url=https://www.cian.ru/sale/flat/282875714/
2026-01-14 14:24:49,083 - WARNING - 404 image found | offer_id=34994 | offer_url=https://www.cian.ru/sale/flat/295879334/
2026-01-14 14:24:49,084 - WARNING - 404 image found | offer_id=34990 | offer_url=https://www.cian.ru/sale/flat/297989561/
2026-01-14 14:24:49,087 - WARNING - 404 image found | offer_id=35007 | offer_url=https://www.cian.ru/sale/flat/323575368/
2026-01-14 14:24:49,089 - WARNING - 404 image found | offer_id=35003 | offer_url=https://www.cian.ru/sale/flat/256759435/
2026-01-14 14:24:49,091 - WARNING - 404 image found | offer_id=35009 | offer_url=https://www.cian.ru/sale/flat/323572871/
2026-01-14 14:24:49,093 - WARNING - 404 image found | offer_id=35008 | offer_url=https://www.cian.ru/sale/flat/323573374/
2026-01-14 14:24:49,094 - WARNING - 404 image found | offer_id=35019 | offer_url=https://www.cian.ru/sale/flat/323555698/
2026-01-14 14:24:49,100 - WARNING - 404 image found | offer_id=35012 | offer_url=https://www.cian.ru/sale/flat/323571529/
2026-01-14 14:24:49,101 - WARNING - 404 image found | offer_id=34921 | offer_url=https://www.cian.ru/sale/flat/315007694/
2026-01-14 14:24:49,101 - WARNING - 404 image found | offer_id=35018 | offer_url=https://www.cian.ru/sale/flat/323558330/
2026-01-14 14:24:49,102 - WARNING - 404 image found | offer_id=35034 | offer_url=https://www.cian.ru/sale/flat/323522614/
2026-01-14 14:24:49,103 - WARNING - 404 image found | offer_id=35022 | offer_url=https://www.cian.ru/sale/flat/323545126/
2026-01-14 14:24:49,104 - WARNING - 404 image found | offer_id=35023 | offer_url=https://www.cian.ru/sale/flat/323542492/
2026-01-14 14:24:49,104 - WARNING - 404 image found | offer_id=35013 | offer_url=https://www.cian.ru/sale/flat/323569086/
2026-01-14 14:24:49,106 - WARNING - 404 image found | offer_id=35014 | offer_url=https://www.cian.ru/sale/flat/323569043/
2026-01-14 14:24:49,110 - WARNING - 404 image found | offer_id=35031 | offer_url=https://www.cian.ru/sale/flat/323530551/
2026-01-14 14:24:49,112 - WARNING - 404 image found | offer_id=35021 | offer_url=https://www.cian.ru/sale/flat/323553355/
2026-01-14 14:24:49,113 - WARNING - 404 image found | offer_id=35037 | offer_url=https://www.cian.ru/sale/flat/323509778/
2026-01-14 14:24:49,115 - WARNING - 404 image found | offer_id=35036 | offer_url=https://www.cian.ru/sale/flat/323516305/
2026-01-14 14:24:49,116 - WARNING - 404 image found | offer_id=35016 | offer_url=https://www.cian.ru/sale/flat/323561069/
2026-01-14 14:24:49,117 - WARNING - 404 image found | offer_id=35026 | offer_url=https://www.cian.ru/sale/flat/323539673/
2026-01-14 14:24:49,119 - WARNING - 404 image found | offer_id=35032 | offer_url=https://www.cian.ru/sale/flat/323526476/
2026-01-14 14:24:49,121 - WARNING - 404 image found | offer_id=35041 | offer_url=https://www.cian.ru/sale/flat/323492504/
2026-01-14 14:24:49,121 - WARNING - 404 image found | offer_id=35038 | offer_url=https://www.cian.ru/sale/flat/323505410/
2026-01-14 14:24:49,123 - WARNING - 404 image found | offer_id=35051 | offer_url=https://www.cian.ru/sale/flat/323481097/
2026-01-14 14:24:49,125 - WARNING - 404 image found | offer_id=34988 | offer_url=https://www.cian.ru/sale/flat/298901736/
2026-01-14 14:24:49,133 - WARNING - 404 image found | offer_id=35059 | offer_url=https://www.cian.ru/sale/flat/323457620/
2026-01-14 14:24:49,134 - WARNING - 404 image found | offer_id=35042 | offer_url=https://www.cian.ru/sale/flat/323490321/
2026-01-14 14:24:49,134 - WARNING - 404 image found | offer_id=35039 | offer_url=https://www.cian.ru/sale/flat/323499456/
2026-01-14 14:24:49,138 - WARNING - 404 image found | offer_id=35057 | offer_url=https://www.cian.ru/sale/flat/323459801/
2026-01-14 14:24:49,140 - WARNING - 404 image found | offer_id=35062 | offer_url=https://www.cian.ru/sale/flat/323452598/
2026-01-14 14:24:49,142 - WARNING - 404 image found | offer_id=35060 | offer_url=https://www.cian.ru/sale/flat/323457538/
2026-01-14 14:24:49,142 - WARNING - 404 image found | offer_id=35056 | offer_url=https://www.cian.ru/sale/flat/323469237/
2026-01-14 14:24:49,143 - WARNING - 404 image found | offer_id=35029 | offer_url=https://www.cian.ru/sale/flat/323537162/
2026-01-14 14:24:49,143 - WARNING - 404 image found | offer_id=35065 | offer_url=https://www.cian.ru/sale/flat/323447698/
2026-01-14 14:24:49,144 - WARNING - 404 image found | offer_id=35069 | offer_url=https://www.cian.ru/sale/flat/323439582/
2026-01-14 14:24:49,144 - WARNING - 404 image found | offer_id=35061 | offer_url=https://www.cian.ru/sale/flat/323455138/
2026-01-14 14:24:49,146 - WARNING - 404 image found | offer_id=35067 | offer_url=https://www.cian.ru/sale/flat/323441219/
2026-01-14 14:24:49,147 - WARNING - 404 image found | offer_id=35064 | offer_url=https://www.cian.ru/sale/flat/323449023/
2026-01-14 14:24:49,150 - WARNING - 404 image found | offer_id=35076 | offer_url=https://www.cian.ru/sale/flat/323437023/
2026-01-14 14:24:49,153 - WARNING - 404 image found | offer_id=35049 | offer_url=https://www.cian.ru/sale/flat/323481381/
2026-01-14 14:24:49,154 - WARNING - 404 image found | offer_id=34997 | offer_url=https://www.cian.ru/sale/flat/287387343/
2026-01-14 14:24:49,154 - WARNING - 404 image found | offer_id=35077 | offer_url=https://www.cian.ru/sale/flat/323430488/
2026-01-14 14:24:49,155 - WARNING - 404 image found | offer_id=35075 | offer_url=https://www.cian.ru/sale/flat/323437232/
2026-01-14 14:24:49,155 - WARNING - 404 image found | offer_id=35063 | offer_url=https://www.cian.ru/sale/flat/323449109/
2026-01-14 14:24:49,157 - WARNING - 404 image found | offer_id=35078 | offer_url=https://www.cian.ru/sale/flat/323425855/
2026-01-14 14:24:49,161 - WARNING - 404 image found | offer_id=35091 | offer_url=https://www.cian.ru/sale/flat/323394963/
2026-01-14 14:24:49,162 - WARNING - 404 image found | offer_id=35093 | offer_url=https://www.cian.ru/sale/flat/323390947/
2026-01-14 14:24:49,162 - WARNING - 404 image found | offer_id=35088 | offer_url=https://www.cian.ru/sale/flat/323398670/
2026-01-14 14:24:49,163 - WARNING - 404 image found | offer_id=35090 | offer_url=https://www.cian.ru/sale/flat/323396008/
2026-01-14 14:24:49,164 - WARNING - 404 image found | offer_id=35087 | offer_url=https://www.cian.ru/sale/flat/323400933/
2026-01-14 14:24:49,168 - WARNING - 404 image found | offer_id=35095 | offer_url=https://www.cian.ru/sale/flat/323390537/
2026-01-14 14:24:49,169 - WARNING - 404 image found | offer_id=35094 | offer_url=https://www.cian.ru/sale/flat/323390945/
2026-01-14 14:24:49,170 - WARNING - 404 image found | offer_id=35092 | offer_url=https://www.cian.ru/sale/flat/323394869/
2026-01-14 14:24:49,173 - WARNING - 404 image found | offer_id=35101 | offer_url=https://www.cian.ru/sale/flat/323379916/
2026-01-14 14:24:49,174 - WARNING - 404 image found | offer_id=35100 | offer_url=https://www.cian.ru/sale/flat/323384380/
2026-01-14 14:24:49,177 - WARNING - 404 image found | offer_id=35085 | offer_url=https://www.cian.ru/sale/flat/323400947/
2026-01-14 14:24:49,182 - WARNING - 404 image found | offer_id=35110 | offer_url=https://www.cian.ru/sale/flat/323355155/
2026-01-14 14:24:49,184 - WARNING - 404 image found | offer_id=35108 | offer_url=https://www.cian.ru/sale/flat/323360525/
2026-01-14 14:24:49,185 - WARNING - 404 image found | offer_id=35115 | offer_url=https://www.cian.ru/sale/flat/323348223/
2026-01-14 14:24:49,185 - WARNING - 404 image found | offer_id=35079 | offer_url=https://www.cian.ru/sale/flat/323418776/
2026-01-14 14:24:49,186 - WARNING - 404 image found | offer_id=35096 | offer_url=https://www.cian.ru/sale/flat/323389886/
2026-01-14 14:24:49,187 - WARNING - 404 image found | offer_id=35114 | offer_url=https://www.cian.ru/sale/flat/323348423/
2026-01-14 14:24:49,187 - WARNING - 404 image found | offer_id=35118 | offer_url=https://www.cian.ru/sale/flat/323333782/
2026-01-14 14:24:49,188 - WARNING - 404 image found | offer_id=35111 | offer_url=https://www.cian.ru/sale/flat/323353062/
2026-01-14 14:24:49,189 - WARNING - 404 image found | offer_id=35109 | offer_url=https://www.cian.ru/sale/flat/323358949/
2026-01-14 14:24:49,190 - WARNING - 404 image found | offer_id=35099 | offer_url=https://www.cian.ru/sale/flat/323385620/
2026-01-14 14:24:49,191 - WARNING - 404 image found | offer_id=34876 | offer_url=https://www.cian.ru/sale/flat/317703433/
2026-01-14 14:24:49,194 - WARNING - 404 image found | offer_id=35112 | offer_url=https://www.cian.ru/sale/flat/323352791/
2026-01-14 14:24:49,194 - WARNING - 404 image found | offer_id=35097 | offer_url=https://www.cian.ru/sale/flat/323388072/
2026-01-14 14:24:49,196 - WARNING - 404 image found | offer_id=35122 | offer_url=https://www.cian.ru/sale/flat/323326848/
2026-01-14 14:24:49,199 - WARNING - 404 image found | offer_id=35102 | offer_url=https://www.cian.ru/sale/flat/323375954/
2026-01-14 14:24:49,203 - WARNING - 404 image found | offer_id=35126 | offer_url=https://www.cian.ru/sale/flat/323319629/
2026-01-14 14:24:49,209 - WARNING - 404 image found | offer_id=35131 | offer_url=https://www.cian.ru/sale/flat/323297217/
2026-01-14 14:24:49,213 - WARNING - 404 image found | offer_id=35143 | offer_url=https://www.cian.ru/sale/flat/323267099/
2026-01-14 14:24:49,223 - WARNING - 404 image found | offer_id=35137 | offer_url=https://www.cian.ru/sale/flat/323278937/
2026-01-14 14:24:49,223 - WARNING - 404 image found | offer_id=35155 | offer_url=https://www.cian.ru/sale/flat/323250597/
2026-01-14 14:24:49,223 - WARNING - 404 image found | offer_id=35158 | offer_url=https://www.cian.ru/sale/flat/323240952/
2026-01-14 14:24:49,224 - WARNING - 404 image found | offer_id=35132 | offer_url=https://www.cian.ru/sale/flat/323290785/
2026-01-14 14:24:49,224 - WARNING - 404 image found | offer_id=35145 | offer_url=https://www.cian.ru/sale/flat/323265379/
2026-01-14 14:24:49,225 - WARNING - 404 image found | offer_id=35080 | offer_url=https://www.cian.ru/sale/flat/323412170/
2026-01-14 14:24:49,225 - WARNING - 404 image found | offer_id=35121 | offer_url=https://www.cian.ru/sale/flat/323330993/
2026-01-14 14:24:49,226 - WARNING - 404 image found | offer_id=35153 | offer_url=https://www.cian.ru/sale/flat/323254598/
2026-01-14 14:24:49,226 - WARNING - 404 image found | offer_id=35149 | offer_url=https://www.cian.ru/sale/flat/323260925/
2026-01-14 14:24:49,227 - WARNING - 404 image found | offer_id=35154 | offer_url=https://www.cian.ru/sale/flat/323251187/
2026-01-14 14:24:49,229 - WARNING - 404 image found | offer_id=35141 | offer_url=https://www.cian.ru/sale/flat/323268326/
2026-01-14 14:24:49,229 - WARNING - 404 image found | offer_id=35159 | offer_url=https://www.cian.ru/sale/flat/323238820/
2026-01-14 14:24:49,233 - WARNING - 404 image found | offer_id=35133 | offer_url=https://www.cian.ru/sale/flat/323284722/
2026-01-14 14:24:49,233 - WARNING - 404 image found | offer_id=35125 | offer_url=https://www.cian.ru/sale/flat/323319688/
2026-01-14 14:24:49,237 - WARNING - 404 image found | offer_id=35161 | offer_url=https://www.cian.ru/sale/flat/323231523/
2026-01-14 14:24:49,238 - WARNING - 404 image found | offer_id=35162 | offer_url=https://www.cian.ru/sale/flat/323229478/
2026-01-14 14:24:49,240 - WARNING - 404 image found | offer_id=35043 | offer_url=https://www.cian.ru/sale/flat/323487234/
2026-01-14 14:24:49,241 - WARNING - 404 image found | offer_id=35160 | offer_url=https://www.cian.ru/sale/flat/323231956/
2026-01-14 14:24:49,241 - WARNING - 404 image found | offer_id=35163 | offer_url=https://www.cian.ru/sale/flat/323218858/
2026-01-14 14:24:49,242 - WARNING - 404 image found | offer_id=35169 | offer_url=https://www.cian.ru/sale/flat/323195673/
2026-01-14 14:24:49,243 - WARNING - 404 image found | offer_id=35177 | offer_url=https://www.cian.ru/sale/flat/323173106/
2026-01-14 14:24:49,245 - WARNING - 404 image found | offer_id=35173 | offer_url=https://www.cian.ru/sale/flat/323191236/
2026-01-14 14:24:49,246 - WARNING - 404 image found | offer_id=35179 | offer_url=https://www.cian.ru/sale/flat/323171263/
2026-01-14 14:24:49,247 - WARNING - 404 image found | offer_id=35171 | offer_url=https://www.cian.ru/sale/flat/323195076/
2026-01-14 14:24:49,248 - WARNING - 404 image found | offer_id=35176 | offer_url=https://www.cian.ru/sale/flat/323172211/
2026-01-14 14:24:49,248 - WARNING - 404 image found | offer_id=35142 | offer_url=https://www.cian.ru/sale/flat/323267935/
2026-01-14 14:24:49,251 - WARNING - 404 image found | offer_id=35174 | offer_url=https://www.cian.ru/sale/flat/323183553/
2026-01-14 14:24:49,254 - WARNING - 404 image found | offer_id=35167 | offer_url=https://www.cian.ru/sale/flat/323201306/
2026-01-14 14:24:49,254 - WARNING - 404 image found | offer_id=35178 | offer_url=https://www.cian.ru/sale/flat/323171650/
2026-01-14 14:24:49,255 - WARNING - 404 image found | offer_id=35182 | offer_url=https://www.cian.ru/sale/flat/323166293/
2026-01-14 14:24:49,258 - WARNING - 404 image found | offer_id=35170 | offer_url=https://www.cian.ru/sale/flat/323195533/
2026-01-14 14:24:49,260 - WARNING - 404 image found | offer_id=35191 | offer_url=https://www.cian.ru/sale/flat/323157439/
2026-01-14 14:24:49,262 - WARNING - 404 image found | offer_id=35189 | offer_url=https://www.cian.ru/sale/flat/323159613/
2026-01-14 14:24:49,263 - WARNING - 404 image found | offer_id=35198 | offer_url=https://www.cian.ru/sale/flat/323132000/
2026-01-14 14:24:49,264 - WARNING - 404 image found | offer_id=35190 | offer_url=https://www.cian.ru/sale/flat/323158357/
2026-01-14 14:24:49,266 - WARNING - 404 image found | offer_id=35204 | offer_url=https://www.cian.ru/sale/flat/323112852/
2026-01-14 14:24:49,268 - WARNING - 404 image found | offer_id=35194 | offer_url=https://www.cian.ru/sale/flat/323141530/
2026-01-14 14:24:49,269 - WARNING - 404 image found | offer_id=35195 | offer_url=https://www.cian.ru/sale/flat/323138885/
2026-01-14 14:24:49,274 - WARNING - 404 image found | offer_id=35209 | offer_url=https://www.cian.ru/sale/flat/323100207/
2026-01-14 14:24:49,276 - WARNING - 404 image found | offer_id=35205 | offer_url=https://www.cian.ru/sale/flat/323116587/
2026-01-14 14:24:49,277 - WARNING - 404 image found | offer_id=35213 | offer_url=https://www.cian.ru/sale/flat/323091846/
2026-01-14 14:24:49,279 - WARNING - 404 image found | offer_id=35214 | offer_url=https://www.cian.ru/sale/flat/323090373/
2026-01-14 14:24:49,282 - WARNING - 404 image found | offer_id=35200 | offer_url=https://www.cian.ru/sale/flat/323130984/
2026-01-14 14:24:49,282 - WARNING - 404 image found | offer_id=35201 | offer_url=https://www.cian.ru/sale/flat/323128047/
2026-01-14 14:24:49,283 - WARNING - 404 image found | offer_id=35220 | offer_url=https://www.cian.ru/sale/flat/323065239/
2026-01-14 14:24:49,286 - WARNING - 404 image found | offer_id=35215 | offer_url=https://www.cian.ru/sale/flat/323087218/
2026-01-14 14:24:49,287 - WARNING - 404 image found | offer_id=35199 | offer_url=https://www.cian.ru/sale/flat/323131303/
2026-01-14 14:24:49,287 - WARNING - 404 image found | offer_id=35223 | offer_url=https://www.cian.ru/sale/flat/323057184/
2026-01-14 14:24:49,288 - WARNING - 404 image found | offer_id=35217 | offer_url=https://www.cian.ru/sale/flat/323086442/
2026-01-14 14:24:49,289 - WARNING - 404 image found | offer_id=35226 | offer_url=https://www.cian.ru/sale/flat/323050514/
2026-01-14 14:24:49,293 - WARNING - 404 image found | offer_id=35227 | offer_url=https://www.cian.ru/sale/flat/323040931/
2026-01-14 14:24:49,294 - WARNING - 404 image found | offer_id=35219 | offer_url=https://www.cian.ru/sale/flat/323086408/
2026-01-14 14:24:49,299 - WARNING - 404 image found | offer_id=35232 | offer_url=https://www.cian.ru/sale/flat/323035345/
2026-01-14 14:24:49,300 - WARNING - 404 image found | offer_id=35231 | offer_url=https://www.cian.ru/sale/flat/323036612/
2026-01-14 14:24:49,303 - WARNING - 404 image found | offer_id=35237 | offer_url=https://www.cian.ru/sale/flat/323025385/
2026-01-14 14:24:49,305 - WARNING - 404 image found | offer_id=35243 | offer_url=https://www.cian.ru/sale/flat/323005125/
2026-01-14 14:24:49,307 - WARNING - 404 image found | offer_id=35239 | offer_url=https://www.cian.ru/sale/flat/323015356/
2026-01-14 14:24:49,308 - WARNING - 404 image found | offer_id=35247 | offer_url=https://www.cian.ru/sale/flat/322982153/
2026-01-14 14:24:49,309 - WARNING - 404 image found | offer_id=35240 | offer_url=https://www.cian.ru/sale/flat/323015292/
2026-01-14 14:24:49,310 - WARNING - 404 image found | offer_id=35235 | offer_url=https://www.cian.ru/sale/flat/323026439/
2026-01-14 14:24:49,311 - WARNING - 404 image found | offer_id=35246 | offer_url=https://www.cian.ru/sale/flat/322980674/
2026-01-14 14:24:49,313 - WARNING - 404 image found | offer_id=35187 | offer_url=https://www.cian.ru/sale/flat/323159844/
2026-01-14 14:24:49,316 - WARNING - 404 image found | offer_id=35140 | offer_url=https://www.cian.ru/sale/flat/323269357/
2026-01-14 14:24:49,317 - WARNING - 404 image found | offer_id=35216 | offer_url=https://www.cian.ru/sale/flat/323086790/
2026-01-14 14:24:49,321 - WARNING - 404 image found | offer_id=35258 | offer_url=https://www.cian.ru/sale/flat/322940858/
2026-01-14 14:24:49,323 - WARNING - 404 image found | offer_id=35254 | offer_url=https://www.cian.ru/sale/flat/322957744/
2026-01-14 14:24:49,327 - WARNING - 404 image found | offer_id=35259 | offer_url=https://www.cian.ru/sale/flat/322934671/
2026-01-14 14:24:49,327 - WARNING - 404 image found | offer_id=35260 | offer_url=https://www.cian.ru/sale/flat/322929028/
2026-01-14 14:24:49,328 - WARNING - 404 image found | offer_id=35098 | offer_url=https://www.cian.ru/sale/flat/323385689/
2026-01-14 14:24:49,328 - WARNING - 404 image found | offer_id=35249 | offer_url=https://www.cian.ru/sale/flat/322976162/
2026-01-14 14:24:49,329 - WARNING - 404 image found | offer_id=35263 | offer_url=https://www.cian.ru/sale/flat/322927364/
2026-01-14 14:24:49,332 - WARNING - 404 image found | offer_id=35264 | offer_url=https://www.cian.ru/sale/flat/322927175/
2026-01-14 14:24:49,333 - WARNING - 404 image found | offer_id=35267 | offer_url=https://www.cian.ru/sale/flat/322916616/
2026-01-14 14:24:49,333 - WARNING - 404 image found | offer_id=35261 | offer_url=https://www.cian.ru/sale/flat/322929329/
2026-01-14 14:24:49,335 - WARNING - 404 image found | offer_id=35222 | offer_url=https://www.cian.ru/sale/flat/323057748/
2026-01-14 14:24:49,337 - WARNING - 404 image found | offer_id=35196 | offer_url=https://www.cian.ru/sale/flat/323136986/
2026-01-14 14:24:49,338 - WARNING - 404 image found | offer_id=35270 | offer_url=https://www.cian.ru/sale/flat/322904152/
2026-01-14 14:24:49,339 - WARNING - 404 image found | offer_id=35262 | offer_url=https://www.cian.ru/sale/flat/322928067/
2026-01-14 14:24:49,343 - WARNING - 404 image found | offer_id=35244 | offer_url=https://www.cian.ru/sale/flat/323004803/
2026-01-14 14:24:49,344 - WARNING - 404 image found | offer_id=35278 | offer_url=https://www.cian.ru/sale/flat/322871978/
2026-01-14 14:24:49,345 - WARNING - 404 image found | offer_id=35279 | offer_url=https://www.cian.ru/sale/flat/322866737/
2026-01-14 14:24:49,346 - WARNING - 404 image found | offer_id=35277 | offer_url=https://www.cian.ru/sale/flat/322878060/
2026-01-14 14:24:49,348 - WARNING - 404 image found | offer_id=35283 | offer_url=https://www.cian.ru/sale/flat/322856684/
2026-01-14 14:24:49,350 - WARNING - 404 image found | offer_id=35280 | offer_url=https://www.cian.ru/sale/flat/322864925/
2026-01-14 14:24:49,351 - WARNING - 404 image found | offer_id=35286 | offer_url=https://www.cian.ru/sale/flat/322850809/
2026-01-14 14:24:49,352 - WARNING - 404 image found | offer_id=35291 | offer_url=https://www.cian.ru/sale/flat/322841259/
2026-01-14 14:24:49,353 - WARNING - 404 image found | offer_id=35257 | offer_url=https://www.cian.ru/sale/flat/322951731/
2026-01-14 14:24:49,356 - WARNING - 404 image found | offer_id=35281 | offer_url=https://www.cian.ru/sale/flat/322859643/
2026-01-14 14:24:49,356 - WARNING - 404 image found | offer_id=35165 | offer_url=https://www.cian.ru/sale/flat/323207522/
2026-01-14 14:24:49,357 - WARNING - 404 image found | offer_id=35292 | offer_url=https://www.cian.ru/sale/flat/322840565/
2026-01-14 14:24:49,358 - WARNING - 404 image found | offer_id=35287 | offer_url=https://www.cian.ru/sale/flat/322850128/
2026-01-14 14:24:49,359 - WARNING - 404 image found | offer_id=35288 | offer_url=https://www.cian.ru/sale/flat/322847722/
2026-01-14 14:24:49,362 - WARNING - 404 image found | offer_id=35301 | offer_url=https://www.cian.ru/sale/flat/322803305/
2026-01-14 14:24:49,364 - WARNING - 404 image found | offer_id=35304 | offer_url=https://www.cian.ru/sale/flat/322792257/
2026-01-14 14:24:49,365 - WARNING - 404 image found | offer_id=35303 | offer_url=https://www.cian.ru/sale/flat/322793745/
2026-01-14 14:24:49,366 - WARNING - 404 image found | offer_id=35294 | offer_url=https://www.cian.ru/sale/flat/322829786/
2026-01-14 14:24:49,366 - WARNING - 404 image found | offer_id=35230 | offer_url=https://www.cian.ru/sale/flat/323036948/
2026-01-14 14:24:49,366 - WARNING - 404 image found | offer_id=35295 | offer_url=https://www.cian.ru/sale/flat/322825703/
2026-01-14 14:24:49,367 - WARNING - 404 image found | offer_id=35300 | offer_url=https://www.cian.ru/sale/flat/322804830/
2026-01-14 14:24:49,368 - WARNING - 404 image found | offer_id=35293 | offer_url=https://www.cian.ru/sale/flat/322836510/
2026-01-14 14:24:49,369 - WARNING - 404 image found | offer_id=35306 | offer_url=https://www.cian.ru/sale/flat/322790892/
2026-01-14 14:24:49,371 - WARNING - 404 image found | offer_id=35297 | offer_url=https://www.cian.ru/sale/flat/322816519/
2026-01-14 14:24:49,376 - WARNING - 404 image found | offer_id=35310 | offer_url=https://www.cian.ru/sale/flat/322778065/
2026-01-14 14:24:49,377 - WARNING - 404 image found | offer_id=35296 | offer_url=https://www.cian.ru/sale/flat/322819102/
2026-01-14 14:24:49,381 - WARNING - 404 image found | offer_id=35317 | offer_url=https://www.cian.ru/sale/flat/322737553/
2026-01-14 14:24:49,381 - WARNING - 404 image found | offer_id=35313 | offer_url=https://www.cian.ru/sale/flat/322767317/
2026-01-14 14:24:49,382 - WARNING - 404 image found | offer_id=35320 | offer_url=https://www.cian.ru/sale/flat/322728233/
2026-01-14 14:24:49,382 - WARNING - 404 image found | offer_id=35314 | offer_url=https://www.cian.ru/sale/flat/322746265/
2026-01-14 14:24:49,383 - WARNING - 404 image found | offer_id=35319 | offer_url=https://www.cian.ru/sale/flat/322728647/
2026-01-14 14:24:49,383 - WARNING - 404 image found | offer_id=35289 | offer_url=https://www.cian.ru/sale/flat/322843773/
2026-01-14 14:24:49,385 - WARNING - 404 image found | offer_id=35316 | offer_url=https://www.cian.ru/sale/flat/322738578/
2026-01-14 14:24:49,385 - WARNING - 404 image found | offer_id=35326 | offer_url=https://www.cian.ru/sale/flat/322705070/
2026-01-14 14:24:49,388 - WARNING - 404 image found | offer_id=35315 | offer_url=https://www.cian.ru/sale/flat/322740364/
2026-01-14 14:24:49,389 - WARNING - 404 image found | offer_id=35329 | offer_url=https://www.cian.ru/sale/flat/322705015/
2026-01-14 14:24:49,392 - WARNING - 404 image found | offer_id=35331 | offer_url=https://www.cian.ru/sale/flat/322704974/
2026-01-14 14:24:49,393 - WARNING - 404 image found | offer_id=35330 | offer_url=https://www.cian.ru/sale/flat/322704983/
2026-01-14 14:24:49,393 - WARNING - 404 image found | offer_id=35334 | offer_url=https://www.cian.ru/sale/flat/322704956/
2026-01-14 14:24:49,393 - WARNING - 404 image found | offer_id=35323 | offer_url=https://www.cian.ru/sale/flat/322713036/
2026-01-14 14:24:49,394 - WARNING - 404 image found | offer_id=35332 | offer_url=https://www.cian.ru/sale/flat/322704960/
2026-01-14 14:24:49,394 - WARNING - 404 image found | offer_id=35328 | offer_url=https://www.cian.ru/sale/flat/322705024/
2026-01-14 14:24:49,394 - WARNING - 404 image found | offer_id=35327 | offer_url=https://www.cian.ru/sale/flat/322705069/
2026-01-14 14:24:49,395 - WARNING - 404 image found | offer_id=35324 | offer_url=https://www.cian.ru/sale/flat/322711694/
2026-01-14 14:24:49,395 - WARNING - 404 image found | offer_id=35308 | offer_url=https://www.cian.ru/sale/flat/322788544/
2026-01-14 14:24:49,403 - WARNING - 404 image found | offer_id=35335 | offer_url=https://www.cian.ru/sale/flat/322699588/
2026-01-14 14:24:49,404 - WARNING - 404 image found | offer_id=35325 | offer_url=https://www.cian.ru/sale/flat/322705073/
2026-01-14 14:24:49,410 - WARNING - 404 image found | offer_id=35266 | offer_url=https://www.cian.ru/sale/flat/322919719/
2026-01-14 14:24:49,411 - WARNING - 404 image found | offer_id=35337 | offer_url=https://www.cian.ru/sale/flat/322697760/
2026-01-14 14:24:49,421 - WARNING - 404 image found | offer_id=35298 | offer_url=https://www.cian.ru/sale/flat/322813724/
2026-01-14 14:24:49,451 - WARNING - 404 image found | offer_id=35275 | offer_url=https://www.cian.ru/sale/flat/322884617/
2026-01-14 14:24:49,461 - WARNING - FK violation on batch delete, falling back to per-offer handling: [34957, 34958, 34960, 34965, 34966, 34968, 34971, 34973, 34974, 34978, 34980, 34988, 34990, 34994, 34997, 34998, 35003, 35007, 35008, 35009, 35012, 35013, 35014, 35016, 35018, 35019, 35021, 35022, 35023, 35026, 35029, 35031, 35032, 35034, 35036, 35037, 35038, 35039, 35041, 35042, 35043, 35049, 35051, 35056, 35057, 35059, 35060, 35061, 35062, 35063, 35064, 35065, 35067, 35069, 35075, 35076, 35077, 35078, 35079, 35080, 35085, 35087, 35088, 35090, 35091, 35092, 35093, 35094, 35095, 35096, 35097, 35098, 35099, 35100, 35101, 35102, 35108, 35109, 35110, 35111, 35112, 35114, 35115, 35118, 35121, 35122, 35125, 35126, 35131, 35132, 35133, 35137, 35140, 35141, 35142, 35143, 35145, 35149, 35153, 35154]
2026-01-14 14:24:49,556 - INFO - checked=6500, 404=4014, deleted=3999, deactivated=1, speed=236.4/s
2026-01-14 14:24:49,556 - INFO - Batch #14, last_id=35337
2026-01-14 14:24:49,580 - WARNING - 404 image found | offer_id=35345 | offer_url=https://www.cian.ru/sale/flat/322681752/
2026-01-14 14:24:49,581 - WARNING - 404 image found | offer_id=35350 | offer_url=https://www.cian.ru/sale/flat/322667039/
2026-01-14 14:24:49,585 - WARNING - 404 image found | offer_id=35340 | offer_url=https://www.cian.ru/sale/flat/322692699/
2026-01-14 14:24:49,586 - WARNING - 404 image found | offer_id=35360 | offer_url=https://www.cian.ru/sale/flat/322650309/
2026-01-14 14:24:49,586 - WARNING - 404 image found | offer_id=35341 | offer_url=https://www.cian.ru/sale/flat/322690840/
2026-01-14 14:24:49,586 - WARNING - 404 image found | offer_id=35342 | offer_url=https://www.cian.ru/sale/flat/322690817/
2026-01-14 14:24:49,587 - WARNING - 404 image found | offer_id=35349 | offer_url=https://www.cian.ru/sale/flat/322667045/
2026-01-14 14:24:49,587 - WARNING - 404 image found | offer_id=35348 | offer_url=https://www.cian.ru/sale/flat/322667049/
2026-01-14 14:24:49,588 - WARNING - 404 image found | offer_id=35344 | offer_url=https://www.cian.ru/sale/flat/322682202/
2026-01-14 14:24:49,588 - WARNING - 404 image found | offer_id=35343 | offer_url=https://www.cian.ru/sale/flat/322689670/
2026-01-14 14:24:49,589 - WARNING - 404 image found | offer_id=35347 | offer_url=https://www.cian.ru/sale/flat/322667052/
2026-01-14 14:24:49,592 - WARNING - 404 image found | offer_id=35359 | offer_url=https://www.cian.ru/sale/flat/322652514/
2026-01-14 14:24:49,592 - WARNING - 404 image found | offer_id=35355 | offer_url=https://www.cian.ru/sale/flat/322656722/
2026-01-14 14:24:49,598 - WARNING - 404 image found | offer_id=35372 | offer_url=https://www.cian.ru/sale/flat/322604231/
2026-01-14 14:24:49,599 - WARNING - 404 image found | offer_id=35365 | offer_url=https://www.cian.ru/sale/flat/322623603/
2026-01-14 14:24:49,603 - WARNING - 404 image found | offer_id=35369 | offer_url=https://www.cian.ru/sale/flat/322619561/
2026-01-14 14:24:49,604 - WARNING - 404 image found | offer_id=35375 | offer_url=https://www.cian.ru/sale/flat/322598149/
2026-01-14 14:24:49,604 - WARNING - 404 image found | offer_id=35370 | offer_url=https://www.cian.ru/sale/flat/322618415/
2026-01-14 14:24:49,605 - WARNING - 404 image found | offer_id=35371 | offer_url=https://www.cian.ru/sale/flat/322606810/
2026-01-14 14:24:49,605 - WARNING - 404 image found | offer_id=35376 | offer_url=https://www.cian.ru/sale/flat/322596662/
2026-01-14 14:24:49,607 - WARNING - 404 image found | offer_id=35388 | offer_url=https://www.cian.ru/sale/flat/322502938/
2026-01-14 14:24:49,609 - WARNING - 404 image found | offer_id=35385 | offer_url=https://www.cian.ru/sale/flat/322530255/
2026-01-14 14:24:49,610 - WARNING - 404 image found | offer_id=35377 | offer_url=https://www.cian.ru/sale/flat/322596088/
2026-01-14 14:24:49,611 - WARNING - 404 image found | offer_id=35379 | offer_url=https://www.cian.ru/sale/flat/322585519/
2026-01-14 14:24:49,612 - WARNING - 404 image found | offer_id=35351 | offer_url=https://www.cian.ru/sale/flat/322667021/
2026-01-14 14:24:49,613 - WARNING - 404 image found | offer_id=35390 | offer_url=https://www.cian.ru/sale/flat/322484099/
2026-01-14 14:24:49,613 - WARNING - 404 image found | offer_id=35386 | offer_url=https://www.cian.ru/sale/flat/322536817/
2026-01-14 14:24:49,614 - WARNING - 404 image found | offer_id=35382 | offer_url=https://www.cian.ru/sale/flat/322560485/
2026-01-14 14:24:49,617 - WARNING - 404 image found | offer_id=35391 | offer_url=https://www.cian.ru/sale/flat/322482320/
2026-01-14 14:24:49,619 - WARNING - 404 image found | offer_id=35395 | offer_url=https://www.cian.ru/sale/flat/322450071/
2026-01-14 14:24:49,620 - WARNING - 404 image found | offer_id=35392 | offer_url=https://www.cian.ru/sale/flat/322461589/
2026-01-14 14:24:49,621 - WARNING - 404 image found | offer_id=35378 | offer_url=https://www.cian.ru/sale/flat/322590528/
2026-01-14 14:24:49,622 - WARNING - 404 image found | offer_id=35362 | offer_url=https://www.cian.ru/sale/flat/322644556/
2026-01-14 14:24:49,623 - WARNING - 404 image found | offer_id=35396 | offer_url=https://www.cian.ru/sale/flat/322445069/
2026-01-14 14:24:49,626 - WARNING - 404 image found | offer_id=35403 | offer_url=https://www.cian.ru/sale/flat/322418081/
2026-01-14 14:24:49,629 - WARNING - 404 image found | offer_id=35404 | offer_url=https://www.cian.ru/sale/flat/322415490/
2026-01-14 14:24:49,632 - WARNING - 404 image found | offer_id=35400 | offer_url=https://www.cian.ru/sale/flat/322431111/
2026-01-14 14:24:49,634 - WARNING - 404 image found | offer_id=35408 | offer_url=https://www.cian.ru/sale/flat/322374505/
2026-01-14 14:24:49,635 - WARNING - 404 image found | offer_id=35409 | offer_url=https://www.cian.ru/sale/flat/322346872/
2026-01-14 14:24:49,636 - WARNING - 404 image found | offer_id=35423 | offer_url=https://www.cian.ru/sale/flat/322267696/
2026-01-14 14:24:49,636 - WARNING - 404 image found | offer_id=35417 | offer_url=https://www.cian.ru/sale/flat/322311640/
2026-01-14 14:24:49,640 - WARNING - 404 image found | offer_id=35424 | offer_url=https://www.cian.ru/sale/flat/322245784/
2026-01-14 14:24:49,642 - WARNING - 404 image found | offer_id=35425 | offer_url=https://www.cian.ru/sale/flat/322241697/
2026-01-14 14:24:49,642 - WARNING - 404 image found | offer_id=35426 | offer_url=https://www.cian.ru/sale/flat/322241647/
2026-01-14 14:24:49,642 - WARNING - 404 image found | offer_id=35428 | offer_url=https://www.cian.ru/sale/flat/322204754/
2026-01-14 14:24:49,644 - WARNING - 404 image found | offer_id=35430 | offer_url=https://www.cian.ru/sale/flat/322202509/
2026-01-14 14:24:49,645 - WARNING - 404 image found | offer_id=35420 | offer_url=https://www.cian.ru/sale/flat/322290449/
2026-01-14 14:24:49,646 - WARNING - 404 image found | offer_id=35407 | offer_url=https://www.cian.ru/sale/flat/322399205/
2026-01-14 14:24:49,647 - WARNING - 404 image found | offer_id=35416 | offer_url=https://www.cian.ru/sale/flat/322319760/
2026-01-14 14:24:49,647 - WARNING - 404 image found | offer_id=35431 | offer_url=https://www.cian.ru/sale/flat/322188568/
2026-01-14 14:24:49,650 - WARNING - 404 image found | offer_id=35435 | offer_url=https://www.cian.ru/sale/flat/322166798/
2026-01-14 14:24:49,651 - WARNING - 404 image found | offer_id=35415 | offer_url=https://www.cian.ru/sale/flat/322323552/
2026-01-14 14:24:49,652 - WARNING - 404 image found | offer_id=35429 | offer_url=https://www.cian.ru/sale/flat/322203892/
2026-01-14 14:24:49,654 - WARNING - 404 image found | offer_id=35439 | offer_url=https://www.cian.ru/sale/flat/322145090/
2026-01-14 14:24:49,655 - WARNING - 404 image found | offer_id=35444 | offer_url=https://www.cian.ru/sale/flat/322066830/
2026-01-14 14:24:49,656 - WARNING - 404 image found | offer_id=35412 | offer_url=https://www.cian.ru/sale/flat/322328969/
2026-01-14 14:24:49,659 - WARNING - 404 image found | offer_id=35443 | offer_url=https://www.cian.ru/sale/flat/322072745/
2026-01-14 14:24:49,663 - WARNING - 404 image found | offer_id=35445 | offer_url=https://www.cian.ru/sale/flat/322065503/
2026-01-14 14:24:49,664 - WARNING - 404 image found | offer_id=35447 | offer_url=https://www.cian.ru/sale/flat/322055196/
2026-01-14 14:24:49,665 - WARNING - 404 image found | offer_id=35446 | offer_url=https://www.cian.ru/sale/flat/322060915/
2026-01-14 14:24:49,665 - WARNING - 404 image found | offer_id=35437 | offer_url=https://www.cian.ru/sale/flat/322147446/
2026-01-14 14:24:49,671 - WARNING - 404 image found | offer_id=35456 | offer_url=https://www.cian.ru/sale/flat/322038062/
2026-01-14 14:24:49,673 - WARNING - 404 image found | offer_id=35459 | offer_url=https://www.cian.ru/sale/flat/322022013/
2026-01-14 14:24:49,675 - WARNING - 404 image found | offer_id=35389 | offer_url=https://www.cian.ru/sale/flat/322498102/
2026-01-14 14:24:49,675 - WARNING - 404 image found | offer_id=35468 | offer_url=https://www.cian.ru/sale/flat/321960811/
2026-01-14 14:24:49,676 - WARNING - 404 image found | offer_id=35462 | offer_url=https://www.cian.ru/sale/flat/322003503/
2026-01-14 14:24:49,677 - WARNING - 404 image found | offer_id=35452 | offer_url=https://www.cian.ru/sale/flat/322042511/
2026-01-14 14:24:49,677 - WARNING - 404 image found | offer_id=35471 | offer_url=https://www.cian.ru/sale/flat/321927610/
2026-01-14 14:24:49,678 - WARNING - 404 image found | offer_id=35461 | offer_url=https://www.cian.ru/sale/flat/322010047/
2026-01-14 14:24:49,680 - WARNING - 404 image found | offer_id=35455 | offer_url=https://www.cian.ru/sale/flat/322039535/
2026-01-14 14:24:49,682 - WARNING - 404 image found | offer_id=35460 | offer_url=https://www.cian.ru/sale/flat/322021664/
2026-01-14 14:24:49,684 - WARNING - 404 image found | offer_id=35480 | offer_url=https://www.cian.ru/sale/flat/321848075/
2026-01-14 14:24:49,686 - WARNING - 404 image found | offer_id=35477 | offer_url=https://www.cian.ru/sale/flat/321898748/
2026-01-14 14:24:49,686 - WARNING - 404 image found | offer_id=35475 | offer_url=https://www.cian.ru/sale/flat/321907516/
2026-01-14 14:24:49,694 - WARNING - 404 image found | offer_id=35482 | offer_url=https://www.cian.ru/sale/flat/321829860/
2026-01-14 14:24:49,694 - WARNING - 404 image found | offer_id=35484 | offer_url=https://www.cian.ru/sale/flat/321812493/
2026-01-14 14:24:49,695 - WARNING - 404 image found | offer_id=35487 | offer_url=https://www.cian.ru/sale/flat/321803416/
2026-01-14 14:24:49,695 - WARNING - 404 image found | offer_id=35491 | offer_url=https://www.cian.ru/sale/flat/321786516/
2026-01-14 14:24:49,696 - WARNING - 404 image found | offer_id=35486 | offer_url=https://www.cian.ru/sale/flat/321807519/
2026-01-14 14:24:49,697 - WARNING - 404 image found | offer_id=35492 | offer_url=https://www.cian.ru/sale/flat/321752718/
2026-01-14 14:24:49,704 - WARNING - 404 image found | offer_id=35503 | offer_url=https://www.cian.ru/sale/flat/321669121/
2026-01-14 14:24:49,705 - WARNING - 404 image found | offer_id=35473 | offer_url=https://www.cian.ru/sale/flat/321909517/
2026-01-14 14:24:49,711 - WARNING - 404 image found | offer_id=35510 | offer_url=https://www.cian.ru/sale/flat/321625146/
2026-01-14 14:24:49,715 - WARNING - 404 image found | offer_id=35498 | offer_url=https://www.cian.ru/sale/flat/321692360/
2026-01-14 14:24:49,717 - WARNING - 404 image found | offer_id=35513 | offer_url=https://www.cian.ru/sale/flat/321597676/
2026-01-14 14:24:49,719 - WARNING - 404 image found | offer_id=35509 | offer_url=https://www.cian.ru/sale/flat/321631795/
2026-01-14 14:24:49,720 - WARNING - 404 image found | offer_id=35518 | offer_url=https://www.cian.ru/sale/flat/321551045/
2026-01-14 14:24:49,725 - WARNING - 404 image found | offer_id=35458 | offer_url=https://www.cian.ru/sale/flat/322035637/
2026-01-14 14:24:49,726 - WARNING - 404 image found | offer_id=35440 | offer_url=https://www.cian.ru/sale/flat/322134095/
2026-01-14 14:24:49,727 - WARNING - 404 image found | offer_id=35483 | offer_url=https://www.cian.ru/sale/flat/321822436/
2026-01-14 14:24:49,729 - WARNING - 404 image found | offer_id=35534 | offer_url=https://www.cian.ru/sale/flat/321335623/
2026-01-14 14:24:49,730 - WARNING - 404 image found | offer_id=35507 | offer_url=https://www.cian.ru/sale/flat/321637858/
2026-01-14 14:24:49,730 - WARNING - 404 image found | offer_id=35530 | offer_url=https://www.cian.ru/sale/flat/321376804/
2026-01-14 14:24:49,732 - WARNING - 404 image found | offer_id=35528 | offer_url=https://www.cian.ru/sale/flat/321397474/
2026-01-14 14:24:49,736 - WARNING - 404 image found | offer_id=35508 | offer_url=https://www.cian.ru/sale/flat/321637646/
2026-01-14 14:24:49,737 - WARNING - 404 image found | offer_id=35537 | offer_url=https://www.cian.ru/sale/flat/321298662/
2026-01-14 14:24:49,737 - WARNING - 404 image found | offer_id=35541 | offer_url=https://www.cian.ru/sale/flat/321272667/
2026-01-14 14:24:49,738 - WARNING - 404 image found | offer_id=35538 | offer_url=https://www.cian.ru/sale/flat/321294196/
2026-01-14 14:24:49,738 - WARNING - 404 image found | offer_id=35544 | offer_url=https://www.cian.ru/sale/flat/321227901/
2026-01-14 14:24:49,740 - WARNING - 404 image found | offer_id=35532 | offer_url=https://www.cian.ru/sale/flat/321365839/
2026-01-14 14:24:49,751 - WARNING - 404 image found | offer_id=35540 | offer_url=https://www.cian.ru/sale/flat/321276280/
2026-01-14 14:24:49,754 - WARNING - 404 image found | offer_id=35548 | offer_url=https://www.cian.ru/sale/flat/321105203/
2026-01-14 14:24:49,754 - WARNING - 404 image found | offer_id=35550 | offer_url=https://www.cian.ru/sale/flat/321091484/
2026-01-14 14:24:49,755 - WARNING - 404 image found | offer_id=35557 | offer_url=https://www.cian.ru/sale/flat/321054769/
2026-01-14 14:24:49,755 - WARNING - 404 image found | offer_id=35558 | offer_url=https://www.cian.ru/sale/flat/321035035/
2026-01-14 14:24:49,756 - WARNING - 404 image found | offer_id=35463 | offer_url=https://www.cian.ru/sale/flat/322001295/
2026-01-14 14:24:49,758 - WARNING - 404 image found | offer_id=35553 | offer_url=https://www.cian.ru/sale/flat/321072348/
2026-01-14 14:24:49,758 - WARNING - 404 image found | offer_id=35562 | offer_url=https://www.cian.ru/sale/flat/320993959/
2026-01-14 14:24:49,759 - WARNING - 404 image found | offer_id=35563 | offer_url=https://www.cian.ru/sale/flat/320965503/
2026-01-14 14:24:49,760 - WARNING - 404 image found | offer_id=35523 | offer_url=https://www.cian.ru/sale/flat/321474352/
2026-01-14 14:24:49,764 - WARNING - 404 image found | offer_id=35551 | offer_url=https://www.cian.ru/sale/flat/321083238/
2026-01-14 14:24:49,765 - WARNING - 404 image found | offer_id=35561 | offer_url=https://www.cian.ru/sale/flat/320995205/
2026-01-14 14:24:49,769 - WARNING - 404 image found | offer_id=35571 | offer_url=https://www.cian.ru/sale/flat/320902715/
2026-01-14 14:24:49,771 - WARNING - 404 image found | offer_id=35575 | offer_url=https://www.cian.ru/sale/flat/320843196/
2026-01-14 14:24:49,774 - WARNING - 404 image found | offer_id=35572 | offer_url=https://www.cian.ru/sale/flat/320880330/
2026-01-14 14:24:49,775 - WARNING - 404 image found | offer_id=35527 | offer_url=https://www.cian.ru/sale/flat/321426986/
2026-01-14 14:24:49,777 - WARNING - 404 image found | offer_id=35585 | offer_url=https://www.cian.ru/sale/flat/320699420/
2026-01-14 14:24:49,781 - WARNING - 404 image found | offer_id=35547 | offer_url=https://www.cian.ru/sale/flat/321121326/
2026-01-14 14:24:49,782 - WARNING - 404 image found | offer_id=35591 | offer_url=https://www.cian.ru/sale/flat/320584460/
2026-01-14 14:24:49,783 - WARNING - 404 image found | offer_id=35582 | offer_url=https://www.cian.ru/sale/flat/320705699/
2026-01-14 14:24:49,784 - WARNING - 404 image found | offer_id=35594 | offer_url=https://www.cian.ru/sale/flat/320557591/
2026-01-14 14:24:49,789 - WARNING - 404 image found | offer_id=35598 | offer_url=https://www.cian.ru/sale/flat/320471402/
2026-01-14 14:24:49,789 - WARNING - 404 image found | offer_id=35597 | offer_url=https://www.cian.ru/sale/flat/320488595/
2026-01-14 14:24:49,791 - WARNING - 404 image found | offer_id=35606 | offer_url=https://www.cian.ru/sale/flat/320310621/
2026-01-14 14:24:49,793 - WARNING - 404 image found | offer_id=35604 | offer_url=https://www.cian.ru/sale/flat/320376976/
2026-01-14 14:24:49,793 - WARNING - 404 image found | offer_id=35600 | offer_url=https://www.cian.ru/sale/flat/320461957/
2026-01-14 14:24:49,794 - WARNING - 404 image found | offer_id=35568 | offer_url=https://www.cian.ru/sale/flat/320909170/
2026-01-14 14:24:49,796 - WARNING - 404 image found | offer_id=35489 | offer_url=https://www.cian.ru/sale/flat/321792767/
2026-01-14 14:24:49,797 - WARNING - 404 image found | offer_id=35573 | offer_url=https://www.cian.ru/sale/flat/320851391/
2026-01-14 14:24:49,798 - WARNING - 404 image found | offer_id=35609 | offer_url=https://www.cian.ru/sale/flat/320360998/
2026-01-14 14:24:49,798 - WARNING - 404 image found | offer_id=35607 | offer_url=https://www.cian.ru/sale/flat/320305532/
2026-01-14 14:24:49,800 - WARNING - 404 image found | offer_id=35608 | offer_url=https://www.cian.ru/sale/flat/320299866/
2026-01-14 14:24:49,800 - WARNING - 404 image found | offer_id=35614 | offer_url=https://www.cian.ru/sale/flat/320138183/
2026-01-14 14:24:49,801 - WARNING - 404 image found | offer_id=35603 | offer_url=https://www.cian.ru/sale/flat/320390663/
2026-01-14 14:24:49,802 - WARNING - 404 image found | offer_id=35618 | offer_url=https://www.cian.ru/sale/flat/320010225/
2026-01-14 14:24:49,803 - WARNING - 404 image found | offer_id=35610 | offer_url=https://www.cian.ru/sale/flat/320297207/
2026-01-14 14:24:49,806 - WARNING - 404 image found | offer_id=35619 | offer_url=https://www.cian.ru/sale/flat/320006878/
2026-01-14 14:24:49,813 - WARNING - 404 image found | offer_id=35625 | offer_url=https://www.cian.ru/sale/flat/319738950/
2026-01-14 14:24:49,817 - WARNING - 404 image found | offer_id=35631 | offer_url=https://www.cian.ru/sale/flat/319630641/
2026-01-14 14:24:49,821 - WARNING - 404 image found | offer_id=35629 | offer_url=https://www.cian.ru/sale/flat/319670581/
2026-01-14 14:24:49,822 - WARNING - 404 image found | offer_id=35638 | offer_url=https://www.cian.ru/sale/flat/319520971/
2026-01-14 14:24:49,827 - WARNING - 404 image found | offer_id=35649 | offer_url=https://www.cian.ru/sale/flat/319273363/
2026-01-14 14:24:49,829 - WARNING - 404 image found | offer_id=35624 | offer_url=https://www.cian.ru/sale/flat/319798797/
2026-01-14 14:24:49,833 - WARNING - 404 image found | offer_id=35654 | offer_url=https://www.cian.ru/sale/flat/319167623/
2026-01-14 14:24:49,834 - WARNING - 404 image found | offer_id=35647 | offer_url=https://www.cian.ru/sale/flat/319298943/
2026-01-14 14:24:49,843 - WARNING - 404 image found | offer_id=35656 | offer_url=https://www.cian.ru/sale/flat/319061659/
2026-01-14 14:24:49,843 - WARNING - 404 image found | offer_id=35648 | offer_url=https://www.cian.ru/sale/flat/319296330/
2026-01-14 14:24:49,844 - WARNING - 404 image found | offer_id=35659 | offer_url=https://www.cian.ru/sale/flat/319011148/
2026-01-14 14:24:49,846 - WARNING - 404 image found | offer_id=35655 | offer_url=https://www.cian.ru/sale/flat/319140710/
2026-01-14 14:24:49,847 - WARNING - 404 image found | offer_id=35667 | offer_url=https://www.cian.ru/sale/flat/318621229/
2026-01-14 14:24:49,849 - WARNING - 404 image found | offer_id=35668 | offer_url=https://www.cian.ru/sale/flat/318587805/
2026-01-14 14:24:49,850 - WARNING - 404 image found | offer_id=35669 | offer_url=https://www.cian.ru/sale/flat/319318632/
2026-01-14 14:24:49,851 - WARNING - 404 image found | offer_id=35675 | offer_url=https://www.cian.ru/sale/flat/318477097/
2026-01-14 14:24:49,851 - WARNING - 404 image found | offer_id=35677 | offer_url=https://www.cian.ru/sale/flat/318398161/
2026-01-14 14:24:49,853 - WARNING - 404 image found | offer_id=35679 | offer_url=https://www.cian.ru/sale/flat/318351035/
2026-01-14 14:24:49,858 - WARNING - 404 image found | offer_id=35660 | offer_url=https://www.cian.ru/sale/flat/318896613/
2026-01-14 14:24:49,860 - WARNING - 404 image found | offer_id=35664 | offer_url=https://www.cian.ru/sale/flat/318680029/
2026-01-14 14:24:49,864 - WARNING - 404 image found | offer_id=35678 | offer_url=https://www.cian.ru/sale/flat/318382493/
2026-01-14 14:24:49,865 - WARNING - 404 image found | offer_id=35662 | offer_url=https://www.cian.ru/sale/flat/318824408/
2026-01-14 14:24:49,869 - WARNING - 404 image found | offer_id=35694 | offer_url=https://www.cian.ru/sale/flat/317265558/
2026-01-14 14:24:49,870 - WARNING - 404 image found | offer_id=35690 | offer_url=https://www.cian.ru/sale/flat/317667947/
2026-01-14 14:24:49,872 - WARNING - 404 image found | offer_id=35688 | offer_url=https://www.cian.ru/sale/flat/317760339/
2026-01-14 14:24:49,873 - WARNING - 404 image found | offer_id=35680 | offer_url=https://www.cian.ru/sale/flat/318304923/
2026-01-14 14:24:49,877 - WARNING - 404 image found | offer_id=35702 | offer_url=https://www.cian.ru/sale/flat/316595543/
2026-01-14 14:24:49,884 - WARNING - 404 image found | offer_id=35707 | offer_url=https://www.cian.ru/sale/flat/316238935/
2026-01-14 14:24:49,884 - WARNING - 404 image found | offer_id=35712 | offer_url=https://www.cian.ru/sale/flat/315902835/
2026-01-14 14:24:49,886 - WARNING - 404 image found | offer_id=35703 | offer_url=https://www.cian.ru/sale/flat/316568474/
2026-01-14 14:24:49,886 - WARNING - 404 image found | offer_id=35711 | offer_url=https://www.cian.ru/sale/flat/316001453/
2026-01-14 14:24:49,887 - WARNING - 404 image found | offer_id=35683 | offer_url=https://www.cian.ru/sale/flat/317920049/
2026-01-14 14:24:49,889 - WARNING - 404 image found | offer_id=35602 | offer_url=https://www.cian.ru/sale/flat/320397819/
2026-01-14 14:24:49,891 - WARNING - 404 image found | offer_id=35674 | offer_url=https://www.cian.ru/sale/flat/318488591/
2026-01-14 14:24:49,891 - WARNING - 404 image found | offer_id=35684 | offer_url=https://www.cian.ru/sale/flat/317851040/
2026-01-14 14:24:49,900 - WARNING - 404 image found | offer_id=35714 | offer_url=https://www.cian.ru/sale/flat/315884648/
2026-01-14 14:24:49,900 - WARNING - 404 image found | offer_id=35720 | offer_url=https://www.cian.ru/sale/flat/315101634/
2026-01-14 14:24:49,900 - WARNING - 404 image found | offer_id=35696 | offer_url=https://www.cian.ru/sale/flat/316985383/
2026-01-14 14:24:49,901 - WARNING - 404 image found | offer_id=35590 | offer_url=https://www.cian.ru/sale/flat/320597899/
2026-01-14 14:24:49,901 - WARNING - 404 image found | offer_id=35716 | offer_url=https://www.cian.ru/sale/flat/315510426/
2026-01-14 14:24:49,902 - WARNING - 404 image found | offer_id=35718 | offer_url=https://www.cian.ru/sale/flat/315163394/
2026-01-14 14:24:49,903 - WARNING - 404 image found | offer_id=35725 | offer_url=https://www.cian.ru/sale/flat/314536533/
2026-01-14 14:24:49,904 - WARNING - 404 image found | offer_id=35732 | offer_url=https://www.cian.ru/sale/flat/312657057/
2026-01-14 14:24:49,906 - WARNING - 404 image found | offer_id=35729 | offer_url=https://www.cian.ru/sale/flat/313753691/
2026-01-14 14:24:49,910 - WARNING - 404 image found | offer_id=35734 | offer_url=https://www.cian.ru/sale/flat/312387228/
2026-01-14 14:24:49,910 - WARNING - 404 image found | offer_id=35737 | offer_url=https://www.cian.ru/sale/flat/310793890/
2026-01-14 14:24:49,913 - WARNING - 404 image found | offer_id=35741 | offer_url=https://www.cian.ru/sale/flat/310477780/
2026-01-14 14:24:49,916 - WARNING - 404 image found | offer_id=35730 | offer_url=https://www.cian.ru/sale/flat/312831389/
2026-01-14 14:24:49,916 - WARNING - 404 image found | offer_id=35739 | offer_url=https://www.cian.ru/sale/flat/310697228/
2026-01-14 14:24:49,918 - WARNING - 404 image found | offer_id=35673 | offer_url=https://www.cian.ru/sale/flat/318519238/
2026-01-14 14:24:49,922 - WARNING - 404 image found | offer_id=35744 | offer_url=https://www.cian.ru/sale/flat/309256751/
2026-01-14 14:24:49,923 - WARNING - 404 image found | offer_id=35752 | offer_url=https://www.cian.ru/sale/flat/306679953/
2026-01-14 14:24:49,926 - WARNING - 404 image found | offer_id=35756 | offer_url=https://www.cian.ru/sale/flat/304962503/
2026-01-14 14:24:49,928 - WARNING - 404 image found | offer_id=35758 | offer_url=https://www.cian.ru/sale/flat/304726867/
2026-01-14 14:24:49,931 - WARNING - 404 image found | offer_id=35748 | offer_url=https://www.cian.ru/sale/flat/308215322/
2026-01-14 14:24:49,931 - WARNING - 404 image found | offer_id=35754 | offer_url=https://www.cian.ru/sale/flat/306324949/
2026-01-14 14:24:49,932 - WARNING - 404 image found | offer_id=35763 | offer_url=https://www.cian.ru/sale/flat/301920158/
2026-01-14 14:24:49,933 - WARNING - 404 image found | offer_id=35759 | offer_url=https://www.cian.ru/sale/flat/304217018/
2026-01-14 14:24:49,934 - WARNING - 404 image found | offer_id=35762 | offer_url=https://www.cian.ru/sale/flat/302862330/
2026-01-14 14:24:49,941 - WARNING - 404 image found | offer_id=35770 | offer_url=https://www.cian.ru/sale/flat/294530896/
2026-01-14 14:24:49,942 - WARNING - 404 image found | offer_id=35774 | offer_url=https://www.cian.ru/sale/flat/285003955/
2026-01-14 14:24:49,944 - WARNING - 404 image found | offer_id=35776 | offer_url=https://www.cian.ru/sale/flat/282069777/
2026-01-14 14:24:49,945 - WARNING - 404 image found | offer_id=35768 | offer_url=https://www.cian.ru/sale/flat/298166787/
2026-01-14 14:24:49,950 - WARNING - 404 image found | offer_id=35783 | offer_url=https://www.cian.ru/sale/flat/251047250/
2026-01-14 14:24:49,952 - WARNING - 404 image found | offer_id=35760 | offer_url=https://www.cian.ru/sale/flat/303340360/
2026-01-14 14:24:49,953 - WARNING - 404 image found | offer_id=35789 | offer_url=https://www.cian.ru/sale/flat/323578002/
2026-01-14 14:24:49,954 - WARNING - 404 image found | offer_id=35771 | offer_url=https://www.cian.ru/sale/flat/293338996/
2026-01-14 14:24:49,955 - WARNING - 404 image found | offer_id=35795 | offer_url=https://www.cian.ru/sale/flat/323575367/
2026-01-14 14:24:49,955 - WARNING - 404 image found | offer_id=35786 | offer_url=https://www.cian.ru/sale/flat/323580886/
2026-01-14 14:24:49,959 - WARNING - 404 image found | offer_id=35791 | offer_url=https://www.cian.ru/sale/flat/323577347/
2026-01-14 14:24:49,965 - WARNING - 404 image found | offer_id=35805 | offer_url=https://www.cian.ru/sale/flat/323555625/
2026-01-14 14:24:49,967 - WARNING - 404 image found | offer_id=35798 | offer_url=https://www.cian.ru/sale/flat/323573731/
2026-01-14 14:24:49,967 - WARNING - 404 image found | offer_id=35799 | offer_url=https://www.cian.ru/sale/flat/323570995/
2026-01-14 14:24:49,967 - WARNING - 404 image found | offer_id=35796 | offer_url=https://www.cian.ru/sale/flat/323575255/
2026-01-14 14:24:49,982 - WARNING - 404 image found | offer_id=35790 | offer_url=https://www.cian.ru/sale/flat/323577817/
2026-01-14 14:24:49,982 - WARNING - 404 image found | offer_id=35806 | offer_url=https://www.cian.ru/sale/flat/323551880/
2026-01-14 14:24:49,983 - WARNING - 404 image found | offer_id=35809 | offer_url=https://www.cian.ru/sale/flat/323542659/
2026-01-14 14:24:49,983 - WARNING - 404 image found | offer_id=35813 | offer_url=https://www.cian.ru/sale/flat/323536218/
2026-01-14 14:24:49,984 - WARNING - 404 image found | offer_id=35794 | offer_url=https://www.cian.ru/sale/flat/323575454/
2026-01-14 14:24:49,984 - WARNING - 404 image found | offer_id=35814 | offer_url=https://www.cian.ru/sale/flat/323534786/
2026-01-14 14:24:49,984 - WARNING - 404 image found | offer_id=35811 | offer_url=https://www.cian.ru/sale/flat/323539726/
2026-01-14 14:24:49,984 - WARNING - 404 image found | offer_id=35736 | offer_url=https://www.cian.ru/sale/flat/311154856/
2026-01-14 14:24:49,984 - WARNING - 404 image found | offer_id=35803 | offer_url=https://www.cian.ru/sale/flat/323557888/
2026-01-14 14:24:49,984 - WARNING - 404 image found | offer_id=35807 | offer_url=https://www.cian.ru/sale/flat/323544250/
2026-01-14 14:24:49,984 - WARNING - 404 image found | offer_id=35810 | offer_url=https://www.cian.ru/sale/flat/323539773/
2026-01-14 14:24:49,984 - WARNING - 404 image found | offer_id=35797 | offer_url=https://www.cian.ru/sale/flat/323573743/
2026-01-14 14:24:49,985 - WARNING - 404 image found | offer_id=35817 | offer_url=https://www.cian.ru/sale/flat/323522819/
2026-01-14 14:24:49,986 - WARNING - 404 image found | offer_id=35822 | offer_url=https://www.cian.ru/sale/flat/323514014/
2026-01-14 14:24:49,987 - WARNING - 404 image found | offer_id=35824 | offer_url=https://www.cian.ru/sale/flat/323493600/
2026-01-14 14:24:49,987 - WARNING - 404 image found | offer_id=35826 | offer_url=https://www.cian.ru/sale/flat/323483627/
2026-01-14 14:24:49,988 - WARNING - 404 image found | offer_id=35827 | offer_url=https://www.cian.ru/sale/flat/323481405/
2026-01-14 14:24:49,989 - WARNING - 404 image found | offer_id=35819 | offer_url=https://www.cian.ru/sale/flat/323517560/
2026-01-14 14:24:49,992 - WARNING - 404 image found | offer_id=35823 | offer_url=https://www.cian.ru/sale/flat/323496512/
2026-01-14 14:24:50,012 - WARNING - 404 image found | offer_id=35834 | offer_url=https://www.cian.ru/sale/flat/323454168/
2026-01-14 14:24:50,012 - WARNING - 404 image found | offer_id=35836 | offer_url=https://www.cian.ru/sale/flat/323447474/
2026-01-14 14:24:50,014 - WARNING - 404 image found | offer_id=35842 | offer_url=https://www.cian.ru/sale/flat/323423288/
2026-01-14 14:24:50,014 - WARNING - 404 image found | offer_id=35840 | offer_url=https://www.cian.ru/sale/flat/323437574/
2026-01-14 14:24:50,015 - WARNING - 404 image found | offer_id=35838 | offer_url=https://www.cian.ru/sale/flat/323439674/
2026-01-14 14:24:50,015 - WARNING - 404 image found | offer_id=35846 | offer_url=https://www.cian.ru/sale/flat/323412610/
2026-01-14 14:24:50,015 - WARNING - 404 image found | offer_id=35844 | offer_url=https://www.cian.ru/sale/flat/323414325/
2026-01-14 14:24:50,015 - WARNING - 404 image found | offer_id=35853 | offer_url=https://www.cian.ru/sale/flat/323396518/
2026-01-14 14:24:50,016 - WARNING - 404 image found | offer_id=35835 | offer_url=https://www.cian.ru/sale/flat/323460769/
2026-01-14 14:24:50,016 - WARNING - 404 image found | offer_id=35843 | offer_url=https://www.cian.ru/sale/flat/323420766/
2026-01-14 14:24:50,017 - WARNING - 404 image found | offer_id=35847 | offer_url=https://www.cian.ru/sale/flat/323412187/
2026-01-14 14:24:50,017 - WARNING - 404 image found | offer_id=35857 | offer_url=https://www.cian.ru/sale/flat/323385114/
2026-01-14 14:24:50,018 - WARNING - 404 image found | offer_id=35832 | offer_url=https://www.cian.ru/sale/flat/323466257/
2026-01-14 14:24:50,021 - WARNING - 404 image found | offer_id=35831 | offer_url=https://www.cian.ru/sale/flat/323466712/
2026-01-14 14:24:50,024 - WARNING - 404 image found | offer_id=35850 | offer_url=https://www.cian.ru/sale/flat/323403861/
2026-01-14 14:24:50,026 - WARNING - 404 image found | offer_id=35854 | offer_url=https://www.cian.ru/sale/flat/323396067/
2026-01-14 14:24:50,027 - WARNING - 404 image found | offer_id=35856 | offer_url=https://www.cian.ru/sale/flat/323390802/
2026-01-14 14:24:50,038 - WARNING - 404 image found | offer_id=35859 | offer_url=https://www.cian.ru/sale/flat/323382547/
2026-01-14 14:24:50,039 - WARNING - 404 image found | offer_id=35837 | offer_url=https://www.cian.ru/sale/flat/323446253/
2026-01-14 14:24:50,039 - WARNING - 404 image found | offer_id=35865 | offer_url=https://www.cian.ru/sale/flat/323369762/
2026-01-14 14:24:50,043 - WARNING - 404 image found | offer_id=35862 | offer_url=https://www.cian.ru/sale/flat/323377850/
2026-01-14 14:24:50,054 - WARNING - 404 image found | offer_id=35866 | offer_url=https://www.cian.ru/sale/flat/323364863/
2026-01-14 14:24:50,065 - WARNING - 404 image found | offer_id=35855 | offer_url=https://www.cian.ru/sale/flat/323395033/
2026-01-14 14:24:50,086 - WARNING - 404 image found | offer_id=35858 | offer_url=https://www.cian.ru/sale/flat/323382615/
2026-01-14 14:24:50,096 - INFO - checked=7000, 404=4268, deleted=4199, deactivated=1, speed=249.7/s
2026-01-14 14:24:50,096 - INFO - Batch #15, last_id=35866
2026-01-14 14:24:50,133 - WARNING - 404 image found | offer_id=35885 | offer_url=https://www.cian.ru/sale/flat/323316873/
2026-01-14 14:24:50,133 - WARNING - 404 image found | offer_id=35878 | offer_url=https://www.cian.ru/sale/flat/323339275/
2026-01-14 14:24:50,134 - WARNING - 404 image found | offer_id=35887 | offer_url=https://www.cian.ru/sale/flat/323315706/
2026-01-14 14:24:50,134 - WARNING - 404 image found | offer_id=35872 | offer_url=https://www.cian.ru/sale/flat/323351945/
2026-01-14 14:24:50,136 - WARNING - 404 image found | offer_id=35886 | offer_url=https://www.cian.ru/sale/flat/323316840/
2026-01-14 14:24:50,136 - WARNING - 404 image found | offer_id=35870 | offer_url=https://www.cian.ru/sale/flat/323360390/
2026-01-14 14:24:50,136 - WARNING - 404 image found | offer_id=35894 | offer_url=https://www.cian.ru/sale/flat/323307230/
2026-01-14 14:24:50,136 - WARNING - 404 image found | offer_id=35888 | offer_url=https://www.cian.ru/sale/flat/323315191/
2026-01-14 14:24:50,137 - WARNING - 404 image found | offer_id=35889 | offer_url=https://www.cian.ru/sale/flat/323313402/
2026-01-14 14:24:50,137 - WARNING - 404 image found | offer_id=35873 | offer_url=https://www.cian.ru/sale/flat/323348970/
2026-01-14 14:24:50,137 - WARNING - 404 image found | offer_id=35891 | offer_url=https://www.cian.ru/sale/flat/323308859/
2026-01-14 14:24:50,139 - WARNING - 404 image found | offer_id=35899 | offer_url=https://www.cian.ru/sale/flat/323283673/
2026-01-14 14:24:50,140 - WARNING - 404 image found | offer_id=35867 | offer_url=https://www.cian.ru/sale/flat/323363836/
2026-01-14 14:24:50,140 - WARNING - 404 image found | offer_id=35900 | offer_url=https://www.cian.ru/sale/flat/323283586/
2026-01-14 14:24:50,140 - WARNING - 404 image found | offer_id=35890 | offer_url=https://www.cian.ru/sale/flat/323313819/
2026-01-14 14:24:50,140 - WARNING - 404 image found | offer_id=35901 | offer_url=https://www.cian.ru/sale/flat/323279956/
2026-01-14 14:24:50,155 - WARNING - 404 image found | offer_id=35905 | offer_url=https://www.cian.ru/sale/flat/323267832/
2026-01-14 14:24:50,157 - WARNING - 404 image found | offer_id=35924 | offer_url=https://www.cian.ru/sale/flat/323209329/
2026-01-14 14:24:50,158 - WARNING - 404 image found | offer_id=35925 | offer_url=https://www.cian.ru/sale/flat/323205300/
2026-01-14 14:24:50,159 - WARNING - 404 image found | offer_id=35923 | offer_url=https://www.cian.ru/sale/flat/323209825/
2026-01-14 14:24:50,159 - WARNING - 404 image found | offer_id=35922 | offer_url=https://www.cian.ru/sale/flat/323221048/
2026-01-14 14:24:50,160 - WARNING - 404 image found | offer_id=35918 | offer_url=https://www.cian.ru/sale/flat/323233526/
2026-01-14 14:24:50,161 - WARNING - 404 image found | offer_id=35927 | offer_url=https://www.cian.ru/sale/flat/323200159/
2026-01-14 14:24:50,161 - WARNING - 404 image found | offer_id=35907 | offer_url=https://www.cian.ru/sale/flat/323261594/
2026-01-14 14:24:50,164 - WARNING - 404 image found | offer_id=35928 | offer_url=https://www.cian.ru/sale/flat/323198778/
2026-01-14 14:24:50,165 - WARNING - 404 image found | offer_id=35934 | offer_url=https://www.cian.ru/sale/flat/323190720/
2026-01-14 14:24:50,166 - WARNING - 404 image found | offer_id=35926 | offer_url=https://www.cian.ru/sale/flat/323203991/
2026-01-14 14:24:50,168 - WARNING - 404 image found | offer_id=35930 | offer_url=https://www.cian.ru/sale/flat/323198768/
2026-01-14 14:24:50,173 - WARNING - 404 image found | offer_id=35940 | offer_url=https://www.cian.ru/sale/flat/323172297/
2026-01-14 14:24:50,175 - WARNING - 404 image found | offer_id=35945 | offer_url=https://www.cian.ru/sale/flat/323158944/
2026-01-14 14:24:50,176 - WARNING - 404 image found | offer_id=35916 | offer_url=https://www.cian.ru/sale/flat/323237588/
2026-01-14 14:24:50,177 - WARNING - 404 image found | offer_id=35935 | offer_url=https://www.cian.ru/sale/flat/323186013/
2026-01-14 14:24:50,177 - WARNING - 404 image found | offer_id=35917 | offer_url=https://www.cian.ru/sale/flat/323237223/
2026-01-14 14:24:50,178 - WARNING - 404 image found | offer_id=35937 | offer_url=https://www.cian.ru/sale/flat/323183823/
2026-01-14 14:24:50,179 - WARNING - 404 image found | offer_id=35946 | offer_url=https://www.cian.ru/sale/flat/323155814/
2026-01-14 14:24:50,179 - WARNING - 404 image found | offer_id=35947 | offer_url=https://www.cian.ru/sale/flat/323154850/
2026-01-14 14:24:50,180 - WARNING - 404 image found | offer_id=35950 | offer_url=https://www.cian.ru/sale/flat/323135676/
2026-01-14 14:24:50,182 - WARNING - 404 image found | offer_id=35954 | offer_url=https://www.cian.ru/sale/flat/323120492/
2026-01-14 14:24:50,183 - WARNING - 404 image found | offer_id=35953 | offer_url=https://www.cian.ru/sale/flat/323128387/
2026-01-14 14:24:50,189 - WARNING - 404 image found | offer_id=35955 | offer_url=https://www.cian.ru/sale/flat/323126856/
2026-01-14 14:24:50,191 - WARNING - 404 image found | offer_id=35960 | offer_url=https://www.cian.ru/sale/flat/323113247/
2026-01-14 14:24:50,194 - WARNING - 404 image found | offer_id=35967 | offer_url=https://www.cian.ru/sale/flat/323085608/
2026-01-14 14:24:50,197 - WARNING - 404 image found | offer_id=35968 | offer_url=https://www.cian.ru/sale/flat/323084082/
2026-01-14 14:24:50,198 - WARNING - 404 image found | offer_id=35962 | offer_url=https://www.cian.ru/sale/flat/323098953/
2026-01-14 14:24:50,199 - WARNING - 404 image found | offer_id=35970 | offer_url=https://www.cian.ru/sale/flat/323069787/
2026-01-14 14:24:50,200 - WARNING - 404 image found | offer_id=35964 | offer_url=https://www.cian.ru/sale/flat/323093669/
2026-01-14 14:24:50,209 - WARNING - 404 image found | offer_id=35975 | offer_url=https://www.cian.ru/sale/flat/323054747/
2026-01-14 14:24:50,209 - WARNING - 404 image found | offer_id=35958 | offer_url=https://www.cian.ru/sale/flat/323117642/
2026-01-14 14:24:50,209 - WARNING - 404 image found | offer_id=35979 | offer_url=https://www.cian.ru/sale/flat/323045822/
2026-01-14 14:24:50,210 - WARNING - 404 image found | offer_id=35972 | offer_url=https://www.cian.ru/sale/flat/323058628/
2026-01-14 14:24:50,210 - WARNING - 404 image found | offer_id=35977 | offer_url=https://www.cian.ru/sale/flat/323051821/
2026-01-14 14:24:50,211 - WARNING - 404 image found | offer_id=35984 | offer_url=https://www.cian.ru/sale/flat/323039549/
2026-01-14 14:24:50,211 - WARNING - 404 image found | offer_id=35986 | offer_url=https://www.cian.ru/sale/flat/323037438/
2026-01-14 14:24:50,211 - WARNING - 404 image found | offer_id=35978 | offer_url=https://www.cian.ru/sale/flat/323048242/
2026-01-14 14:24:50,213 - WARNING - 404 image found | offer_id=35971 | offer_url=https://www.cian.ru/sale/flat/323061385/
2026-01-14 14:24:50,213 - WARNING - 404 image found | offer_id=35980 | offer_url=https://www.cian.ru/sale/flat/323043631/
2026-01-14 14:24:50,214 - WARNING - 404 image found | offer_id=35983 | offer_url=https://www.cian.ru/sale/flat/323038076/
2026-01-14 14:24:50,215 - WARNING - 404 image found | offer_id=35981 | offer_url=https://www.cian.ru/sale/flat/323039995/
2026-01-14 14:24:50,215 - WARNING - 404 image found | offer_id=35987 | offer_url=https://www.cian.ru/sale/flat/323026993/
2026-01-14 14:24:50,216 - WARNING - 404 image found | offer_id=35990 | offer_url=https://www.cian.ru/sale/flat/323016726/
2026-01-14 14:24:50,217 - WARNING - 404 image found | offer_id=35919 | offer_url=https://www.cian.ru/sale/flat/323230008/
2026-01-14 14:24:50,220 - WARNING - 404 image found | offer_id=35976 | offer_url=https://www.cian.ru/sale/flat/323053764/
2026-01-14 14:24:50,221 - WARNING - 404 image found | offer_id=35991 | offer_url=https://www.cian.ru/sale/flat/323014465/
2026-01-14 14:24:50,225 - WARNING - 404 image found | offer_id=35988 | offer_url=https://www.cian.ru/sale/flat/323019766/
2026-01-14 14:24:50,226 - WARNING - 404 image found | offer_id=35939 | offer_url=https://www.cian.ru/sale/flat/323177676/
2026-01-14 14:24:50,230 - WARNING - 404 image found | offer_id=36000 | offer_url=https://www.cian.ru/sale/flat/322941035/
2026-01-14 14:24:50,230 - WARNING - 404 image found | offer_id=36004 | offer_url=https://www.cian.ru/sale/flat/322932919/
2026-01-14 14:24:50,234 - WARNING - 404 image found | offer_id=36001 | offer_url=https://www.cian.ru/sale/flat/322939208/
2026-01-14 14:24:50,235 - WARNING - 404 image found | offer_id=35997 | offer_url=https://www.cian.ru/sale/flat/322964733/
2026-01-14 14:24:50,236 - WARNING - 404 image found | offer_id=36007 | offer_url=https://www.cian.ru/sale/flat/322927183/
2026-01-14 14:24:50,238 - WARNING - 404 image found | offer_id=36009 | offer_url=https://www.cian.ru/sale/flat/322922482/
2026-01-14 14:24:50,243 - WARNING - 404 image found | offer_id=35994 | offer_url=https://www.cian.ru/sale/flat/323000557/
2026-01-14 14:24:50,244 - WARNING - 404 image found | offer_id=36020 | offer_url=https://www.cian.ru/sale/flat/322873806/
2026-01-14 14:24:50,245 - WARNING - 404 image found | offer_id=36010 | offer_url=https://www.cian.ru/sale/flat/322920515/
2026-01-14 14:24:50,245 - WARNING - 404 image found | offer_id=36014 | offer_url=https://www.cian.ru/sale/flat/322898501/
2026-01-14 14:24:50,246 - WARNING - 404 image found | offer_id=36017 | offer_url=https://www.cian.ru/sale/flat/322886680/
2026-01-14 14:24:50,247 - WARNING - 404 image found | offer_id=36016 | offer_url=https://www.cian.ru/sale/flat/322891879/
2026-01-14 14:24:50,247 - WARNING - 404 image found | offer_id=35993 | offer_url=https://www.cian.ru/sale/flat/323000865/
2026-01-14 14:24:50,249 - WARNING - 404 image found | offer_id=36013 | offer_url=https://www.cian.ru/sale/flat/322899795/
2026-01-14 14:24:50,255 - WARNING - 404 image found | offer_id=36021 | offer_url=https://www.cian.ru/sale/flat/322866964/
2026-01-14 14:24:50,255 - WARNING - 404 image found | offer_id=36008 | offer_url=https://www.cian.ru/sale/flat/322926175/
2026-01-14 14:24:50,257 - WARNING - 404 image found | offer_id=36024 | offer_url=https://www.cian.ru/sale/flat/322858304/
2026-01-14 14:24:50,266 - WARNING - 404 image found | offer_id=36031 | offer_url=https://www.cian.ru/sale/flat/322848956/
2026-01-14 14:24:50,267 - WARNING - 404 image found | offer_id=35948 | offer_url=https://www.cian.ru/sale/flat/323149889/
2026-01-14 14:24:50,267 - WARNING - 404 image found | offer_id=36027 | offer_url=https://www.cian.ru/sale/flat/322853304/
2026-01-14 14:24:50,267 - WARNING - 404 image found | offer_id=36026 | offer_url=https://www.cian.ru/sale/flat/322854862/
2026-01-14 14:24:50,268 - WARNING - 404 image found | offer_id=35966 | offer_url=https://www.cian.ru/sale/flat/323087768/
2026-01-14 14:24:50,269 - WARNING - 404 image found | offer_id=36035 | offer_url=https://www.cian.ru/sale/flat/322824128/
2026-01-14 14:24:50,271 - WARNING - 404 image found | offer_id=36041 | offer_url=https://www.cian.ru/sale/flat/322796248/
2026-01-14 14:24:50,277 - WARNING - 404 image found | offer_id=35995 | offer_url=https://www.cian.ru/sale/flat/322979085/
2026-01-14 14:24:50,277 - WARNING - 404 image found | offer_id=36046 | offer_url=https://www.cian.ru/sale/flat/322775795/
2026-01-14 14:24:50,278 - WARNING - 404 image found | offer_id=36049 | offer_url=https://www.cian.ru/sale/flat/322763476/
2026-01-14 14:24:50,279 - WARNING - 404 image found | offer_id=36036 | offer_url=https://www.cian.ru/sale/flat/322816100/
2026-01-14 14:24:50,279 - WARNING - 404 image found | offer_id=36019 | offer_url=https://www.cian.ru/sale/flat/322884311/
2026-01-14 14:24:50,280 - WARNING - 404 image found | offer_id=36045 | offer_url=https://www.cian.ru/sale/flat/322785688/
2026-01-14 14:24:50,280 - WARNING - 404 image found | offer_id=36043 | offer_url=https://www.cian.ru/sale/flat/322792652/
2026-01-14 14:24:50,290 - WARNING - 404 image found | offer_id=36052 | offer_url=https://www.cian.ru/sale/flat/322754407/
2026-01-14 14:24:50,291 - WARNING - 404 image found | offer_id=36062 | offer_url=https://www.cian.ru/sale/flat/322704984/
2026-01-14 14:24:50,292 - WARNING - 404 image found | offer_id=36058 | offer_url=https://www.cian.ru/sale/flat/322715398/
2026-01-14 14:24:50,294 - WARNING - 404 image found | offer_id=36063 | offer_url=https://www.cian.ru/sale/flat/322704980/
2026-01-14 14:24:50,295 - WARNING - 404 image found | offer_id=36061 | offer_url=https://www.cian.ru/sale/flat/322705054/
2026-01-14 14:24:50,295 - WARNING - 404 image found | offer_id=36057 | offer_url=https://www.cian.ru/sale/flat/322720215/
2026-01-14 14:24:50,297 - WARNING - 404 image found | offer_id=36053 | offer_url=https://www.cian.ru/sale/flat/322747988/
2026-01-14 14:24:50,298 - WARNING - 404 image found | offer_id=36050 | offer_url=https://www.cian.ru/sale/flat/322757599/
2026-01-14 14:24:50,299 - WARNING - 404 image found | offer_id=36066 | offer_url=https://www.cian.ru/sale/flat/322704113/
2026-01-14 14:24:50,300 - WARNING - 404 image found | offer_id=36069 | offer_url=https://www.cian.ru/sale/flat/322698956/
2026-01-14 14:24:50,301 - WARNING - 404 image found | offer_id=36055 | offer_url=https://www.cian.ru/sale/flat/322734124/
2026-01-14 14:24:50,301 - WARNING - 404 image found | offer_id=36070 | offer_url=https://www.cian.ru/sale/flat/322691406/
2026-01-14 14:24:50,302 - WARNING - 404 image found | offer_id=36073 | offer_url=https://www.cian.ru/sale/flat/322682921/
2026-01-14 14:24:50,303 - WARNING - 404 image found | offer_id=36064 | offer_url=https://www.cian.ru/sale/flat/322704973/
2026-01-14 14:24:50,303 - WARNING - 404 image found | offer_id=36047 | offer_url=https://www.cian.ru/sale/flat/322774108/
2026-01-14 14:24:50,304 - WARNING - 404 image found | offer_id=36067 | offer_url=https://www.cian.ru/sale/flat/322702333/
2026-01-14 14:24:50,309 - WARNING - 404 image found | offer_id=36075 | offer_url=https://www.cian.ru/sale/flat/322674333/
2026-01-14 14:24:50,310 - WARNING - 404 image found | offer_id=36018 | offer_url=https://www.cian.ru/sale/flat/322886919/
2026-01-14 14:24:50,311 - WARNING - 404 image found | offer_id=36044 | offer_url=https://www.cian.ru/sale/flat/322786885/
2026-01-14 14:24:50,313 - WARNING - 404 image found | offer_id=36082 | offer_url=https://www.cian.ru/sale/flat/322648890/
2026-01-14 14:24:50,313 - WARNING - 404 image found | offer_id=36076 | offer_url=https://www.cian.ru/sale/flat/322667051/
2026-01-14 14:24:50,314 - WARNING - 404 image found | offer_id=36077 | offer_url=https://www.cian.ru/sale/flat/322667041/
2026-01-14 14:24:50,315 - WARNING - 404 image found | offer_id=36078 | offer_url=https://www.cian.ru/sale/flat/322665583/
2026-01-14 14:24:50,316 - WARNING - 404 image found | offer_id=36080 | offer_url=https://www.cian.ru/sale/flat/322662842/
2026-01-14 14:24:50,316 - WARNING - 404 image found | offer_id=36084 | offer_url=https://www.cian.ru/sale/flat/322644764/
2026-01-14 14:24:50,317 - WARNING - 404 image found | offer_id=36079 | offer_url=https://www.cian.ru/sale/flat/322662962/
2026-01-14 14:24:50,318 - WARNING - 404 image found | offer_id=36086 | offer_url=https://www.cian.ru/sale/flat/322643384/
2026-01-14 14:24:50,320 - WARNING - 404 image found | offer_id=36088 | offer_url=https://www.cian.ru/sale/flat/322632183/
2026-01-14 14:24:50,322 - WARNING - 404 image found | offer_id=36094 | offer_url=https://www.cian.ru/sale/flat/322618351/
2026-01-14 14:24:50,322 - WARNING - 404 image found | offer_id=36087 | offer_url=https://www.cian.ru/sale/flat/322634984/
2026-01-14 14:24:50,323 - WARNING - 404 image found | offer_id=36090 | offer_url=https://www.cian.ru/sale/flat/322629281/
2026-01-14 14:24:50,331 - WARNING - 404 image found | offer_id=36097 | offer_url=https://www.cian.ru/sale/flat/322597248/
2026-01-14 14:24:50,332 - WARNING - 404 image found | offer_id=36032 | offer_url=https://www.cian.ru/sale/flat/322838826/
2026-01-14 14:24:50,333 - WARNING - 404 image found | offer_id=36098 | offer_url=https://www.cian.ru/sale/flat/322592635/
2026-01-14 14:24:50,335 - WARNING - 404 image found | offer_id=36100 | offer_url=https://www.cian.ru/sale/flat/322575160/
2026-01-14 14:24:50,335 - WARNING - 404 image found | offer_id=36105 | offer_url=https://www.cian.ru/sale/flat/322530201/
2026-01-14 14:24:50,336 - WARNING - 404 image found | offer_id=36103 | offer_url=https://www.cian.ru/sale/flat/322545449/
2026-01-14 14:24:50,346 - WARNING - 404 image found | offer_id=36118 | offer_url=https://www.cian.ru/sale/flat/322455775/
2026-01-14 14:24:50,347 - WARNING - 404 image found | offer_id=36081 | offer_url=https://www.cian.ru/sale/flat/322649154/
2026-01-14 14:24:50,347 - WARNING - 404 image found | offer_id=36117 | offer_url=https://www.cian.ru/sale/flat/322455820/
2026-01-14 14:24:50,348 - WARNING - 404 image found | offer_id=36119 | offer_url=https://www.cian.ru/sale/flat/322454047/
2026-01-14 14:24:50,349 - WARNING - 404 image found | offer_id=36093 | offer_url=https://www.cian.ru/sale/flat/322619123/
2026-01-14 14:24:50,350 - WARNING - 404 image found | offer_id=36116 | offer_url=https://www.cian.ru/sale/flat/322459037/
2026-01-14 14:24:50,357 - WARNING - 404 image found | offer_id=36137 | offer_url=https://www.cian.ru/sale/flat/322306019/
2026-01-14 14:24:50,359 - WARNING - 404 image found | offer_id=36126 | offer_url=https://www.cian.ru/sale/flat/322436993/
2026-01-14 14:24:50,360 - WARNING - 404 image found | offer_id=36133 | offer_url=https://www.cian.ru/sale/flat/322371737/
2026-01-14 14:24:50,360 - WARNING - 404 image found | offer_id=36136 | offer_url=https://www.cian.ru/sale/flat/322317942/
2026-01-14 14:24:50,361 - WARNING - 404 image found | offer_id=36135 | offer_url=https://www.cian.ru/sale/flat/322323758/
2026-01-14 14:24:50,362 - WARNING - 404 image found | offer_id=36127 | offer_url=https://www.cian.ru/sale/flat/322433352/
2026-01-14 14:24:50,364 - WARNING - 404 image found | offer_id=36143 | offer_url=https://www.cian.ru/sale/flat/322277051/
2026-01-14 14:24:50,368 - WARNING - 404 image found | offer_id=36149 | offer_url=https://www.cian.ru/sale/flat/322228632/
2026-01-14 14:24:50,377 - WARNING - 404 image found | offer_id=36141 | offer_url=https://www.cian.ru/sale/flat/322292032/
2026-01-14 14:24:50,377 - WARNING - 404 image found | offer_id=36152 | offer_url=https://www.cian.ru/sale/flat/322212090/
2026-01-14 14:24:50,378 - WARNING - 404 image found | offer_id=36148 | offer_url=https://www.cian.ru/sale/flat/322232463/
2026-01-14 14:24:50,379 - WARNING - 404 image found | offer_id=36156 | offer_url=https://www.cian.ru/sale/flat/322190797/
2026-01-14 14:24:50,379 - WARNING - 404 image found | offer_id=36157 | offer_url=https://www.cian.ru/sale/flat/322204569/
2026-01-14 14:24:50,379 - WARNING - 404 image found | offer_id=36147 | offer_url=https://www.cian.ru/sale/flat/322241743/
2026-01-14 14:24:50,380 - WARNING - 404 image found | offer_id=36158 | offer_url=https://www.cian.ru/sale/flat/322177852/
2026-01-14 14:24:50,382 - WARNING - 404 image found | offer_id=36170 | offer_url=https://www.cian.ru/sale/flat/322116671/
2026-01-14 14:24:50,391 - WARNING - 404 image found | offer_id=36173 | offer_url=https://www.cian.ru/sale/flat/322113168/
2026-01-14 14:24:50,392 - WARNING - 404 image found | offer_id=36142 | offer_url=https://www.cian.ru/sale/flat/322285521/
2026-01-14 14:24:50,393 - WARNING - 404 image found | offer_id=36166 | offer_url=https://www.cian.ru/sale/flat/322128039/
2026-01-14 14:24:50,393 - WARNING - 404 image found | offer_id=36154 | offer_url=https://www.cian.ru/sale/flat/322208477/
2026-01-14 14:24:50,393 - WARNING - 404 image found | offer_id=36169 | offer_url=https://www.cian.ru/sale/flat/322117661/
2026-01-14 14:24:50,394 - WARNING - 404 image found | offer_id=36171 | offer_url=https://www.cian.ru/sale/flat/322114607/
2026-01-14 14:24:50,396 - WARNING - 404 image found | offer_id=36176 | offer_url=https://www.cian.ru/sale/flat/322109980/
2026-01-14 14:24:50,397 - WARNING - 404 image found | offer_id=36172 | offer_url=https://www.cian.ru/sale/flat/322114021/
2026-01-14 14:24:50,408 - WARNING - 404 image found | offer_id=36191 | offer_url=https://www.cian.ru/sale/flat/322016112/
2026-01-14 14:24:50,408 - WARNING - 404 image found | offer_id=36177 | offer_url=https://www.cian.ru/sale/flat/322101550/
2026-01-14 14:24:50,408 - WARNING - 404 image found | offer_id=36178 | offer_url=https://www.cian.ru/sale/flat/322096868/
2026-01-14 14:24:50,408 - WARNING - 404 image found | offer_id=36186 | offer_url=https://www.cian.ru/sale/flat/322040934/
2026-01-14 14:24:50,411 - WARNING - 404 image found | offer_id=36192 | offer_url=https://www.cian.ru/sale/flat/322012014/
2026-01-14 14:24:50,411 - WARNING - 404 image found | offer_id=36198 | offer_url=https://www.cian.ru/sale/flat/321968588/
2026-01-14 14:24:50,412 - WARNING - 404 image found | offer_id=36180 | offer_url=https://www.cian.ru/sale/flat/322075848/
2026-01-14 14:24:50,415 - WARNING - 404 image found | offer_id=36200 | offer_url=https://www.cian.ru/sale/flat/321955768/
2026-01-14 14:24:50,416 - WARNING - 404 image found | offer_id=36195 | offer_url=https://www.cian.ru/sale/flat/321976624/
2026-01-14 14:24:50,417 - WARNING - 404 image found | offer_id=36203 | offer_url=https://www.cian.ru/sale/flat/321903704/
2026-01-14 14:24:50,417 - WARNING - 404 image found | offer_id=36205 | offer_url=https://www.cian.ru/sale/flat/321883242/
2026-01-14 14:24:50,419 - WARNING - 404 image found | offer_id=36139 | offer_url=https://www.cian.ru/sale/flat/322302603/
2026-01-14 14:24:50,420 - WARNING - 404 image found | offer_id=36194 | offer_url=https://www.cian.ru/sale/flat/321983979/
2026-01-14 14:24:50,424 - WARNING - 404 image found | offer_id=36197 | offer_url=https://www.cian.ru/sale/flat/321968710/
2026-01-14 14:24:50,424 - WARNING - 404 image found | offer_id=36206 | offer_url=https://www.cian.ru/sale/flat/321881971/
2026-01-14 14:24:50,425 - WARNING - 404 image found | offer_id=36210 | offer_url=https://www.cian.ru/sale/flat/321858101/
2026-01-14 14:24:50,431 - WARNING - 404 image found | offer_id=36222 | offer_url=https://www.cian.ru/sale/flat/321776477/
2026-01-14 14:24:50,433 - WARNING - 404 image found | offer_id=36213 | offer_url=https://www.cian.ru/sale/flat/321844800/
2026-01-14 14:24:50,434 - WARNING - 404 image found | offer_id=36220 | offer_url=https://www.cian.ru/sale/flat/321793755/
2026-01-14 14:24:50,434 - WARNING - 404 image found | offer_id=36223 | offer_url=https://www.cian.ru/sale/flat/321772960/
2026-01-14 14:24:50,435 - WARNING - 404 image found | offer_id=36208 | offer_url=https://www.cian.ru/sale/flat/321867931/
2026-01-14 14:24:50,435 - WARNING - 404 image found | offer_id=36219 | offer_url=https://www.cian.ru/sale/flat/321801049/
2026-01-14 14:24:50,435 - WARNING - 404 image found | offer_id=36224 | offer_url=https://www.cian.ru/sale/flat/321770676/
2026-01-14 14:24:50,438 - WARNING - 404 image found | offer_id=36227 | offer_url=https://www.cian.ru/sale/flat/321747855/
2026-01-14 14:24:50,440 - WARNING - 404 image found | offer_id=36230 | offer_url=https://www.cian.ru/sale/flat/321734403/
2026-01-14 14:24:50,441 - WARNING - 404 image found | offer_id=36226 | offer_url=https://www.cian.ru/sale/flat/321749430/
2026-01-14 14:24:50,444 - WARNING - 404 image found | offer_id=36233 | offer_url=https://www.cian.ru/sale/flat/321686553/
2026-01-14 14:24:50,448 - WARNING - 404 image found | offer_id=36236 | offer_url=https://www.cian.ru/sale/flat/321668616/
2026-01-14 14:24:50,454 - WARNING - 404 image found | offer_id=36239 | offer_url=https://www.cian.ru/sale/flat/321651937/
2026-01-14 14:24:50,454 - WARNING - 404 image found | offer_id=36241 | offer_url=https://www.cian.ru/sale/flat/321630037/
2026-01-14 14:24:50,455 - WARNING - 404 image found | offer_id=36244 | offer_url=https://www.cian.ru/sale/flat/321609588/
2026-01-14 14:24:50,456 - WARNING - 404 image found | offer_id=36247 | offer_url=https://www.cian.ru/sale/flat/321595764/
2026-01-14 14:24:50,458 - WARNING - 404 image found | offer_id=36231 | offer_url=https://www.cian.ru/sale/flat/321711236/
2026-01-14 14:24:50,459 - WARNING - 404 image found | offer_id=36245 | offer_url=https://www.cian.ru/sale/flat/321608276/
2026-01-14 14:24:50,459 - WARNING - 404 image found | offer_id=36252 | offer_url=https://www.cian.ru/sale/flat/321545451/
2026-01-14 14:24:50,460 - WARNING - 404 image found | offer_id=36218 | offer_url=https://www.cian.ru/sale/flat/321795793/
2026-01-14 14:24:50,464 - WARNING - 404 image found | offer_id=36258 | offer_url=https://www.cian.ru/sale/flat/321483420/
2026-01-14 14:24:50,469 - WARNING - 404 image found | offer_id=36253 | offer_url=https://www.cian.ru/sale/flat/321544547/
2026-01-14 14:24:50,469 - WARNING - 404 image found | offer_id=36238 | offer_url=https://www.cian.ru/sale/flat/321653303/
2026-01-14 14:24:50,470 - WARNING - 404 image found | offer_id=36249 | offer_url=https://www.cian.ru/sale/flat/321579848/
2026-01-14 14:24:50,472 - WARNING - 404 image found | offer_id=36262 | offer_url=https://www.cian.ru/sale/flat/321454501/
2026-01-14 14:24:50,472 - WARNING - 404 image found | offer_id=36264 | offer_url=https://www.cian.ru/sale/flat/321432335/
2026-01-14 14:24:50,475 - WARNING - 404 image found | offer_id=36272 | offer_url=https://www.cian.ru/sale/flat/321328842/
2026-01-14 14:24:50,476 - WARNING - 404 image found | offer_id=36270 | offer_url=https://www.cian.ru/sale/flat/321410766/
2026-01-14 14:24:50,479 - WARNING - 404 image found | offer_id=36267 | offer_url=https://www.cian.ru/sale/flat/321413739/
2026-01-14 14:24:50,484 - WARNING - 404 image found | offer_id=36278 | offer_url=https://www.cian.ru/sale/flat/321264759/
2026-01-14 14:24:50,484 - WARNING - 404 image found | offer_id=36257 | offer_url=https://www.cian.ru/sale/flat/321495612/
2026-01-14 14:24:50,485 - WARNING - 404 image found | offer_id=36263 | offer_url=https://www.cian.ru/sale/flat/321434928/
2026-01-14 14:24:50,486 - WARNING - 404 image found | offer_id=36271 | offer_url=https://www.cian.ru/sale/flat/321381497/
2026-01-14 14:24:50,489 - WARNING - 404 image found | offer_id=36279 | offer_url=https://www.cian.ru/sale/flat/321271566/
2026-01-14 14:24:50,489 - WARNING - 404 image found | offer_id=36277 | offer_url=https://www.cian.ru/sale/flat/321395577/
2026-01-14 14:24:50,495 - WARNING - 404 image found | offer_id=36293 | offer_url=https://www.cian.ru/sale/flat/321127260/
2026-01-14 14:24:50,499 - WARNING - 404 image found | offer_id=36295 | offer_url=https://www.cian.ru/sale/flat/321104386/
2026-01-14 14:24:50,501 - WARNING - 404 image found | offer_id=36292 | offer_url=https://www.cian.ru/sale/flat/321150625/
2026-01-14 14:24:50,504 - WARNING - 404 image found | offer_id=36298 | offer_url=https://www.cian.ru/sale/flat/321081704/
2026-01-14 14:24:50,506 - WARNING - 404 image found | offer_id=36280 | offer_url=https://www.cian.ru/sale/flat/321298444/
2026-01-14 14:24:50,507 - WARNING - 404 image found | offer_id=36275 | offer_url=https://www.cian.ru/sale/flat/321328734/
2026-01-14 14:24:50,508 - WARNING - 404 image found | offer_id=36300 | offer_url=https://www.cian.ru/sale/flat/321020595/
2026-01-14 14:24:50,508 - WARNING - 404 image found | offer_id=36297 | offer_url=https://www.cian.ru/sale/flat/321099867/
2026-01-14 14:24:50,508 - WARNING - 404 image found | offer_id=36301 | offer_url=https://www.cian.ru/sale/flat/321016084/
2026-01-14 14:24:50,510 - WARNING - 404 image found | offer_id=36306 | offer_url=https://www.cian.ru/sale/flat/320869467/
2026-01-14 14:24:50,510 - WARNING - 404 image found | offer_id=36307 | offer_url=https://www.cian.ru/sale/flat/320844686/
2026-01-14 14:24:50,511 - WARNING - 404 image found | offer_id=36305 | offer_url=https://www.cian.ru/sale/flat/320872449/
2026-01-14 14:24:50,512 - WARNING - 404 image found | offer_id=36304 | offer_url=https://www.cian.ru/sale/flat/320878946/
2026-01-14 14:24:50,514 - WARNING - 404 image found | offer_id=36320 | offer_url=https://www.cian.ru/sale/flat/320503438/
2026-01-14 14:24:50,514 - WARNING - 404 image found | offer_id=36303 | offer_url=https://www.cian.ru/sale/flat/320957222/
2026-01-14 14:24:50,528 - WARNING - 404 image found | offer_id=36250 | offer_url=https://www.cian.ru/sale/flat/321564314/
2026-01-14 14:24:50,529 - WARNING - 404 image found | offer_id=36315 | offer_url=https://www.cian.ru/sale/flat/320669799/
2026-01-14 14:24:50,530 - WARNING - 404 image found | offer_id=36326 | offer_url=https://www.cian.ru/sale/flat/320363110/
2026-01-14 14:24:50,531 - WARNING - 404 image found | offer_id=36333 | offer_url=https://www.cian.ru/sale/flat/320248330/
2026-01-14 14:24:50,534 - WARNING - 404 image found | offer_id=36331 | offer_url=https://www.cian.ru/sale/flat/320289836/
2026-01-14 14:24:50,537 - WARNING - 404 image found | offer_id=36341 | offer_url=https://www.cian.ru/sale/flat/319787246/
2026-01-14 14:24:50,541 - WARNING - 404 image found | offer_id=36349 | offer_url=https://www.cian.ru/sale/flat/319642872/
2026-01-14 14:24:50,542 - WARNING - 404 image found | offer_id=36316 | offer_url=https://www.cian.ru/sale/flat/320667368/
2026-01-14 14:24:50,544 - WARNING - 404 image found | offer_id=36351 | offer_url=https://www.cian.ru/sale/flat/319511700/
2026-01-14 14:24:50,545 - WARNING - 404 image found | offer_id=36348 | offer_url=https://www.cian.ru/sale/flat/319642877/
2026-01-14 14:24:50,546 - WARNING - 404 image found | offer_id=36345 | offer_url=https://www.cian.ru/sale/flat/319718592/
2026-01-14 14:24:50,547 - WARNING - 404 image found | offer_id=36359 | offer_url=https://www.cian.ru/sale/flat/319389937/
2026-01-14 14:24:50,547 - WARNING - 404 image found | offer_id=36346 | offer_url=https://www.cian.ru/sale/flat/319656527/
2026-01-14 14:24:50,548 - WARNING - 404 image found | offer_id=36355 | offer_url=https://www.cian.ru/sale/flat/319447018/
2026-01-14 14:24:50,550 - WARNING - 404 image found | offer_id=36361 | offer_url=https://www.cian.ru/sale/flat/319330826/
2026-01-14 14:24:50,552 - WARNING - 404 image found | offer_id=36324 | offer_url=https://www.cian.ru/sale/flat/320409210/
2026-01-14 14:24:50,553 - WARNING - 404 image found | offer_id=36360 | offer_url=https://www.cian.ru/sale/flat/319358893/
2026-01-14 14:24:50,553 - WARNING - 404 image found | offer_id=36362 | offer_url=https://www.cian.ru/sale/flat/319297123/
2026-01-14 14:24:50,555 - WARNING - 404 image found | offer_id=36354 | offer_url=https://www.cian.ru/sale/flat/319461354/
2026-01-14 14:24:50,555 - WARNING - 404 image found | offer_id=36366 | offer_url=https://www.cian.ru/sale/flat/319189738/
2026-01-14 14:24:50,556 - WARNING - 404 image found | offer_id=36308 | offer_url=https://www.cian.ru/sale/flat/320812277/
2026-01-14 14:24:50,560 - WARNING - 404 image found | offer_id=36364 | offer_url=https://www.cian.ru/sale/flat/319241468/
2026-01-14 14:24:50,560 - WARNING - 404 image found | offer_id=36371 | offer_url=https://www.cian.ru/sale/flat/319053999/
2026-01-14 14:24:50,561 - WARNING - 404 image found | offer_id=36370 | offer_url=https://www.cian.ru/sale/flat/319059194/
2026-01-14 14:24:50,564 - WARNING - 404 image found | offer_id=36379 | offer_url=https://www.cian.ru/sale/flat/318778166/
2026-01-14 14:24:50,566 - WARNING - 404 image found | offer_id=36378 | offer_url=https://www.cian.ru/sale/flat/318781338/
2026-01-14 14:24:50,570 - WARNING - 404 image found | offer_id=36382 | offer_url=https://www.cian.ru/sale/flat/318736612/
2026-01-14 14:24:50,571 - WARNING - 404 image found | offer_id=36375 | offer_url=https://www.cian.ru/sale/flat/318815352/
2026-01-14 14:24:50,572 - WARNING - 404 image found | offer_id=36383 | offer_url=https://www.cian.ru/sale/flat/318716291/
2026-01-14 14:24:50,572 - WARNING - 404 image found | offer_id=36393 | offer_url=https://www.cian.ru/sale/flat/318293302/
2026-01-14 14:24:50,576 - WARNING - 404 image found | offer_id=36385 | offer_url=https://www.cian.ru/sale/flat/318666987/
2026-01-14 14:24:50,576 - WARNING - 404 image found | offer_id=36384 | offer_url=https://www.cian.ru/sale/flat/318686316/
2026-01-14 14:24:50,579 - WARNING - 404 image found | offer_id=36402 | offer_url=https://www.cian.ru/sale/flat/317875011/
2026-01-14 14:24:50,583 - WARNING - 404 image found | offer_id=36389 | offer_url=https://www.cian.ru/sale/flat/318497049/
2026-01-14 14:24:50,585 - WARNING - 404 image found | offer_id=36391 | offer_url=https://www.cian.ru/sale/flat/318439683/
2026-01-14 14:24:50,585 - WARNING - 404 image found | offer_id=36401 | offer_url=https://www.cian.ru/sale/flat/317926243/
2026-01-14 14:24:50,586 - WARNING - 404 image found | offer_id=36395 | offer_url=https://www.cian.ru/sale/flat/318194036/
2026-01-14 14:24:50,650 - WARNING - 404 image found | offer_id=36387 | offer_url=https://www.cian.ru/sale/flat/318546546/
2026-01-14 14:24:51,164 - WARNING - 404 image found | offer_id=35893 | offer_url=https://www.cian.ru/sale/flat/323308145/
2026-01-14 14:24:51,184 - INFO - checked=7500, 404=4536, deleted=4499, deactivated=1, speed=257.5/s
2026-01-14 14:24:51,184 - INFO - Batch #16, last_id=36402
2026-01-14 14:24:51,211 - WARNING - 404 image found | offer_id=36414 | offer_url=https://www.cian.ru/sale/flat/317137316/
2026-01-14 14:24:51,212 - WARNING - 404 image found | offer_id=36403 | offer_url=https://www.cian.ru/sale/flat/317858754/
2026-01-14 14:24:51,212 - WARNING - 404 image found | offer_id=36417 | offer_url=https://www.cian.ru/sale/flat/317031210/
2026-01-14 14:24:51,212 - WARNING - 404 image found | offer_id=36404 | offer_url=https://www.cian.ru/sale/flat/317732686/
2026-01-14 14:24:51,213 - WARNING - 404 image found | offer_id=36412 | offer_url=https://www.cian.ru/sale/flat/317280924/
2026-01-14 14:24:51,216 - WARNING - 404 image found | offer_id=36405 | offer_url=https://www.cian.ru/sale/flat/317619613/
2026-01-14 14:24:51,219 - WARNING - 404 image found | offer_id=36413 | offer_url=https://www.cian.ru/sale/flat/317218212/
2026-01-14 14:24:51,220 - WARNING - 404 image found | offer_id=36415 | offer_url=https://www.cian.ru/sale/flat/317217331/
2026-01-14 14:24:51,220 - WARNING - 404 image found | offer_id=36427 | offer_url=https://www.cian.ru/sale/flat/316267810/
2026-01-14 14:24:51,221 - WARNING - 404 image found | offer_id=36431 | offer_url=https://www.cian.ru/sale/flat/316023909/
2026-01-14 14:24:51,222 - WARNING - 404 image found | offer_id=36419 | offer_url=https://www.cian.ru/sale/flat/316908009/
2026-01-14 14:24:51,223 - WARNING - 404 image found | offer_id=36426 | offer_url=https://www.cian.ru/sale/flat/316316813/
2026-01-14 14:24:51,231 - WARNING - 404 image found | offer_id=36439 | offer_url=https://www.cian.ru/sale/flat/315366900/
2026-01-14 14:24:51,232 - WARNING - 404 image found | offer_id=36442 | offer_url=https://www.cian.ru/sale/flat/315287402/
2026-01-14 14:24:51,237 - WARNING - 404 image found | offer_id=36449 | offer_url=https://www.cian.ru/sale/flat/314625844/
2026-01-14 14:24:51,239 - WARNING - 404 image found | offer_id=36437 | offer_url=https://www.cian.ru/sale/flat/315627223/
2026-01-14 14:24:51,240 - WARNING - 404 image found | offer_id=36458 | offer_url=https://www.cian.ru/sale/flat/313207807/
2026-01-14 14:24:51,241 - WARNING - 404 image found | offer_id=36451 | offer_url=https://www.cian.ru/sale/flat/314473073/
2026-01-14 14:24:51,242 - WARNING - 404 image found | offer_id=36450 | offer_url=https://www.cian.ru/sale/flat/314585335/
2026-01-14 14:24:51,242 - WARNING - 404 image found | offer_id=36455 | offer_url=https://www.cian.ru/sale/flat/313472907/
2026-01-14 14:24:51,245 - WARNING - 404 image found | offer_id=36462 | offer_url=https://www.cian.ru/sale/flat/312602766/
2026-01-14 14:24:51,246 - WARNING - 404 image found | offer_id=36454 | offer_url=https://www.cian.ru/sale/flat/314042632/
2026-01-14 14:24:51,248 - WARNING - 404 image found | offer_id=36463 | offer_url=https://www.cian.ru/sale/flat/312589542/
2026-01-14 14:24:51,250 - WARNING - 404 image found | offer_id=36461 | offer_url=https://www.cian.ru/sale/flat/312862570/
2026-01-14 14:24:51,250 - WARNING - 404 image found | offer_id=36465 | offer_url=https://www.cian.ru/sale/flat/312400488/
2026-01-14 14:24:51,250 - WARNING - 404 image found | offer_id=36460 | offer_url=https://www.cian.ru/sale/flat/313143856/
2026-01-14 14:24:51,252 - WARNING - 404 image found | offer_id=36471 | offer_url=https://www.cian.ru/sale/flat/311038049/
2026-01-14 14:24:51,253 - WARNING - 404 image found | offer_id=36464 | offer_url=https://www.cian.ru/sale/flat/312537718/
2026-01-14 14:24:51,253 - WARNING - 404 image found | offer_id=36409 | offer_url=https://www.cian.ru/sale/flat/317426635/
2026-01-14 14:24:51,258 - WARNING - 404 image found | offer_id=36473 | offer_url=https://www.cian.ru/sale/flat/309460450/
2026-01-14 14:24:51,259 - WARNING - 404 image found | offer_id=36470 | offer_url=https://www.cian.ru/sale/flat/311677752/
2026-01-14 14:24:51,264 - WARNING - 404 image found | offer_id=36475 | offer_url=https://www.cian.ru/sale/flat/309045501/
2026-01-14 14:24:51,266 - WARNING - 404 image found | offer_id=36476 | offer_url=https://www.cian.ru/sale/flat/308910396/
2026-01-14 14:24:51,268 - WARNING - 404 image found | offer_id=36487 | offer_url=https://www.cian.ru/sale/flat/307049365/
2026-01-14 14:24:51,268 - WARNING - 404 image found | offer_id=36486 | offer_url=https://www.cian.ru/sale/flat/307218771/
2026-01-14 14:24:51,270 - WARNING - 404 image found | offer_id=36477 | offer_url=https://www.cian.ru/sale/flat/308900806/
2026-01-14 14:24:51,270 - WARNING - 404 image found | offer_id=36429 | offer_url=https://www.cian.ru/sale/flat/316090139/
2026-01-14 14:24:51,281 - WARNING - 404 image found | offer_id=36504 | offer_url=https://www.cian.ru/sale/flat/302093789/
2026-01-14 14:24:51,282 - WARNING - 404 image found | offer_id=36501 | offer_url=https://www.cian.ru/sale/flat/303065636/
2026-01-14 14:24:51,284 - WARNING - 404 image found | offer_id=36508 | offer_url=https://www.cian.ru/sale/flat/297946334/
2026-01-14 14:24:51,285 - WARNING - 404 image found | offer_id=36513 | offer_url=https://www.cian.ru/sale/flat/293218858/
2026-01-14 14:24:51,285 - WARNING - 404 image found | offer_id=36505 | offer_url=https://www.cian.ru/sale/flat/301506097/
2026-01-14 14:24:51,286 - WARNING - 404 image found | offer_id=36506 | offer_url=https://www.cian.ru/sale/flat/300670945/
2026-01-14 14:24:51,287 - WARNING - 404 image found | offer_id=36512 | offer_url=https://www.cian.ru/sale/flat/294169571/
2026-01-14 14:24:51,289 - WARNING - 404 image found | offer_id=36521 | offer_url=https://www.cian.ru/sale/flat/255354936/
2026-01-14 14:24:51,290 - WARNING - 404 image found | offer_id=36523 | offer_url=https://www.cian.ru/sale/flat/323458369/
2026-01-14 14:24:51,290 - WARNING - 404 image found | offer_id=36524 | offer_url=https://www.cian.ru/sale/flat/323586040/
2026-01-14 14:24:51,291 - WARNING - 404 image found | offer_id=36517 | offer_url=https://www.cian.ru/sale/flat/279389903/
2026-01-14 14:24:51,293 - WARNING - 404 image found | offer_id=36529 | offer_url=https://www.cian.ru/sale/flat/323562861/
2026-01-14 14:24:51,296 - WARNING - 404 image found | offer_id=36530 | offer_url=https://www.cian.ru/sale/flat/323561848/
2026-01-14 14:24:51,298 - WARNING - 404 image found | offer_id=36507 | offer_url=https://www.cian.ru/sale/flat/300601317/
2026-01-14 14:24:51,302 - WARNING - 404 image found | offer_id=36533 | offer_url=https://www.cian.ru/sale/flat/323559937/
2026-01-14 14:24:51,302 - WARNING - 404 image found | offer_id=36536 | offer_url=https://www.cian.ru/sale/flat/323555911/
2026-01-14 14:24:51,303 - WARNING - 404 image found | offer_id=36531 | offer_url=https://www.cian.ru/sale/flat/323560333/
2026-01-14 14:24:51,304 - WARNING - 404 image found | offer_id=36535 | offer_url=https://www.cian.ru/sale/flat/323558084/
2026-01-14 14:24:51,305 - WARNING - 404 image found | offer_id=36525 | offer_url=https://www.cian.ru/sale/flat/323581724/
2026-01-14 14:24:51,306 - WARNING - 404 image found | offer_id=36539 | offer_url=https://www.cian.ru/sale/flat/323552484/
2026-01-14 14:24:51,307 - WARNING - 404 image found | offer_id=36543 | offer_url=https://www.cian.ru/sale/flat/323539675/
2026-01-14 14:24:51,312 - WARNING - 404 image found | offer_id=36550 | offer_url=https://www.cian.ru/sale/flat/323523866/
2026-01-14 14:24:51,313 - WARNING - 404 image found | offer_id=36545 | offer_url=https://www.cian.ru/sale/flat/323537237/
2026-01-14 14:24:51,315 - WARNING - 404 image found | offer_id=36552 | offer_url=https://www.cian.ru/sale/flat/323523033/
2026-01-14 14:24:51,316 - WARNING - 404 image found | offer_id=36549 | offer_url=https://www.cian.ru/sale/flat/323524053/
2026-01-14 14:24:51,317 - WARNING - 404 image found | offer_id=36556 | offer_url=https://www.cian.ru/sale/flat/323515181/
2026-01-14 14:24:51,321 - WARNING - 404 image found | offer_id=36563 | offer_url=https://www.cian.ru/sale/flat/323481919/
2026-01-14 14:24:51,322 - WARNING - 404 image found | offer_id=36559 | offer_url=https://www.cian.ru/sale/flat/323505881/
2026-01-14 14:24:51,323 - WARNING - 404 image found | offer_id=36547 | offer_url=https://www.cian.ru/sale/flat/323530110/
2026-01-14 14:24:51,325 - WARNING - 404 image found | offer_id=36558 | offer_url=https://www.cian.ru/sale/flat/323520482/
2026-01-14 14:24:51,326 - WARNING - 404 image found | offer_id=36562 | offer_url=https://www.cian.ru/sale/flat/323490261/
2026-01-14 14:24:51,326 - WARNING - 404 image found | offer_id=36546 | offer_url=https://www.cian.ru/sale/flat/323534018/
2026-01-14 14:24:51,327 - WARNING - 404 image found | offer_id=36560 | offer_url=https://www.cian.ru/sale/flat/323501352/
2026-01-14 14:24:51,328 - WARNING - 404 image found | offer_id=36565 | offer_url=https://www.cian.ru/sale/flat/323481395/
2026-01-14 14:24:51,328 - WARNING - 404 image found | offer_id=36555 | offer_url=https://www.cian.ru/sale/flat/323515428/
2026-01-14 14:24:51,329 - WARNING - 404 image found | offer_id=36569 | offer_url=https://www.cian.ru/sale/flat/323465993/
2026-01-14 14:24:51,333 - WARNING - 404 image found | offer_id=36571 | offer_url=https://www.cian.ru/sale/flat/323465991/
2026-01-14 14:24:51,336 - WARNING - 404 image found | offer_id=36578 | offer_url=https://www.cian.ru/sale/flat/323457017/
2026-01-14 14:24:51,337 - WARNING - 404 image found | offer_id=36572 | offer_url=https://www.cian.ru/sale/flat/323463524/
2026-01-14 14:24:51,337 - WARNING - 404 image found | offer_id=36579 | offer_url=https://www.cian.ru/sale/flat/323457509/
2026-01-14 14:24:51,338 - WARNING - 404 image found | offer_id=36576 | offer_url=https://www.cian.ru/sale/flat/323460674/
2026-01-14 14:24:51,339 - WARNING - 404 image found | offer_id=36580 | offer_url=https://www.cian.ru/sale/flat/323453897/
2026-01-14 14:24:51,340 - WARNING - 404 image found | offer_id=36570 | offer_url=https://www.cian.ru/sale/flat/323465342/
2026-01-14 14:24:51,343 - WARNING - 404 image found | offer_id=36551 | offer_url=https://www.cian.ru/sale/flat/323535993/
2026-01-14 14:24:51,344 - WARNING - 404 image found | offer_id=36585 | offer_url=https://www.cian.ru/sale/flat/323429559/
2026-01-14 14:24:51,347 - WARNING - 404 image found | offer_id=36582 | offer_url=https://www.cian.ru/sale/flat/323440536/
2026-01-14 14:24:51,348 - WARNING - 404 image found | offer_id=36589 | offer_url=https://www.cian.ru/sale/flat/323409124/
2026-01-14 14:24:51,352 - WARNING - 404 image found | offer_id=36588 | offer_url=https://www.cian.ru/sale/flat/323419526/
2026-01-14 14:24:51,352 - WARNING - 404 image found | offer_id=36573 | offer_url=https://www.cian.ru/sale/flat/323462688/
2026-01-14 14:24:51,353 - WARNING - 404 image found | offer_id=36574 | offer_url=https://www.cian.ru/sale/flat/323461539/
2026-01-14 14:24:51,354 - WARNING - 404 image found | offer_id=36591 | offer_url=https://www.cian.ru/sale/flat/323407460/
2026-01-14 14:24:51,355 - WARNING - 404 image found | offer_id=36593 | offer_url=https://www.cian.ru/sale/flat/323395425/
2026-01-14 14:24:51,356 - WARNING - 404 image found | offer_id=36597 | offer_url=https://www.cian.ru/sale/flat/323391277/
2026-01-14 14:24:51,357 - WARNING - 404 image found | offer_id=36557 | offer_url=https://www.cian.ru/sale/flat/323514285/
2026-01-14 14:24:51,358 - WARNING - 404 image found | offer_id=36599 | offer_url=https://www.cian.ru/sale/flat/323364972/
2026-01-14 14:24:51,361 - WARNING - 404 image found | offer_id=36598 | offer_url=https://www.cian.ru/sale/flat/323400949/
2026-01-14 14:24:51,365 - WARNING - 404 image found | offer_id=36602 | offer_url=https://www.cian.ru/sale/flat/323367514/
2026-01-14 14:24:51,366 - WARNING - 404 image found | offer_id=36584 | offer_url=https://www.cian.ru/sale/flat/323439554/
2026-01-14 14:24:51,368 - WARNING - 404 image found | offer_id=36583 | offer_url=https://www.cian.ru/sale/flat/323440590/
2026-01-14 14:24:51,369 - WARNING - 404 image found | offer_id=36603 | offer_url=https://www.cian.ru/sale/flat/323376136/
2026-01-14 14:24:51,369 - WARNING - 404 image found | offer_id=36604 | offer_url=https://www.cian.ru/sale/flat/323385104/
2026-01-14 14:24:51,370 - WARNING - 404 image found | offer_id=36592 | offer_url=https://www.cian.ru/sale/flat/323405469/
2026-01-14 14:24:51,371 - WARNING - 404 image found | offer_id=36564 | offer_url=https://www.cian.ru/sale/flat/323487232/
2026-01-14 14:24:51,372 - WARNING - 404 image found | offer_id=36605 | offer_url=https://www.cian.ru/sale/flat/323367645/
2026-01-14 14:24:51,372 - WARNING - 404 image found | offer_id=36606 | offer_url=https://www.cian.ru/sale/flat/323384022/
2026-01-14 14:24:51,373 - WARNING - 404 image found | offer_id=36610 | offer_url=https://www.cian.ru/sale/flat/323364905/
2026-01-14 14:24:51,374 - WARNING - 404 image found | offer_id=36614 | offer_url=https://www.cian.ru/sale/flat/323354025/
2026-01-14 14:24:51,374 - WARNING - 404 image found | offer_id=36608 | offer_url=https://www.cian.ru/sale/flat/323364971/
2026-01-14 14:24:51,375 - WARNING - 404 image found | offer_id=36616 | offer_url=https://www.cian.ru/sale/flat/323352208/
2026-01-14 14:24:51,376 - WARNING - 404 image found | offer_id=36613 | offer_url=https://www.cian.ru/sale/flat/323362048/
2026-01-14 14:24:51,376 - WARNING - 404 image found | offer_id=36590 | offer_url=https://www.cian.ru/sale/flat/323407874/
2026-01-14 14:24:51,382 - WARNING - 404 image found | offer_id=36621 | offer_url=https://www.cian.ru/sale/flat/323346146/
2026-01-14 14:24:51,389 - WARNING - 404 image found | offer_id=36631 | offer_url=https://www.cian.ru/sale/flat/323320155/
2026-01-14 14:24:51,390 - WARNING - 404 image found | offer_id=36623 | offer_url=https://www.cian.ru/sale/flat/323341389/
2026-01-14 14:24:51,392 - WARNING - 404 image found | offer_id=36567 | offer_url=https://www.cian.ru/sale/flat/323470215/
2026-01-14 14:24:51,393 - WARNING - 404 image found | offer_id=36639 | offer_url=https://www.cian.ru/sale/flat/323309154/
2026-01-14 14:24:51,393 - WARNING - 404 image found | offer_id=36633 | offer_url=https://www.cian.ru/sale/flat/323316597/
2026-01-14 14:24:51,394 - WARNING - 404 image found | offer_id=36632 | offer_url=https://www.cian.ru/sale/flat/323318710/
2026-01-14 14:24:51,395 - WARNING - 404 image found | offer_id=36638 | offer_url=https://www.cian.ru/sale/flat/323311166/
2026-01-14 14:24:51,395 - WARNING - 404 image found | offer_id=36630 | offer_url=https://www.cian.ru/sale/flat/323320765/
2026-01-14 14:24:51,396 - WARNING - 404 image found | offer_id=36645 | offer_url=https://www.cian.ru/sale/flat/323285566/
2026-01-14 14:24:51,396 - WARNING - 404 image found | offer_id=36640 | offer_url=https://www.cian.ru/sale/flat/323307954/
2026-01-14 14:24:51,397 - WARNING - 404 image found | offer_id=36636 | offer_url=https://www.cian.ru/sale/flat/323311555/
2026-01-14 14:24:51,397 - WARNING - 404 image found | offer_id=36624 | offer_url=https://www.cian.ru/sale/flat/323339876/
2026-01-14 14:24:51,398 - WARNING - 404 image found | offer_id=36622 | offer_url=https://www.cian.ru/sale/flat/323342613/
2026-01-14 14:24:51,398 - WARNING - 404 image found | offer_id=36647 | offer_url=https://www.cian.ru/sale/flat/323282636/
2026-01-14 14:24:51,406 - WARNING - 404 image found | offer_id=36651 | offer_url=https://www.cian.ru/sale/flat/323276634/
2026-01-14 14:24:51,407 - WARNING - 404 image found | offer_id=36643 | offer_url=https://www.cian.ru/sale/flat/323298570/
2026-01-14 14:24:51,408 - WARNING - 404 image found | offer_id=36641 | offer_url=https://www.cian.ru/sale/flat/323304672/
2026-01-14 14:24:51,408 - WARNING - 404 image found | offer_id=36634 | offer_url=https://www.cian.ru/sale/flat/323315585/
2026-01-14 14:24:51,411 - WARNING - 404 image found | offer_id=36656 | offer_url=https://www.cian.ru/sale/flat/323264441/
2026-01-14 14:24:51,412 - WARNING - 404 image found | offer_id=36659 | offer_url=https://www.cian.ru/sale/flat/323261790/
2026-01-14 14:24:51,414 - WARNING - 404 image found | offer_id=36660 | offer_url=https://www.cian.ru/sale/flat/323261061/
2026-01-14 14:24:51,414 - WARNING - 404 image found | offer_id=36663 | offer_url=https://www.cian.ru/sale/flat/323251748/
2026-01-14 14:24:51,414 - WARNING - 404 image found | offer_id=36657 | offer_url=https://www.cian.ru/sale/flat/323263517/
2026-01-14 14:24:51,415 - WARNING - 404 image found | offer_id=36655 | offer_url=https://www.cian.ru/sale/flat/323265377/
2026-01-14 14:24:51,416 - WARNING - 404 image found | offer_id=36664 | offer_url=https://www.cian.ru/sale/flat/323251156/
2026-01-14 14:24:51,418 - WARNING - 404 image found | offer_id=36627 | offer_url=https://www.cian.ru/sale/flat/323321939/
2026-01-14 14:24:51,428 - WARNING - 404 image found | offer_id=36554 | offer_url=https://www.cian.ru/sale/flat/323522597/
2026-01-14 14:24:51,429 - WARNING - 404 image found | offer_id=36665 | offer_url=https://www.cian.ru/sale/flat/323249885/
2026-01-14 14:24:51,430 - WARNING - 404 image found | offer_id=36667 | offer_url=https://www.cian.ru/sale/flat/323241182/
2026-01-14 14:24:51,430 - WARNING - 404 image found | offer_id=36673 | offer_url=https://www.cian.ru/sale/flat/323229644/
2026-01-14 14:24:51,432 - WARNING - 404 image found | offer_id=36672 | offer_url=https://www.cian.ru/sale/flat/323230251/
2026-01-14 14:24:51,432 - WARNING - 404 image found | offer_id=36653 | offer_url=https://www.cian.ru/sale/flat/323266214/
2026-01-14 14:24:51,433 - WARNING - 404 image found | offer_id=36677 | offer_url=https://www.cian.ru/sale/flat/323225929/
2026-01-14 14:24:51,434 - WARNING - 404 image found | offer_id=36675 | offer_url=https://www.cian.ru/sale/flat/323228915/
2026-01-14 14:24:51,435 - WARNING - 404 image found | offer_id=36682 | offer_url=https://www.cian.ru/sale/flat/323206900/
2026-01-14 14:24:51,438 - WARNING - 404 image found | offer_id=36575 | offer_url=https://www.cian.ru/sale/flat/323460806/
2026-01-14 14:24:51,439 - WARNING - 404 image found | offer_id=36684 | offer_url=https://www.cian.ru/sale/flat/323204320/
2026-01-14 14:24:51,440 - WARNING - 404 image found | offer_id=36683 | offer_url=https://www.cian.ru/sale/flat/323206409/
2026-01-14 14:24:51,440 - WARNING - 404 image found | offer_id=36686 | offer_url=https://www.cian.ru/sale/flat/323197109/
2026-01-14 14:24:51,441 - WARNING - 404 image found | offer_id=36676 | offer_url=https://www.cian.ru/sale/flat/323227780/
2026-01-14 14:24:51,441 - WARNING - 404 image found | offer_id=36666 | offer_url=https://www.cian.ru/sale/flat/323244467/
2026-01-14 14:24:51,443 - WARNING - 404 image found | offer_id=36669 | offer_url=https://www.cian.ru/sale/flat/323241129/
2026-01-14 14:24:51,444 - WARNING - 404 image found | offer_id=36687 | offer_url=https://www.cian.ru/sale/flat/323196922/
2026-01-14 14:24:51,448 - WARNING - 404 image found | offer_id=36690 | offer_url=https://www.cian.ru/sale/flat/323184173/
2026-01-14 14:24:51,451 - WARNING - 404 image found | offer_id=36696 | offer_url=https://www.cian.ru/sale/flat/323169889/
2026-01-14 14:24:51,452 - WARNING - 404 image found | offer_id=36693 | offer_url=https://www.cian.ru/sale/flat/323177705/
2026-01-14 14:24:51,455 - WARNING - 404 image found | offer_id=36671 | offer_url=https://www.cian.ru/sale/flat/323230712/
2026-01-14 14:24:51,456 - WARNING - 404 image found | offer_id=36652 | offer_url=https://www.cian.ru/sale/flat/323269431/
2026-01-14 14:24:51,456 - WARNING - 404 image found | offer_id=36691 | offer_url=https://www.cian.ru/sale/flat/323182799/
2026-01-14 14:24:51,456 - WARNING - 404 image found | offer_id=36681 | offer_url=https://www.cian.ru/sale/flat/323208159/
2026-01-14 14:24:51,457 - WARNING - 404 image found | offer_id=36698 | offer_url=https://www.cian.ru/sale/flat/323166922/
2026-01-14 14:24:51,459 - WARNING - 404 image found | offer_id=36680 | offer_url=https://www.cian.ru/sale/flat/323211521/
2026-01-14 14:24:51,460 - WARNING - 404 image found | offer_id=36703 | offer_url=https://www.cian.ru/sale/flat/323156903/
2026-01-14 14:24:51,461 - WARNING - 404 image found | offer_id=36704 | offer_url=https://www.cian.ru/sale/flat/323138857/
2026-01-14 14:24:51,462 - WARNING - 404 image found | offer_id=36706 | offer_url=https://www.cian.ru/sale/flat/323135506/
2026-01-14 14:24:51,462 - WARNING - 404 image found | offer_id=36699 | offer_url=https://www.cian.ru/sale/flat/323165906/
2026-01-14 14:24:51,463 - WARNING - 404 image found | offer_id=36700 | offer_url=https://www.cian.ru/sale/flat/323165856/
2026-01-14 14:24:51,467 - WARNING - 404 image found | offer_id=36650 | offer_url=https://www.cian.ru/sale/flat/323276851/
2026-01-14 14:24:51,468 - WARNING - 404 image found | offer_id=36702 | offer_url=https://www.cian.ru/sale/flat/323162034/
2026-01-14 14:24:51,469 - WARNING - 404 image found | offer_id=36707 | offer_url=https://www.cian.ru/sale/flat/323131086/
2026-01-14 14:24:51,470 - WARNING - 404 image found | offer_id=36705 | offer_url=https://www.cian.ru/sale/flat/323141200/
2026-01-14 14:24:51,472 - WARNING - 404 image found | offer_id=36708 | offer_url=https://www.cian.ru/sale/flat/323133784/
2026-01-14 14:24:51,473 - WARNING - 404 image found | offer_id=36711 | offer_url=https://www.cian.ru/sale/flat/323127346/
2026-01-14 14:24:51,475 - WARNING - 404 image found | offer_id=36720 | offer_url=https://www.cian.ru/sale/flat/323097866/
2026-01-14 14:24:51,476 - WARNING - 404 image found | offer_id=36714 | offer_url=https://www.cian.ru/sale/flat/323109685/
2026-01-14 14:24:51,477 - WARNING - 404 image found | offer_id=36658 | offer_url=https://www.cian.ru/sale/flat/323262169/
2026-01-14 14:24:51,478 - WARNING - 404 image found | offer_id=36725 | offer_url=https://www.cian.ru/sale/flat/323091216/
2026-01-14 14:24:51,481 - WARNING - 404 image found | offer_id=36721 | offer_url=https://www.cian.ru/sale/flat/323094789/
2026-01-14 14:24:51,482 - WARNING - 404 image found | offer_id=36719 | offer_url=https://www.cian.ru/sale/flat/323098240/
2026-01-14 14:24:51,482 - WARNING - 404 image found | offer_id=36723 | offer_url=https://www.cian.ru/sale/flat/323094180/
2026-01-14 14:24:51,483 - WARNING - 404 image found | offer_id=36718 | offer_url=https://www.cian.ru/sale/flat/323107126/
2026-01-14 14:24:51,485 - WARNING - 404 image found | offer_id=36724 | offer_url=https://www.cian.ru/sale/flat/323092811/
2026-01-14 14:24:51,486 - WARNING - 404 image found | offer_id=36717 | offer_url=https://www.cian.ru/sale/flat/323098693/
2026-01-14 14:24:51,486 - WARNING - 404 image found | offer_id=36726 | offer_url=https://www.cian.ru/sale/flat/323089735/
2026-01-14 14:24:51,487 - WARNING - 404 image found | offer_id=36715 | offer_url=https://www.cian.ru/sale/flat/323107926/
2026-01-14 14:24:51,489 - WARNING - 404 image found | offer_id=36729 | offer_url=https://www.cian.ru/sale/flat/323076990/
2026-01-14 14:24:51,494 - WARNING - 404 image found | offer_id=36733 | offer_url=https://www.cian.ru/sale/flat/323045821/
2026-01-14 14:24:51,495 - WARNING - 404 image found | offer_id=36735 | offer_url=https://www.cian.ru/sale/flat/323042536/
2026-01-14 14:24:51,497 - WARNING - 404 image found | offer_id=36731 | offer_url=https://www.cian.ru/sale/flat/323051752/
2026-01-14 14:24:51,499 - WARNING - 404 image found | offer_id=36742 | offer_url=https://www.cian.ru/sale/flat/323017488/
2026-01-14 14:24:51,504 - WARNING - 404 image found | offer_id=36745 | offer_url=https://www.cian.ru/sale/flat/323014209/
2026-01-14 14:24:51,505 - WARNING - 404 image found | offer_id=36709 | offer_url=https://www.cian.ru/sale/flat/323132012/
2026-01-14 14:24:51,506 - WARNING - 404 image found | offer_id=36753 | offer_url=https://www.cian.ru/sale/flat/322977131/
2026-01-14 14:24:51,509 - WARNING - 404 image found | offer_id=36746 | offer_url=https://www.cian.ru/sale/flat/323014080/
2026-01-14 14:24:51,509 - WARNING - 404 image found | offer_id=36752 | offer_url=https://www.cian.ru/sale/flat/322980899/
2026-01-14 14:24:51,509 - WARNING - 404 image found | offer_id=36749 | offer_url=https://www.cian.ru/sale/flat/322994256/
2026-01-14 14:24:51,510 - WARNING - 404 image found | offer_id=36754 | offer_url=https://www.cian.ru/sale/flat/322977080/
2026-01-14 14:24:51,511 - WARNING - 404 image found | offer_id=36750 | offer_url=https://www.cian.ru/sale/flat/322993677/
2026-01-14 14:24:51,513 - WARNING - 404 image found | offer_id=36734 | offer_url=https://www.cian.ru/sale/flat/323043391/
2026-01-14 14:24:51,514 - WARNING - 404 image found | offer_id=36760 | offer_url=https://www.cian.ru/sale/flat/322959127/
2026-01-14 14:24:51,514 - WARNING - 404 image found | offer_id=36762 | offer_url=https://www.cian.ru/sale/flat/322956643/
2026-01-14 14:24:51,521 - WARNING - 404 image found | offer_id=36771 | offer_url=https://www.cian.ru/sale/flat/322927233/
2026-01-14 14:24:51,522 - WARNING - 404 image found | offer_id=36766 | offer_url=https://www.cian.ru/sale/flat/322949252/
2026-01-14 14:24:51,523 - WARNING - 404 image found | offer_id=36768 | offer_url=https://www.cian.ru/sale/flat/322935700/
2026-01-14 14:24:51,523 - WARNING - 404 image found | offer_id=36756 | offer_url=https://www.cian.ru/sale/flat/322969424/
2026-01-14 14:24:51,528 - WARNING - 404 image found | offer_id=36761 | offer_url=https://www.cian.ru/sale/flat/322957018/
2026-01-14 14:24:51,529 - WARNING - 404 image found | offer_id=36765 | offer_url=https://www.cian.ru/sale/flat/322949344/
2026-01-14 14:24:51,530 - WARNING - 404 image found | offer_id=36777 | offer_url=https://www.cian.ru/sale/flat/322908187/
2026-01-14 14:24:51,530 - WARNING - 404 image found | offer_id=36769 | offer_url=https://www.cian.ru/sale/flat/322932673/
2026-01-14 14:24:51,531 - WARNING - 404 image found | offer_id=36767 | offer_url=https://www.cian.ru/sale/flat/322938232/
2026-01-14 14:24:51,534 - WARNING - 404 image found | offer_id=36688 | offer_url=https://www.cian.ru/sale/flat/323191634/
2026-01-14 14:24:51,535 - WARNING - 404 image found | offer_id=36737 | offer_url=https://www.cian.ru/sale/flat/323038821/
2026-01-14 14:24:51,537 - WARNING - 404 image found | offer_id=36782 | offer_url=https://www.cian.ru/sale/flat/322886332/
2026-01-14 14:24:51,537 - WARNING - 404 image found | offer_id=36772 | offer_url=https://www.cian.ru/sale/flat/322928906/
2026-01-14 14:24:51,541 - WARNING - 404 image found | offer_id=36789 | offer_url=https://www.cian.ru/sale/flat/322818965/
2026-01-14 14:24:51,544 - WARNING - 404 image found | offer_id=36784 | offer_url=https://www.cian.ru/sale/flat/322874010/
2026-01-14 14:24:51,546 - WARNING - 404 image found | offer_id=36791 | offer_url=https://www.cian.ru/sale/flat/322850069/
2026-01-14 14:24:51,552 - WARNING - 404 image found | offer_id=36804 | offer_url=https://www.cian.ru/sale/flat/322768278/
2026-01-14 14:24:51,552 - WARNING - 404 image found | offer_id=36809 | offer_url=https://www.cian.ru/sale/flat/322770934/
2026-01-14 14:24:51,553 - WARNING - 404 image found | offer_id=36802 | offer_url=https://www.cian.ru/sale/flat/322802408/
2026-01-14 14:24:51,554 - WARNING - 404 image found | offer_id=36803 | offer_url=https://www.cian.ru/sale/flat/322795974/
2026-01-14 14:24:51,555 - WARNING - 404 image found | offer_id=36795 | offer_url=https://www.cian.ru/sale/flat/322818917/
2026-01-14 14:24:51,555 - WARNING - 404 image found | offer_id=36807 | offer_url=https://www.cian.ru/sale/flat/322763945/
2026-01-14 14:24:51,555 - WARNING - 404 image found | offer_id=36808 | offer_url=https://www.cian.ru/sale/flat/322773721/
2026-01-14 14:24:51,559 - WARNING - 404 image found | offer_id=36814 | offer_url=https://www.cian.ru/sale/flat/322739034/
2026-01-14 14:24:51,560 - WARNING - 404 image found | offer_id=36810 | offer_url=https://www.cian.ru/sale/flat/322794471/
2026-01-14 14:24:51,561 - WARNING - 404 image found | offer_id=36801 | offer_url=https://www.cian.ru/sale/flat/322797617/
2026-01-14 14:24:51,561 - WARNING - 404 image found | offer_id=36797 | offer_url=https://www.cian.ru/sale/flat/322818866/
2026-01-14 14:24:51,561 - WARNING - 404 image found | offer_id=36799 | offer_url=https://www.cian.ru/sale/flat/322814745/
2026-01-14 14:24:51,569 - WARNING - 404 image found | offer_id=36815 | offer_url=https://www.cian.ru/sale/flat/322737565/
2026-01-14 14:24:51,571 - WARNING - 404 image found | offer_id=36820 | offer_url=https://www.cian.ru/sale/flat/322720319/
2026-01-14 14:24:51,572 - WARNING - 404 image found | offer_id=36819 | offer_url=https://www.cian.ru/sale/flat/322727154/
2026-01-14 14:24:51,572 - WARNING - 404 image found | offer_id=36821 | offer_url=https://www.cian.ru/sale/flat/322705052/
2026-01-14 14:24:51,573 - WARNING - 404 image found | offer_id=36823 | offer_url=https://www.cian.ru/sale/flat/322705014/
2026-01-14 14:24:51,578 - WARNING - 404 image found | offer_id=36824 | offer_url=https://www.cian.ru/sale/flat/322704059/
2026-01-14 14:24:51,580 - WARNING - 404 image found | offer_id=36828 | offer_url=https://www.cian.ru/sale/flat/322684016/
2026-01-14 14:24:51,581 - WARNING - 404 image found | offer_id=36826 | offer_url=https://www.cian.ru/sale/flat/322684114/
2026-01-14 14:24:51,582 - WARNING - 404 image found | offer_id=36832 | offer_url=https://www.cian.ru/sale/flat/322676038/
2026-01-14 14:24:51,583 - WARNING - 404 image found | offer_id=36825 | offer_url=https://www.cian.ru/sale/flat/322703946/
2026-01-14 14:24:51,583 - WARNING - 404 image found | offer_id=36838 | offer_url=https://www.cian.ru/sale/flat/322643910/
2026-01-14 14:24:51,584 - WARNING - 404 image found | offer_id=36840 | offer_url=https://www.cian.ru/sale/flat/322647568/
2026-01-14 14:24:51,584 - WARNING - 404 image found | offer_id=36834 | offer_url=https://www.cian.ru/sale/flat/322659798/
2026-01-14 14:24:51,585 - WARNING - 404 image found | offer_id=36793 | offer_url=https://www.cian.ru/sale/flat/322829212/
2026-01-14 14:24:51,586 - WARNING - 404 image found | offer_id=36833 | offer_url=https://www.cian.ru/sale/flat/322675877/
2026-01-14 14:24:51,592 - WARNING - 404 image found | offer_id=36841 | offer_url=https://www.cian.ru/sale/flat/322633938/
2026-01-14 14:24:51,595 - WARNING - 404 image found | offer_id=36846 | offer_url=https://www.cian.ru/sale/flat/322610239/
2026-01-14 14:24:51,596 - WARNING - 404 image found | offer_id=36850 | offer_url=https://www.cian.ru/sale/flat/322585484/
2026-01-14 14:24:51,599 - WARNING - 404 image found | offer_id=36848 | offer_url=https://www.cian.ru/sale/flat/322606939/
2026-01-14 14:24:51,602 - WARNING - 404 image found | offer_id=36844 | offer_url=https://www.cian.ru/sale/flat/322617480/
2026-01-14 14:24:51,603 - WARNING - 404 image found | offer_id=36855 | offer_url=https://www.cian.ru/sale/flat/322560305/
2026-01-14 14:24:51,604 - WARNING - 404 image found | offer_id=36853 | offer_url=https://www.cian.ru/sale/flat/322578016/
2026-01-14 14:24:51,606 - WARNING - 404 image found | offer_id=36748 | offer_url=https://www.cian.ru/sale/flat/323000386/
2026-01-14 14:24:51,607 - WARNING - 404 image found | offer_id=36851 | offer_url=https://www.cian.ru/sale/flat/322584015/
2026-01-14 14:24:51,609 - WARNING - 404 image found | offer_id=36842 | offer_url=https://www.cian.ru/sale/flat/322632850/
2026-01-14 14:24:51,611 - WARNING - 404 image found | offer_id=36852 | offer_url=https://www.cian.ru/sale/flat/322593374/
2026-01-14 14:24:51,612 - WARNING - 404 image found | offer_id=36858 | offer_url=https://www.cian.ru/sale/flat/322547427/
2026-01-14 14:24:51,614 - WARNING - 404 image found | offer_id=36861 | offer_url=https://www.cian.ru/sale/flat/322522682/
2026-01-14 14:24:51,616 - WARNING - 404 image found | offer_id=36845 | offer_url=https://www.cian.ru/sale/flat/322611196/
2026-01-14 14:24:51,617 - WARNING - 404 image found | offer_id=36863 | offer_url=https://www.cian.ru/sale/flat/322495688/
2026-01-14 14:24:51,618 - WARNING - 404 image found | offer_id=36865 | offer_url=https://www.cian.ru/sale/flat/322485491/
2026-01-14 14:24:51,618 - WARNING - 404 image found | offer_id=36862 | offer_url=https://www.cian.ru/sale/flat/322508690/
2026-01-14 14:24:51,621 - WARNING - 404 image found | offer_id=36822 | offer_url=https://www.cian.ru/sale/flat/322713451/
2026-01-14 14:24:51,621 - WARNING - 404 image found | offer_id=36868 | offer_url=https://www.cian.ru/sale/flat/322474519/
2026-01-14 14:24:51,623 - WARNING - 404 image found | offer_id=36867 | offer_url=https://www.cian.ru/sale/flat/322476605/
2026-01-14 14:24:51,632 - WARNING - 404 image found | offer_id=36873 | offer_url=https://www.cian.ru/sale/flat/322422871/
2026-01-14 14:24:51,634 - WARNING - 404 image found | offer_id=36879 | offer_url=https://www.cian.ru/sale/flat/322382807/
2026-01-14 14:24:51,635 - WARNING - 404 image found | offer_id=36856 | offer_url=https://www.cian.ru/sale/flat/322557398/
2026-01-14 14:24:51,636 - WARNING - 404 image found | offer_id=36883 | offer_url=https://www.cian.ru/sale/flat/322329055/
2026-01-14 14:24:51,636 - WARNING - 404 image found | offer_id=36885 | offer_url=https://www.cian.ru/sale/flat/322327786/
2026-01-14 14:24:51,640 - WARNING - 404 image found | offer_id=36880 | offer_url=https://www.cian.ru/sale/flat/322376729/
2026-01-14 14:24:51,644 - WARNING - 404 image found | offer_id=36887 | offer_url=https://www.cian.ru/sale/flat/322321924/
2026-01-14 14:24:51,645 - WARNING - 404 image found | offer_id=36891 | offer_url=https://www.cian.ru/sale/flat/322305519/
2026-01-14 14:24:51,647 - WARNING - 404 image found | offer_id=36893 | offer_url=https://www.cian.ru/sale/flat/322286249/
2026-01-14 14:24:51,648 - WARNING - 404 image found | offer_id=36894 | offer_url=https://www.cian.ru/sale/flat/322275855/
2026-01-14 14:24:51,649 - WARNING - 404 image found | offer_id=36778 | offer_url=https://www.cian.ru/sale/flat/322905292/
2026-01-14 14:24:51,650 - WARNING - 404 image found | offer_id=36854 | offer_url=https://www.cian.ru/sale/flat/322574413/
2026-01-14 14:24:51,650 - WARNING - 404 image found | offer_id=36875 | offer_url=https://www.cian.ru/sale/flat/322413614/
2026-01-14 14:24:51,652 - WARNING - 404 image found | offer_id=36836 | offer_url=https://www.cian.ru/sale/flat/322648417/
2026-01-14 14:24:51,656 - WARNING - 404 image found | offer_id=36890 | offer_url=https://www.cian.ru/sale/flat/322290333/
2026-01-14 14:24:51,657 - WARNING - 404 image found | offer_id=36903 | offer_url=https://www.cian.ru/sale/flat/322167908/
2026-01-14 14:24:51,658 - WARNING - 404 image found | offer_id=36897 | offer_url=https://www.cian.ru/sale/flat/322231931/
2026-01-14 14:24:51,663 - WARNING - 404 image found | offer_id=36902 | offer_url=https://www.cian.ru/sale/flat/322169375/
2026-01-14 14:24:51,670 - WARNING - 404 image found | offer_id=36909 | offer_url=https://www.cian.ru/sale/flat/322123470/
2026-01-14 14:24:51,671 - WARNING - 404 image found | offer_id=36901 | offer_url=https://www.cian.ru/sale/flat/322176759/
2026-01-14 14:24:51,671 - WARNING - 404 image found | offer_id=36908 | offer_url=https://www.cian.ru/sale/flat/322125064/
2026-01-14 14:24:51,674 - WARNING - 404 image found | offer_id=36889 | offer_url=https://www.cian.ru/sale/flat/322308093/
2026-01-14 14:24:51,674 - WARNING - 404 image found | offer_id=36917 | offer_url=https://www.cian.ru/sale/flat/322096838/
2026-01-14 14:24:51,675 - WARNING - 404 image found | offer_id=36895 | offer_url=https://www.cian.ru/sale/flat/322243032/
2026-01-14 14:24:51,679 - WARNING - 404 image found | offer_id=36921 | offer_url=https://www.cian.ru/sale/flat/322043231/
2026-01-14 14:24:51,679 - WARNING - 404 image found | offer_id=36923 | offer_url=https://www.cian.ru/sale/flat/321987364/
2026-01-14 14:24:51,681 - WARNING - 404 image found | offer_id=36919 | offer_url=https://www.cian.ru/sale/flat/322045103/
2026-01-14 14:24:51,686 - WARNING - 404 image found | offer_id=36920 | offer_url=https://www.cian.ru/sale/flat/322044407/
2026-01-14 14:24:51,695 - WARNING - 404 image found | offer_id=36864 | offer_url=https://www.cian.ru/sale/flat/322489356/
2026-01-14 14:24:51,724 - WARNING - 404 image found | offer_id=36829 | offer_url=https://www.cian.ru/sale/flat/322683744/
2026-01-14 14:24:51,741 - WARNING - 404 image found | offer_id=36827 | offer_url=https://www.cian.ru/sale/flat/322698990/
2026-01-14 14:24:51,787 - WARNING - 404 image found | offer_id=36874 | offer_url=https://www.cian.ru/sale/flat/322418073/
2026-01-14 14:24:51,799 - WARNING - 404 image found | offer_id=36869 | offer_url=https://www.cian.ru/sale/flat/322455753/
2026-01-14 14:24:51,812 - INFO - checked=8000, 404=4832, deleted=4799, deactivated=1, speed=268.9/s
2026-01-14 14:24:51,813 - INFO - Batch #17, last_id=36923
2026-01-14 14:24:51,838 - WARNING - 404 image found | offer_id=36925 | offer_url=https://www.cian.ru/sale/flat/321986033/
2026-01-14 14:24:51,839 - WARNING - 404 image found | offer_id=36930 | offer_url=https://www.cian.ru/sale/flat/321917045/
2026-01-14 14:24:51,842 - WARNING - 404 image found | offer_id=36943 | offer_url=https://www.cian.ru/sale/flat/321826171/
2026-01-14 14:24:51,849 - WARNING - 404 image found | offer_id=36948 | offer_url=https://www.cian.ru/sale/flat/321746190/
2026-01-14 14:24:51,849 - WARNING - 404 image found | offer_id=36936 | offer_url=https://www.cian.ru/sale/flat/321857151/
2026-01-14 14:24:51,850 - WARNING - 404 image found | offer_id=36950 | offer_url=https://www.cian.ru/sale/flat/321734498/
2026-01-14 14:24:51,851 - WARNING - 404 image found | offer_id=36937 | offer_url=https://www.cian.ru/sale/flat/321847651/
2026-01-14 14:24:51,851 - WARNING - 404 image found | offer_id=36924 | offer_url=https://www.cian.ru/sale/flat/322052333/
2026-01-14 14:24:51,851 - WARNING - 404 image found | offer_id=36945 | offer_url=https://www.cian.ru/sale/flat/321809465/
2026-01-14 14:24:51,853 - WARNING - 404 image found | offer_id=36944 | offer_url=https://www.cian.ru/sale/flat/321783576/
2026-01-14 14:24:51,854 - WARNING - 404 image found | offer_id=36941 | offer_url=https://www.cian.ru/sale/flat/321829773/
2026-01-14 14:24:51,854 - WARNING - 404 image found | offer_id=36959 | offer_url=https://www.cian.ru/sale/flat/321648202/
2026-01-14 14:24:51,855 - WARNING - 404 image found | offer_id=36956 | offer_url=https://www.cian.ru/sale/flat/321667718/
2026-01-14 14:24:51,856 - WARNING - 404 image found | offer_id=36932 | offer_url=https://www.cian.ru/sale/flat/321894307/
2026-01-14 14:24:51,856 - WARNING - 404 image found | offer_id=36951 | offer_url=https://www.cian.ru/sale/flat/321732704/
2026-01-14 14:24:51,857 - WARNING - 404 image found | offer_id=36958 | offer_url=https://www.cian.ru/sale/flat/321653442/
2026-01-14 14:24:51,857 - WARNING - 404 image found | offer_id=36963 | offer_url=https://www.cian.ru/sale/flat/321626206/
2026-01-14 14:24:51,872 - WARNING - 404 image found | offer_id=36974 | offer_url=https://www.cian.ru/sale/flat/321464802/
2026-01-14 14:24:51,872 - WARNING - 404 image found | offer_id=36979 | offer_url=https://www.cian.ru/sale/flat/321407998/
2026-01-14 14:24:51,873 - WARNING - 404 image found | offer_id=36971 | offer_url=https://www.cian.ru/sale/flat/321523682/
2026-01-14 14:24:51,873 - WARNING - 404 image found | offer_id=36987 | offer_url=https://www.cian.ru/sale/flat/321245956/
2026-01-14 14:24:51,876 - WARNING - 404 image found | offer_id=36985 | offer_url=https://www.cian.ru/sale/flat/321274252/
2026-01-14 14:24:51,878 - WARNING - 404 image found | offer_id=36970 | offer_url=https://www.cian.ru/sale/flat/321545712/
2026-01-14 14:24:51,879 - WARNING - 404 image found | offer_id=36980 | offer_url=https://www.cian.ru/sale/flat/321398401/
2026-01-14 14:24:51,880 - WARNING - 404 image found | offer_id=36984 | offer_url=https://www.cian.ru/sale/flat/321280819/
2026-01-14 14:24:51,881 - WARNING - 404 image found | offer_id=36990 | offer_url=https://www.cian.ru/sale/flat/321218730/
2026-01-14 14:24:51,889 - WARNING - 404 image found | offer_id=36967 | offer_url=https://www.cian.ru/sale/flat/321582874/
2026-01-14 14:24:51,890 - WARNING - 404 image found | offer_id=36997 | offer_url=https://www.cian.ru/sale/flat/321129192/
2026-01-14 14:24:51,891 - WARNING - 404 image found | offer_id=36998 | offer_url=https://www.cian.ru/sale/flat/321127435/
2026-01-14 14:24:51,892 - WARNING - 404 image found | offer_id=37008 | offer_url=https://www.cian.ru/sale/flat/321015685/
2026-01-14 14:24:51,900 - WARNING - 404 image found | offer_id=37010 | offer_url=https://www.cian.ru/sale/flat/320995978/
2026-01-14 14:24:51,901 - WARNING - 404 image found | offer_id=37002 | offer_url=https://www.cian.ru/sale/flat/321078093/
2026-01-14 14:24:51,901 - WARNING - 404 image found | offer_id=37004 | offer_url=https://www.cian.ru/sale/flat/321064062/
2026-01-14 14:24:51,903 - WARNING - 404 image found | offer_id=37013 | offer_url=https://www.cian.ru/sale/flat/320889569/
2026-01-14 14:24:51,904 - WARNING - 404 image found | offer_id=37016 | offer_url=https://www.cian.ru/sale/flat/320853474/
2026-01-14 14:24:51,908 - WARNING - 404 image found | offer_id=37027 | offer_url=https://www.cian.ru/sale/flat/320585269/
2026-01-14 14:24:51,914 - WARNING - 404 image found | offer_id=37019 | offer_url=https://www.cian.ru/sale/flat/320734988/
2026-01-14 14:24:51,914 - WARNING - 404 image found | offer_id=36940 | offer_url=https://www.cian.ru/sale/flat/321832332/
2026-01-14 14:24:51,915 - WARNING - 404 image found | offer_id=37028 | offer_url=https://www.cian.ru/sale/flat/320555370/
2026-01-14 14:24:51,915 - WARNING - 404 image found | offer_id=37001 | offer_url=https://www.cian.ru/sale/flat/321083053/
2026-01-14 14:24:51,917 - WARNING - 404 image found | offer_id=37017 | offer_url=https://www.cian.ru/sale/flat/320832841/
2026-01-14 14:24:51,920 - WARNING - 404 image found | offer_id=37011 | offer_url=https://www.cian.ru/sale/flat/320971652/
2026-01-14 14:24:51,924 - WARNING - 404 image found | offer_id=37035 | offer_url=https://www.cian.ru/sale/flat/320433661/
2026-01-14 14:24:51,928 - WARNING - 404 image found | offer_id=37021 | offer_url=https://www.cian.ru/sale/flat/320727396/
2026-01-14 14:24:51,929 - WARNING - 404 image found | offer_id=37020 | offer_url=https://www.cian.ru/sale/flat/320733937/
2026-01-14 14:24:51,929 - WARNING - 404 image found | offer_id=37040 | offer_url=https://www.cian.ru/sale/flat/320256265/
2026-01-14 14:24:51,932 - WARNING - 404 image found | offer_id=37000 | offer_url=https://www.cian.ru/sale/flat/321085499/
2026-01-14 14:24:51,933 - WARNING - 404 image found | offer_id=37029 | offer_url=https://www.cian.ru/sale/flat/320548880/
2026-01-14 14:24:51,936 - WARNING - 404 image found | offer_id=37014 | offer_url=https://www.cian.ru/sale/flat/320897386/
2026-01-14 14:24:51,937 - WARNING - 404 image found | offer_id=37042 | offer_url=https://www.cian.ru/sale/flat/320225495/
2026-01-14 14:24:51,943 - WARNING - 404 image found | offer_id=36982 | offer_url=https://www.cian.ru/sale/flat/321294272/
2026-01-14 14:24:51,944 - WARNING - 404 image found | offer_id=37050 | offer_url=https://www.cian.ru/sale/flat/320038295/
2026-01-14 14:24:51,946 - WARNING - 404 image found | offer_id=37047 | offer_url=https://www.cian.ru/sale/flat/320172446/
2026-01-14 14:24:51,947 - WARNING - 404 image found | offer_id=37051 | offer_url=https://www.cian.ru/sale/flat/320038267/
2026-01-14 14:24:51,947 - WARNING - 404 image found | offer_id=37048 | offer_url=https://www.cian.ru/sale/flat/320153016/
2026-01-14 14:24:51,950 - WARNING - 404 image found | offer_id=37052 | offer_url=https://www.cian.ru/sale/flat/320007194/
2026-01-14 14:24:51,950 - WARNING - 404 image found | offer_id=37053 | offer_url=https://www.cian.ru/sale/flat/320004204/
2026-01-14 14:24:51,951 - WARNING - 404 image found | offer_id=37059 | offer_url=https://www.cian.ru/sale/flat/319887356/
2026-01-14 14:24:51,951 - WARNING - 404 image found | offer_id=37060 | offer_url=https://www.cian.ru/sale/flat/319887173/
2026-01-14 14:24:51,954 - WARNING - 404 image found | offer_id=37022 | offer_url=https://www.cian.ru/sale/flat/320721597/
2026-01-14 14:24:51,956 - WARNING - 404 image found | offer_id=37054 | offer_url=https://www.cian.ru/sale/flat/319992849/
2026-01-14 14:24:51,960 - WARNING - 404 image found | offer_id=37041 | offer_url=https://www.cian.ru/sale/flat/320251922/
2026-01-14 14:24:51,970 - WARNING - 404 image found | offer_id=37080 | offer_url=https://www.cian.ru/sale/flat/319345691/
2026-01-14 14:24:51,970 - WARNING - 404 image found | offer_id=37070 | offer_url=https://www.cian.ru/sale/flat/319642876/
2026-01-14 14:24:51,972 - WARNING - 404 image found | offer_id=37078 | offer_url=https://www.cian.ru/sale/flat/319468676/
2026-01-14 14:24:51,972 - WARNING - 404 image found | offer_id=37072 | offer_url=https://www.cian.ru/sale/flat/319632663/
2026-01-14 14:24:51,972 - WARNING - 404 image found | offer_id=37066 | offer_url=https://www.cian.ru/sale/flat/319726800/
2026-01-14 14:24:51,974 - WARNING - 404 image found | offer_id=37076 | offer_url=https://www.cian.ru/sale/flat/319513716/
2026-01-14 14:24:51,974 - WARNING - 404 image found | offer_id=37064 | offer_url=https://www.cian.ru/sale/flat/319783732/
2026-01-14 14:24:51,975 - WARNING - 404 image found | offer_id=37065 | offer_url=https://www.cian.ru/sale/flat/319773958/
2026-01-14 14:24:51,976 - WARNING - 404 image found | offer_id=37030 | offer_url=https://www.cian.ru/sale/flat/320544092/
2026-01-14 14:24:51,976 - WARNING - 404 image found | offer_id=37032 | offer_url=https://www.cian.ru/sale/flat/320515825/
2026-01-14 14:24:51,977 - WARNING - 404 image found | offer_id=37057 | offer_url=https://www.cian.ru/sale/flat/319940434/
2026-01-14 14:24:51,978 - WARNING - 404 image found | offer_id=37083 | offer_url=https://www.cian.ru/sale/flat/319168337/
2026-01-14 14:24:51,979 - WARNING - 404 image found | offer_id=37071 | offer_url=https://www.cian.ru/sale/flat/319672566/
2026-01-14 14:24:51,985 - WARNING - 404 image found | offer_id=37087 | offer_url=https://www.cian.ru/sale/flat/318827450/
2026-01-14 14:24:51,990 - WARNING - 404 image found | offer_id=37095 | offer_url=https://www.cian.ru/sale/flat/318353371/
2026-01-14 14:24:51,991 - WARNING - 404 image found | offer_id=37091 | offer_url=https://www.cian.ru/sale/flat/318506428/
2026-01-14 14:24:51,992 - WARNING - 404 image found | offer_id=37075 | offer_url=https://www.cian.ru/sale/flat/319524340/
2026-01-14 14:24:51,992 - WARNING - 404 image found | offer_id=37092 | offer_url=https://www.cian.ru/sale/flat/318460704/
2026-01-14 14:24:51,996 - WARNING - 404 image found | offer_id=37018 | offer_url=https://www.cian.ru/sale/flat/320739955/
2026-01-14 14:24:52,001 - WARNING - 404 image found | offer_id=37108 | offer_url=https://www.cian.ru/sale/flat/317223892/
2026-01-14 14:24:52,003 - WARNING - 404 image found | offer_id=37107 | offer_url=https://www.cian.ru/sale/flat/317363459/
2026-01-14 14:24:52,005 - WARNING - 404 image found | offer_id=37104 | offer_url=https://www.cian.ru/sale/flat/317528954/
2026-01-14 14:24:52,006 - WARNING - 404 image found | offer_id=37113 | offer_url=https://www.cian.ru/sale/flat/316427690/
2026-01-14 14:24:52,008 - WARNING - 404 image found | offer_id=37103 | offer_url=https://www.cian.ru/sale/flat/317582602/
2026-01-14 14:24:52,009 - WARNING - 404 image found | offer_id=37100 | offer_url=https://www.cian.ru/sale/flat/318006110/
2026-01-14 14:24:52,010 - WARNING - 404 image found | offer_id=37114 | offer_url=https://www.cian.ru/sale/flat/316297577/
2026-01-14 14:24:52,011 - WARNING - 404 image found | offer_id=37117 | offer_url=https://www.cian.ru/sale/flat/316080337/
2026-01-14 14:24:52,011 - WARNING - 404 image found | offer_id=37115 | offer_url=https://www.cian.ru/sale/flat/316270901/
2026-01-14 14:24:52,014 - WARNING - 404 image found | offer_id=37068 | offer_url=https://www.cian.ru/sale/flat/319772061/
2026-01-14 14:24:52,014 - WARNING - 404 image found | offer_id=37098 | offer_url=https://www.cian.ru/sale/flat/318215653/
2026-01-14 14:24:52,018 - WARNING - 404 image found | offer_id=37116 | offer_url=https://www.cian.ru/sale/flat/316118946/
2026-01-14 14:24:52,020 - WARNING - 404 image found | offer_id=37126 | offer_url=https://www.cian.ru/sale/flat/315377388/
2026-01-14 14:24:52,034 - WARNING - 404 image found | offer_id=37132 | offer_url=https://www.cian.ru/sale/flat/315061148/
2026-01-14 14:24:52,036 - WARNING - 404 image found | offer_id=37140 | offer_url=https://www.cian.ru/sale/flat/314012155/
2026-01-14 14:24:52,036 - WARNING - 404 image found | offer_id=37134 | offer_url=https://www.cian.ru/sale/flat/314805375/
2026-01-14 14:24:52,036 - WARNING - 404 image found | offer_id=37137 | offer_url=https://www.cian.ru/sale/flat/314474523/
2026-01-14 14:24:52,038 - WARNING - 404 image found | offer_id=37106 | offer_url=https://www.cian.ru/sale/flat/317409800/
2026-01-14 14:24:52,038 - WARNING - 404 image found | offer_id=37130 | offer_url=https://www.cian.ru/sale/flat/315087192/
2026-01-14 14:24:52,049 - WARNING - 404 image found | offer_id=37146 | offer_url=https://www.cian.ru/sale/flat/312991261/
2026-01-14 14:24:52,051 - WARNING - 404 image found | offer_id=37149 | offer_url=https://www.cian.ru/sale/flat/312730624/
2026-01-14 14:24:52,054 - WARNING - 404 image found | offer_id=37157 | offer_url=https://www.cian.ru/sale/flat/309785222/
2026-01-14 14:24:52,055 - WARNING - 404 image found | offer_id=37158 | offer_url=https://www.cian.ru/sale/flat/308924979/
2026-01-14 14:24:52,061 - WARNING - 404 image found | offer_id=37155 | offer_url=https://www.cian.ru/sale/flat/310193094/
2026-01-14 14:24:52,066 - WARNING - 404 image found | offer_id=37163 | offer_url=https://www.cian.ru/sale/flat/307380411/
2026-01-14 14:24:52,067 - WARNING - 404 image found | offer_id=37025 | offer_url=https://www.cian.ru/sale/flat/320620262/
2026-01-14 14:24:52,067 - WARNING - 404 image found | offer_id=37174 | offer_url=https://www.cian.ru/sale/flat/302493137/
2026-01-14 14:24:52,069 - WARNING - 404 image found | offer_id=37143 | offer_url=https://www.cian.ru/sale/flat/313544614/
2026-01-14 14:24:52,070 - WARNING - 404 image found | offer_id=37185 | offer_url=https://www.cian.ru/sale/flat/296750032/
2026-01-14 14:24:52,073 - WARNING - 404 image found | offer_id=37189 | offer_url=https://www.cian.ru/sale/flat/284133073/
2026-01-14 14:24:52,073 - WARNING - 404 image found | offer_id=37181 | offer_url=https://www.cian.ru/sale/flat/297611175/
2026-01-14 14:24:52,077 - WARNING - 404 image found | offer_id=37119 | offer_url=https://www.cian.ru/sale/flat/315806921/
2026-01-14 14:24:52,081 - WARNING - 404 image found | offer_id=37186 | offer_url=https://www.cian.ru/sale/flat/296640106/
2026-01-14 14:24:52,082 - WARNING - 404 image found | offer_id=37182 | offer_url=https://www.cian.ru/sale/flat/297545936/
2026-01-14 14:24:52,083 - WARNING - 404 image found | offer_id=37171 | offer_url=https://www.cian.ru/sale/flat/304431912/
2026-01-14 14:24:52,083 - WARNING - 404 image found | offer_id=37179 | offer_url=https://www.cian.ru/sale/flat/299133099/
2026-01-14 14:24:52,083 - WARNING - 404 image found | offer_id=37184 | offer_url=https://www.cian.ru/sale/flat/296997756/
2026-01-14 14:24:52,085 - WARNING - 404 image found | offer_id=37188 | offer_url=https://www.cian.ru/sale/flat/292845562/
2026-01-14 14:24:52,086 - WARNING - 404 image found | offer_id=37195 | offer_url=https://www.cian.ru/sale/flat/323592314/
2026-01-14 14:24:52,086 - WARNING - 404 image found | offer_id=37201 | offer_url=https://www.cian.ru/sale/flat/323577827/
2026-01-14 14:24:52,087 - WARNING - 404 image found | offer_id=37197 | offer_url=https://www.cian.ru/sale/flat/323596148/
2026-01-14 14:24:52,087 - WARNING - 404 image found | offer_id=37204 | offer_url=https://www.cian.ru/sale/flat/323572177/
2026-01-14 14:24:52,088 - WARNING - 404 image found | offer_id=37175 | offer_url=https://www.cian.ru/sale/flat/302124783/
2026-01-14 14:24:52,089 - WARNING - 404 image found | offer_id=37202 | offer_url=https://www.cian.ru/sale/flat/323577761/
2026-01-14 14:24:52,092 - WARNING - 404 image found | offer_id=37207 | offer_url=https://www.cian.ru/sale/flat/323560492/
2026-01-14 14:24:52,093 - WARNING - 404 image found | offer_id=37198 | offer_url=https://www.cian.ru/sale/flat/323581251/
2026-01-14 14:24:52,093 - WARNING - 404 image found | offer_id=37196 | offer_url=https://www.cian.ru/sale/flat/323588472/
2026-01-14 14:24:52,093 - WARNING - 404 image found | offer_id=37200 | offer_url=https://www.cian.ru/sale/flat/323578234/
2026-01-14 14:24:52,096 - WARNING - 404 image found | offer_id=37193 | offer_url=https://www.cian.ru/sale/flat/259620589/
2026-01-14 14:24:52,096 - WARNING - 404 image found | offer_id=37206 | offer_url=https://www.cian.ru/sale/flat/323562220/
2026-01-14 14:24:52,099 - WARNING - 404 image found | offer_id=37209 | offer_url=https://www.cian.ru/sale/flat/323559208/
2026-01-14 14:24:52,100 - WARNING - 404 image found | offer_id=37194 | offer_url=https://www.cian.ru/sale/flat/323602099/
2026-01-14 14:24:52,101 - WARNING - 404 image found | offer_id=37208 | offer_url=https://www.cian.ru/sale/flat/323559517/
2026-01-14 14:24:52,103 - WARNING - 404 image found | offer_id=37216 | offer_url=https://www.cian.ru/sale/flat/323539626/
2026-01-14 14:24:52,105 - WARNING - 404 image found | offer_id=37214 | offer_url=https://www.cian.ru/sale/flat/323556033/
2026-01-14 14:24:52,108 - WARNING - 404 image found | offer_id=37218 | offer_url=https://www.cian.ru/sale/flat/323538049/
2026-01-14 14:24:52,109 - WARNING - 404 image found | offer_id=37219 | offer_url=https://www.cian.ru/sale/flat/323536771/
2026-01-14 14:24:52,111 - WARNING - 404 image found | offer_id=37228 | offer_url=https://www.cian.ru/sale/flat/323487510/
2026-01-14 14:24:52,112 - WARNING - 404 image found | offer_id=37232 | offer_url=https://www.cian.ru/sale/flat/323474913/
2026-01-14 14:24:52,112 - WARNING - 404 image found | offer_id=37231 | offer_url=https://www.cian.ru/sale/flat/323479246/
2026-01-14 14:24:52,113 - WARNING - 404 image found | offer_id=37211 | offer_url=https://www.cian.ru/sale/flat/323558425/
2026-01-14 14:24:52,113 - WARNING - 404 image found | offer_id=37229 | offer_url=https://www.cian.ru/sale/flat/323484843/
2026-01-14 14:24:52,114 - WARNING - 404 image found | offer_id=37223 | offer_url=https://www.cian.ru/sale/flat/323515482/
2026-01-14 14:24:52,118 - WARNING - 404 image found | offer_id=37227 | offer_url=https://www.cian.ru/sale/flat/323487868/
2026-01-14 14:24:52,120 - WARNING - 404 image found | offer_id=37243 | offer_url=https://www.cian.ru/sale/flat/323437162/
2026-01-14 14:24:52,120 - WARNING - 404 image found | offer_id=37225 | offer_url=https://www.cian.ru/sale/flat/323500995/
2026-01-14 14:24:52,124 - WARNING - 404 image found | offer_id=37215 | offer_url=https://www.cian.ru/sale/flat/323540115/
2026-01-14 14:24:52,125 - WARNING - 404 image found | offer_id=37245 | offer_url=https://www.cian.ru/sale/flat/323435302/
2026-01-14 14:24:52,126 - WARNING - 404 image found | offer_id=37241 | offer_url=https://www.cian.ru/sale/flat/323448101/
2026-01-14 14:24:52,126 - WARNING - 404 image found | offer_id=37244 | offer_url=https://www.cian.ru/sale/flat/323436679/
2026-01-14 14:24:52,128 - WARNING - 404 image found | offer_id=37226 | offer_url=https://www.cian.ru/sale/flat/323494642/
2026-01-14 14:24:52,128 - WARNING - 404 image found | offer_id=37249 | offer_url=https://www.cian.ru/sale/flat/323416384/
2026-01-14 14:24:52,129 - WARNING - 404 image found | offer_id=37234 | offer_url=https://www.cian.ru/sale/flat/323471474/
2026-01-14 14:24:52,130 - WARNING - 404 image found | offer_id=37252 | offer_url=https://www.cian.ru/sale/flat/323411159/
2026-01-14 14:24:52,132 - WARNING - 404 image found | offer_id=37248 | offer_url=https://www.cian.ru/sale/flat/323420059/
2026-01-14 14:24:52,133 - WARNING - 404 image found | offer_id=37251 | offer_url=https://www.cian.ru/sale/flat/323412577/
2026-01-14 14:24:52,134 - WARNING - 404 image found | offer_id=37255 | offer_url=https://www.cian.ru/sale/flat/323400979/
2026-01-14 14:24:52,134 - WARNING - 404 image found | offer_id=37254 | offer_url=https://www.cian.ru/sale/flat/323405317/
2026-01-14 14:24:52,134 - WARNING - 404 image found | offer_id=37242 | offer_url=https://www.cian.ru/sale/flat/323439625/
2026-01-14 14:24:52,137 - WARNING - 404 image found | offer_id=37259 | offer_url=https://www.cian.ru/sale/flat/323393572/
2026-01-14 14:24:52,138 - WARNING - 404 image found | offer_id=37210 | offer_url=https://www.cian.ru/sale/flat/323561468/
2026-01-14 14:24:52,138 - WARNING - 404 image found | offer_id=37256 | offer_url=https://www.cian.ru/sale/flat/323400960/
2026-01-14 14:24:52,141 - WARNING - 404 image found | offer_id=37261 | offer_url=https://www.cian.ru/sale/flat/323388275/
2026-01-14 14:24:52,142 - WARNING - 404 image found | offer_id=37224 | offer_url=https://www.cian.ru/sale/flat/323511106/
2026-01-14 14:24:52,145 - WARNING - 404 image found | offer_id=37273 | offer_url=https://www.cian.ru/sale/flat/323359470/
2026-01-14 14:24:52,146 - WARNING - 404 image found | offer_id=37269 | offer_url=https://www.cian.ru/sale/flat/323364916/
2026-01-14 14:24:52,150 - WARNING - 404 image found | offer_id=37266 | offer_url=https://www.cian.ru/sale/flat/323364923/
2026-01-14 14:24:52,150 - WARNING - 404 image found | offer_id=37263 | offer_url=https://www.cian.ru/sale/flat/323376414/
2026-01-14 14:24:52,151 - WARNING - 404 image found | offer_id=37270 | offer_url=https://www.cian.ru/sale/flat/323363230/
2026-01-14 14:24:52,151 - WARNING - 404 image found | offer_id=37257 | offer_url=https://www.cian.ru/sale/flat/323396293/
2026-01-14 14:24:52,152 - WARNING - 404 image found | offer_id=37276 | offer_url=https://www.cian.ru/sale/flat/323353665/
2026-01-14 14:24:52,153 - WARNING - 404 image found | offer_id=37274 | offer_url=https://www.cian.ru/sale/flat/323356692/
2026-01-14 14:24:52,154 - WARNING - 404 image found | offer_id=37267 | offer_url=https://www.cian.ru/sale/flat/323371168/
2026-01-14 14:24:52,154 - WARNING - 404 image found | offer_id=37275 | offer_url=https://www.cian.ru/sale/flat/323354213/
2026-01-14 14:24:52,158 - WARNING - 404 image found | offer_id=37288 | offer_url=https://www.cian.ru/sale/flat/323287226/
2026-01-14 14:24:52,164 - WARNING - 404 image found | offer_id=37291 | offer_url=https://www.cian.ru/sale/flat/323270381/
2026-01-14 14:24:52,165 - WARNING - 404 image found | offer_id=37289 | offer_url=https://www.cian.ru/sale/flat/323285425/
2026-01-14 14:24:52,166 - WARNING - 404 image found | offer_id=37292 | offer_url=https://www.cian.ru/sale/flat/323267506/
2026-01-14 14:24:52,167 - WARNING - 404 image found | offer_id=37295 | offer_url=https://www.cian.ru/sale/flat/323262908/
2026-01-14 14:24:52,170 - WARNING - 404 image found | offer_id=37311 | offer_url=https://www.cian.ru/sale/flat/323193721/
2026-01-14 14:24:52,172 - WARNING - 404 image found | offer_id=37297 | offer_url=https://www.cian.ru/sale/flat/323254986/
2026-01-14 14:24:52,200 - WARNING - 404 image found | offer_id=37302 | offer_url=https://www.cian.ru/sale/flat/323229119/
2026-01-14 14:24:52,202 - WARNING - 404 image found | offer_id=37306 | offer_url=https://www.cian.ru/sale/flat/323206659/
2026-01-14 14:24:52,207 - WARNING - 404 image found | offer_id=37309 | offer_url=https://www.cian.ru/sale/flat/323197040/
2026-01-14 14:24:52,210 - WARNING - 404 image found | offer_id=37303 | offer_url=https://www.cian.ru/sale/flat/323226586/
2026-01-14 14:24:52,210 - WARNING - 404 image found | offer_id=37304 | offer_url=https://www.cian.ru/sale/flat/323222717/
2026-01-14 14:24:52,210 - WARNING - 404 image found | offer_id=37322 | offer_url=https://www.cian.ru/sale/flat/323115383/
2026-01-14 14:24:52,212 - WARNING - 404 image found | offer_id=37328 | offer_url=https://www.cian.ru/sale/flat/323089920/
2026-01-14 14:24:52,212 - WARNING - 404 image found | offer_id=37327 | offer_url=https://www.cian.ru/sale/flat/323090398/
2026-01-14 14:24:52,213 - WARNING - 404 image found | offer_id=37314 | offer_url=https://www.cian.ru/sale/flat/323176052/
2026-01-14 14:24:52,213 - WARNING - 404 image found | offer_id=37312 | offer_url=https://www.cian.ru/sale/flat/323184246/
2026-01-14 14:24:52,213 - WARNING - 404 image found | offer_id=37317 | offer_url=https://www.cian.ru/sale/flat/323156907/
2026-01-14 14:24:52,214 - WARNING - 404 image found | offer_id=37315 | offer_url=https://www.cian.ru/sale/flat/323166824/
2026-01-14 14:24:52,214 - WARNING - 404 image found | offer_id=37321 | offer_url=https://www.cian.ru/sale/flat/323131916/
2026-01-14 14:24:52,214 - WARNING - 404 image found | offer_id=37271 | offer_url=https://www.cian.ru/sale/flat/323361955/
2026-01-14 14:24:52,214 - WARNING - 404 image found | offer_id=37319 | offer_url=https://www.cian.ru/sale/flat/323140155/
2026-01-14 14:24:52,214 - WARNING - 404 image found | offer_id=37300 | offer_url=https://www.cian.ru/sale/flat/323248317/
2026-01-14 14:24:52,214 - WARNING - 404 image found | offer_id=37299 | offer_url=https://www.cian.ru/sale/flat/323251204/
2026-01-14 14:24:52,221 - WARNING - 404 image found | offer_id=37326 | offer_url=https://www.cian.ru/sale/flat/323095670/
2026-01-14 14:24:52,225 - WARNING - 404 image found | offer_id=37285 | offer_url=https://www.cian.ru/sale/flat/323311769/
2026-01-14 14:24:52,229 - WARNING - 404 image found | offer_id=37337 | offer_url=https://www.cian.ru/sale/flat/323041295/
2026-01-14 14:24:52,229 - WARNING - 404 image found | offer_id=37339 | offer_url=https://www.cian.ru/sale/flat/323026994/
2026-01-14 14:24:52,232 - WARNING - 404 image found | offer_id=37345 | offer_url=https://www.cian.ru/sale/flat/323000232/
2026-01-14 14:24:52,236 - WARNING - 404 image found | offer_id=37350 | offer_url=https://www.cian.ru/sale/flat/322955700/
2026-01-14 14:24:52,240 - WARNING - 404 image found | offer_id=37331 | offer_url=https://www.cian.ru/sale/flat/323070507/
2026-01-14 14:24:52,242 - WARNING - 404 image found | offer_id=37358 | offer_url=https://www.cian.ru/sale/flat/322927220/
2026-01-14 14:24:52,243 - WARNING - 404 image found | offer_id=37359 | offer_url=https://www.cian.ru/sale/flat/322922516/
2026-01-14 14:24:52,246 - WARNING - 404 image found | offer_id=37342 | offer_url=https://www.cian.ru/sale/flat/323017818/
2026-01-14 14:24:52,246 - WARNING - 404 image found | offer_id=37367 | offer_url=https://www.cian.ru/sale/flat/322866074/
2026-01-14 14:24:52,246 - WARNING - 404 image found | offer_id=37349 | offer_url=https://www.cian.ru/sale/flat/322962516/
2026-01-14 14:24:52,246 - WARNING - 404 image found | offer_id=37347 | offer_url=https://www.cian.ru/sale/flat/322977726/
2026-01-14 14:24:52,247 - WARNING - 404 image found | offer_id=37354 | offer_url=https://www.cian.ru/sale/flat/322932997/
2026-01-14 14:24:52,248 - WARNING - 404 image found | offer_id=37371 | offer_url=https://www.cian.ru/sale/flat/322848874/
2026-01-14 14:24:52,249 - WARNING - 404 image found | offer_id=37370 | offer_url=https://www.cian.ru/sale/flat/322856286/
2026-01-14 14:24:52,254 - WARNING - 404 image found | offer_id=37346 | offer_url=https://www.cian.ru/sale/flat/322981069/
2026-01-14 14:24:52,255 - WARNING - 404 image found | offer_id=37362 | offer_url=https://www.cian.ru/sale/flat/322889439/
2026-01-14 14:24:52,257 - WARNING - 404 image found | offer_id=37380 | offer_url=https://www.cian.ru/sale/flat/322789514/
2026-01-14 14:24:52,261 - WARNING - 404 image found | offer_id=37360 | offer_url=https://www.cian.ru/sale/flat/322919957/
2026-01-14 14:24:52,262 - WARNING - 404 image found | offer_id=37364 | offer_url=https://www.cian.ru/sale/flat/322882285/
2026-01-14 14:24:52,265 - WARNING - 404 image found | offer_id=37383 | offer_url=https://www.cian.ru/sale/flat/322777361/
2026-01-14 14:24:52,266 - WARNING - 404 image found | offer_id=37389 | offer_url=https://www.cian.ru/sale/flat/322764946/
2026-01-14 14:24:52,267 - WARNING - 404 image found | offer_id=37386 | offer_url=https://www.cian.ru/sale/flat/322775410/
2026-01-14 14:24:52,269 - WARNING - 404 image found | offer_id=37379 | offer_url=https://www.cian.ru/sale/flat/322796227/
2026-01-14 14:24:52,270 - WARNING - 404 image found | offer_id=37396 | offer_url=https://www.cian.ru/sale/flat/322749779/
2026-01-14 14:24:52,271 - WARNING - 404 image found | offer_id=37394 | offer_url=https://www.cian.ru/sale/flat/322753206/
2026-01-14 14:24:52,271 - WARNING - 404 image found | offer_id=37381 | offer_url=https://www.cian.ru/sale/flat/322788768/
2026-01-14 14:24:52,272 - WARNING - 404 image found | offer_id=37378 | offer_url=https://www.cian.ru/sale/flat/322804466/
2026-01-14 14:24:52,273 - WARNING - 404 image found | offer_id=37377 | offer_url=https://www.cian.ru/sale/flat/322819140/
2026-01-14 14:24:52,273 - WARNING - 404 image found | offer_id=37397 | offer_url=https://www.cian.ru/sale/flat/322740755/
2026-01-14 14:24:52,274 - WARNING - 404 image found | offer_id=37395 | offer_url=https://www.cian.ru/sale/flat/322750992/
2026-01-14 14:24:52,274 - WARNING - 404 image found | offer_id=37398 | offer_url=https://www.cian.ru/sale/flat/322739329/
2026-01-14 14:24:52,276 - WARNING - 404 image found | offer_id=37402 | offer_url=https://www.cian.ru/sale/flat/322705033/
2026-01-14 14:24:52,279 - WARNING - 404 image found | offer_id=37403 | offer_url=https://www.cian.ru/sale/flat/322712237/
2026-01-14 14:24:52,284 - WARNING - 404 image found | offer_id=37410 | offer_url=https://www.cian.ru/sale/flat/322682156/
2026-01-14 14:24:52,285 - WARNING - 404 image found | offer_id=37414 | offer_url=https://www.cian.ru/sale/flat/322662972/
2026-01-14 14:24:52,286 - WARNING - 404 image found | offer_id=37405 | offer_url=https://www.cian.ru/sale/flat/322703862/
2026-01-14 14:24:52,287 - WARNING - 404 image found | offer_id=37409 | offer_url=https://www.cian.ru/sale/flat/322683878/
2026-01-14 14:24:52,291 - WARNING - 404 image found | offer_id=37408 | offer_url=https://www.cian.ru/sale/flat/322690761/
2026-01-14 14:24:52,305 - WARNING - 404 image found | offer_id=37404 | offer_url=https://www.cian.ru/sale/flat/322704504/
2026-01-14 14:24:52,306 - WARNING - 404 image found | offer_id=37434 | offer_url=https://www.cian.ru/sale/flat/322557082/
2026-01-14 14:24:52,306 - WARNING - 404 image found | offer_id=37415 | offer_url=https://www.cian.ru/sale/flat/322661684/
2026-01-14 14:24:52,307 - WARNING - 404 image found | offer_id=37425 | offer_url=https://www.cian.ru/sale/flat/322616191/
2026-01-14 14:24:52,307 - WARNING - 404 image found | offer_id=37431 | offer_url=https://www.cian.ru/sale/flat/322592445/
2026-01-14 14:24:52,308 - WARNING - 404 image found | offer_id=37418 | offer_url=https://www.cian.ru/sale/flat/322654144/
2026-01-14 14:24:52,308 - WARNING - 404 image found | offer_id=37436 | offer_url=https://www.cian.ru/sale/flat/322532517/
2026-01-14 14:24:52,308 - WARNING - 404 image found | offer_id=37417 | offer_url=https://www.cian.ru/sale/flat/322658032/
2026-01-14 14:24:52,309 - WARNING - 404 image found | offer_id=37420 | offer_url=https://www.cian.ru/sale/flat/322652417/
2026-01-14 14:24:52,309 - WARNING - 404 image found | offer_id=37421 | offer_url=https://www.cian.ru/sale/flat/322642540/
2026-01-14 14:24:52,309 - WARNING - 404 image found | offer_id=37432 | offer_url=https://www.cian.ru/sale/flat/322571779/
2026-01-14 14:24:52,309 - WARNING - 404 image found | offer_id=37435 | offer_url=https://www.cian.ru/sale/flat/322504028/
2026-01-14 14:24:52,310 - WARNING - 404 image found | offer_id=37442 | offer_url=https://www.cian.ru/sale/flat/322448233/
2026-01-14 14:24:52,310 - WARNING - 404 image found | offer_id=37443 | offer_url=https://www.cian.ru/sale/flat/322470875/
2026-01-14 14:24:52,313 - WARNING - 404 image found | offer_id=37447 | offer_url=https://www.cian.ru/sale/flat/322422870/
2026-01-14 14:24:52,322 - WARNING - 404 image found | offer_id=37444 | offer_url=https://www.cian.ru/sale/flat/322442640/
2026-01-14 14:24:52,322 - WARNING - 404 image found | offer_id=37448 | offer_url=https://www.cian.ru/sale/flat/322417761/
2026-01-14 14:24:52,324 - WARNING - 404 image found | offer_id=37452 | offer_url=https://www.cian.ru/sale/flat/322374870/
2026-01-14 14:24:52,333 - WARNING - 404 image found | offer_id=37450 | offer_url=https://www.cian.ru/sale/flat/322405253/
2026-01-14 14:24:52,333 - WARNING - 404 image found | offer_id=37453 | offer_url=https://www.cian.ru/sale/flat/322373757/
2026-01-14 14:24:52,357 - WARNING - 404 image found | offer_id=37357 | offer_url=https://www.cian.ru/sale/flat/322928830/
2026-01-14 14:24:52,444 - WARNING - 404 image found | offer_id=37352 | offer_url=https://www.cian.ru/sale/flat/322937226/
2026-01-14 14:24:52,444 - WARNING - 404 image found | offer_id=37440 | offer_url=https://www.cian.ru/sale/flat/322514617/
2026-01-14 14:24:52,458 - INFO - checked=8500, 404=5094, deleted=4999, deactivated=1, speed=279.6/s
2026-01-14 14:24:52,458 - INFO - Batch #18, last_id=37453
2026-01-14 14:24:52,484 - WARNING - 404 image found | offer_id=37479 | offer_url=https://www.cian.ru/sale/flat/322088331/
2026-01-14 14:24:52,485 - WARNING - 404 image found | offer_id=37475 | offer_url=https://www.cian.ru/sale/flat/322115921/
2026-01-14 14:24:52,489 - WARNING - 404 image found | offer_id=37462 | offer_url=https://www.cian.ru/sale/flat/322295679/
2026-01-14 14:24:52,490 - WARNING - 404 image found | offer_id=37471 | offer_url=https://www.cian.ru/sale/flat/322157004/
2026-01-14 14:24:52,491 - WARNING - 404 image found | offer_id=37459 | offer_url=https://www.cian.ru/sale/flat/322312248/
2026-01-14 14:24:52,493 - WARNING - 404 image found | offer_id=37477 | offer_url=https://www.cian.ru/sale/flat/322113329/
2026-01-14 14:24:52,495 - WARNING - 404 image found | offer_id=37472 | offer_url=https://www.cian.ru/sale/flat/322149550/
2026-01-14 14:24:52,496 - WARNING - 404 image found | offer_id=37465 | offer_url=https://www.cian.ru/sale/flat/322250405/
2026-01-14 14:24:52,496 - WARNING - 404 image found | offer_id=37489 | offer_url=https://www.cian.ru/sale/flat/321956393/
2026-01-14 14:24:52,497 - WARNING - 404 image found | offer_id=37495 | offer_url=https://www.cian.ru/sale/flat/321869839/
2026-01-14 14:24:52,503 - WARNING - 404 image found | offer_id=37484 | offer_url=https://www.cian.ru/sale/flat/322001228/
2026-01-14 14:24:52,506 - WARNING - 404 image found | offer_id=37496 | offer_url=https://www.cian.ru/sale/flat/321865409/
2026-01-14 14:24:52,507 - WARNING - 404 image found | offer_id=37497 | offer_url=https://www.cian.ru/sale/flat/321863015/
2026-01-14 14:24:52,508 - WARNING - 404 image found | offer_id=37501 | offer_url=https://www.cian.ru/sale/flat/321855327/
2026-01-14 14:24:52,511 - WARNING - 404 image found | offer_id=37502 | offer_url=https://www.cian.ru/sale/flat/321841904/
2026-01-14 14:24:52,514 - WARNING - 404 image found | offer_id=37517 | offer_url=https://www.cian.ru/sale/flat/321658714/
2026-01-14 14:24:52,516 - WARNING - 404 image found | offer_id=37516 | offer_url=https://www.cian.ru/sale/flat/321663016/
2026-01-14 14:24:52,518 - WARNING - 404 image found | offer_id=37511 | offer_url=https://www.cian.ru/sale/flat/321736249/
2026-01-14 14:24:52,518 - WARNING - 404 image found | offer_id=37513 | offer_url=https://www.cian.ru/sale/flat/321713092/
2026-01-14 14:24:52,521 - WARNING - 404 image found | offer_id=37494 | offer_url=https://www.cian.ru/sale/flat/321892816/
2026-01-14 14:24:52,521 - WARNING - 404 image found | offer_id=37490 | offer_url=https://www.cian.ru/sale/flat/321955597/
2026-01-14 14:24:52,524 - WARNING - 404 image found | offer_id=37504 | offer_url=https://www.cian.ru/sale/flat/321854213/
2026-01-14 14:24:52,525 - WARNING - 404 image found | offer_id=37529 | offer_url=https://www.cian.ru/sale/flat/321504146/
2026-01-14 14:24:52,529 - WARNING - 404 image found | offer_id=37524 | offer_url=https://www.cian.ru/sale/flat/321580132/
2026-01-14 14:24:52,531 - WARNING - 404 image found | offer_id=37528 | offer_url=https://www.cian.ru/sale/flat/321507082/
2026-01-14 14:24:52,535 - WARNING - 404 image found | offer_id=37526 | offer_url=https://www.cian.ru/sale/flat/321548967/
2026-01-14 14:24:52,535 - WARNING - 404 image found | offer_id=37527 | offer_url=https://www.cian.ru/sale/flat/321515158/
2026-01-14 14:24:52,537 - WARNING - 404 image found | offer_id=37467 | offer_url=https://www.cian.ru/sale/flat/322225878/
2026-01-14 14:24:52,539 - WARNING - 404 image found | offer_id=37499 | offer_url=https://www.cian.ru/sale/flat/321857138/
2026-01-14 14:24:52,540 - WARNING - 404 image found | offer_id=37466 | offer_url=https://www.cian.ru/sale/flat/322230543/
2026-01-14 14:24:52,541 - WARNING - 404 image found | offer_id=37537 | offer_url=https://www.cian.ru/sale/flat/321281515/
2026-01-14 14:24:52,542 - WARNING - 404 image found | offer_id=37536 | offer_url=https://www.cian.ru/sale/flat/321291229/
2026-01-14 14:24:52,542 - WARNING - 404 image found | offer_id=37540 | offer_url=https://www.cian.ru/sale/flat/321255544/
2026-01-14 14:24:52,543 - WARNING - 404 image found | offer_id=37533 | offer_url=https://www.cian.ru/sale/flat/321443336/
2026-01-14 14:24:52,543 - WARNING - 404 image found | offer_id=37541 | offer_url=https://www.cian.ru/sale/flat/321270427/
2026-01-14 14:24:52,544 - WARNING - 404 image found | offer_id=37521 | offer_url=https://www.cian.ru/sale/flat/321617713/
2026-01-14 14:24:52,545 - WARNING - 404 image found | offer_id=37532 | offer_url=https://www.cian.ru/sale/flat/321479856/
2026-01-14 14:24:52,547 - WARNING - 404 image found | offer_id=37538 | offer_url=https://www.cian.ru/sale/flat/321271975/
2026-01-14 14:24:52,557 - WARNING - 404 image found | offer_id=37557 | offer_url=https://www.cian.ru/sale/flat/320994721/
2026-01-14 14:24:52,557 - WARNING - 404 image found | offer_id=37553 | offer_url=https://www.cian.ru/sale/flat/321061957/
2026-01-14 14:24:52,558 - WARNING - 404 image found | offer_id=37554 | offer_url=https://www.cian.ru/sale/flat/321061000/
2026-01-14 14:24:52,561 - WARNING - 404 image found | offer_id=37549 | offer_url=https://www.cian.ru/sale/flat/321088553/
2026-01-14 14:24:52,562 - WARNING - 404 image found | offer_id=37561 | offer_url=https://www.cian.ru/sale/flat/320831965/
2026-01-14 14:24:52,563 - WARNING - 404 image found | offer_id=37567 | offer_url=https://www.cian.ru/sale/flat/320785694/
2026-01-14 14:24:52,565 - WARNING - 404 image found | offer_id=37573 | offer_url=https://www.cian.ru/sale/flat/320696189/
2026-01-14 14:24:52,566 - WARNING - 404 image found | offer_id=37570 | offer_url=https://www.cian.ru/sale/flat/320699551/
2026-01-14 14:24:52,571 - WARNING - 404 image found | offer_id=37574 | offer_url=https://www.cian.ru/sale/flat/320674950/
2026-01-14 14:24:52,572 - WARNING - 404 image found | offer_id=37564 | offer_url=https://www.cian.ru/sale/flat/320810136/
2026-01-14 14:24:52,574 - WARNING - 404 image found | offer_id=37518 | offer_url=https://www.cian.ru/sale/flat/321657125/
2026-01-14 14:24:52,575 - WARNING - 404 image found | offer_id=37572 | offer_url=https://www.cian.ru/sale/flat/320697450/
2026-01-14 14:24:52,575 - WARNING - 404 image found | offer_id=37565 | offer_url=https://www.cian.ru/sale/flat/320778176/
2026-01-14 14:24:52,575 - WARNING - 404 image found | offer_id=37543 | offer_url=https://www.cian.ru/sale/flat/321182766/
2026-01-14 14:24:52,576 - WARNING - 404 image found | offer_id=37569 | offer_url=https://www.cian.ru/sale/flat/320754727/
2026-01-14 14:24:52,576 - WARNING - 404 image found | offer_id=37548 | offer_url=https://www.cian.ru/sale/flat/321118084/
2026-01-14 14:24:52,577 - WARNING - 404 image found | offer_id=37580 | offer_url=https://www.cian.ru/sale/flat/320476501/
2026-01-14 14:24:52,577 - WARNING - 404 image found | offer_id=37575 | offer_url=https://www.cian.ru/sale/flat/320652058/
2026-01-14 14:24:52,583 - WARNING - 404 image found | offer_id=37591 | offer_url=https://www.cian.ru/sale/flat/320179437/
2026-01-14 14:24:52,583 - WARNING - 404 image found | offer_id=37587 | offer_url=https://www.cian.ru/sale/flat/320320124/
2026-01-14 14:24:52,588 - WARNING - 404 image found | offer_id=37562 | offer_url=https://www.cian.ru/sale/flat/320829677/
2026-01-14 14:24:52,589 - WARNING - 404 image found | offer_id=37589 | offer_url=https://www.cian.ru/sale/flat/320276227/
2026-01-14 14:24:52,589 - WARNING - 404 image found | offer_id=37590 | offer_url=https://www.cian.ru/sale/flat/320197291/
2026-01-14 14:24:52,592 - WARNING - 404 image found | offer_id=37596 | offer_url=https://www.cian.ru/sale/flat/320047900/
2026-01-14 14:24:52,594 - WARNING - 404 image found | offer_id=37595 | offer_url=https://www.cian.ru/sale/flat/320146730/
2026-01-14 14:24:52,594 - WARNING - 404 image found | offer_id=37603 | offer_url=https://www.cian.ru/sale/flat/319841289/
2026-01-14 14:24:52,595 - WARNING - 404 image found | offer_id=37601 | offer_url=https://www.cian.ru/sale/flat/319983241/
2026-01-14 14:24:52,596 - WARNING - 404 image found | offer_id=37598 | offer_url=https://www.cian.ru/sale/flat/320037012/
2026-01-14 14:24:52,596 - WARNING - 404 image found | offer_id=37545 | offer_url=https://www.cian.ru/sale/flat/321146149/
2026-01-14 14:24:52,599 - WARNING - 404 image found | offer_id=37605 | offer_url=https://www.cian.ru/sale/flat/319788186/
2026-01-14 14:24:52,609 - WARNING - 404 image found | offer_id=37620 | offer_url=https://www.cian.ru/sale/flat/319463487/
2026-01-14 14:24:52,609 - WARNING - 404 image found | offer_id=37617 | offer_url=https://www.cian.ru/sale/flat/319541120/
2026-01-14 14:24:52,610 - WARNING - 404 image found | offer_id=37606 | offer_url=https://www.cian.ru/sale/flat/319787225/
2026-01-14 14:24:52,610 - WARNING - 404 image found | offer_id=37616 | offer_url=https://www.cian.ru/sale/flat/319576409/
2026-01-14 14:24:52,612 - WARNING - 404 image found | offer_id=37615 | offer_url=https://www.cian.ru/sale/flat/319682387/
2026-01-14 14:24:52,613 - WARNING - 404 image found | offer_id=37614 | offer_url=https://www.cian.ru/sale/flat/319686539/
2026-01-14 14:24:52,614 - WARNING - 404 image found | offer_id=37604 | offer_url=https://www.cian.ru/sale/flat/319823711/
2026-01-14 14:24:52,614 - WARNING - 404 image found | offer_id=37623 | offer_url=https://www.cian.ru/sale/flat/319265550/
2026-01-14 14:24:52,615 - WARNING - 404 image found | offer_id=37625 | offer_url=https://www.cian.ru/sale/flat/319188522/
2026-01-14 14:24:52,615 - WARNING - 404 image found | offer_id=37624 | offer_url=https://www.cian.ru/sale/flat/319253304/
2026-01-14 14:24:52,618 - WARNING - 404 image found | offer_id=37611 | offer_url=https://www.cian.ru/sale/flat/319705468/
2026-01-14 14:24:52,627 - WARNING - 404 image found | offer_id=37612 | offer_url=https://www.cian.ru/sale/flat/319688750/
2026-01-14 14:24:52,631 - WARNING - 404 image found | offer_id=37633 | offer_url=https://www.cian.ru/sale/flat/318796012/
2026-01-14 14:24:52,631 - WARNING - 404 image found | offer_id=37642 | offer_url=https://www.cian.ru/sale/flat/318084795/
2026-01-14 14:24:52,632 - WARNING - 404 image found | offer_id=37646 | offer_url=https://www.cian.ru/sale/flat/317884306/
2026-01-14 14:24:52,633 - WARNING - 404 image found | offer_id=37648 | offer_url=https://www.cian.ru/sale/flat/317827711/
2026-01-14 14:24:52,634 - WARNING - 404 image found | offer_id=37650 | offer_url=https://www.cian.ru/sale/flat/317422586/
2026-01-14 14:24:52,635 - WARNING - 404 image found | offer_id=37640 | offer_url=https://www.cian.ru/sale/flat/318239446/
2026-01-14 14:24:52,635 - WARNING - 404 image found | offer_id=37636 | offer_url=https://www.cian.ru/sale/flat/318517769/
2026-01-14 14:24:52,636 - WARNING - 404 image found | offer_id=37639 | offer_url=https://www.cian.ru/sale/flat/318108559/
2026-01-14 14:24:52,636 - WARNING - 404 image found | offer_id=37641 | offer_url=https://www.cian.ru/sale/flat/318162270/
2026-01-14 14:24:52,638 - WARNING - 404 image found | offer_id=37628 | offer_url=https://www.cian.ru/sale/flat/319099237/
2026-01-14 14:24:52,639 - WARNING - 404 image found | offer_id=37643 | offer_url=https://www.cian.ru/sale/flat/318082435/
2026-01-14 14:24:52,639 - WARNING - 404 image found | offer_id=37588 | offer_url=https://www.cian.ru/sale/flat/320301371/
2026-01-14 14:24:52,640 - WARNING - 404 image found | offer_id=37638 | offer_url=https://www.cian.ru/sale/flat/318270111/
2026-01-14 14:24:52,644 - WARNING - 404 image found | offer_id=37656 | offer_url=https://www.cian.ru/sale/flat/316854612/
2026-01-14 14:24:52,645 - WARNING - 404 image found | offer_id=37651 | offer_url=https://www.cian.ru/sale/flat/317117755/
2026-01-14 14:24:52,647 - WARNING - 404 image found | offer_id=37621 | offer_url=https://www.cian.ru/sale/flat/319382707/
2026-01-14 14:24:52,652 - WARNING - 404 image found | offer_id=37664 | offer_url=https://www.cian.ru/sale/flat/315908020/
2026-01-14 14:24:52,652 - WARNING - 404 image found | offer_id=37667 | offer_url=https://www.cian.ru/sale/flat/315611949/
2026-01-14 14:24:52,655 - WARNING - 404 image found | offer_id=37665 | offer_url=https://www.cian.ru/sale/flat/315612314/
2026-01-14 14:24:52,655 - WARNING - 404 image found | offer_id=37668 | offer_url=https://www.cian.ru/sale/flat/315248520/
2026-01-14 14:24:52,658 - WARNING - 404 image found | offer_id=37669 | offer_url=https://www.cian.ru/sale/flat/315147834/
2026-01-14 14:24:52,659 - WARNING - 404 image found | offer_id=37672 | offer_url=https://www.cian.ru/sale/flat/315081872/
2026-01-14 14:24:52,659 - WARNING - 404 image found | offer_id=37670 | offer_url=https://www.cian.ru/sale/flat/315131235/
2026-01-14 14:24:52,661 - WARNING - 404 image found | offer_id=37677 | offer_url=https://www.cian.ru/sale/flat/313739898/
2026-01-14 14:24:52,662 - WARNING - 404 image found | offer_id=37649 | offer_url=https://www.cian.ru/sale/flat/317771431/
2026-01-14 14:24:52,668 - WARNING - 404 image found | offer_id=37676 | offer_url=https://www.cian.ru/sale/flat/314731514/
2026-01-14 14:24:52,668 - WARNING - 404 image found | offer_id=37652 | offer_url=https://www.cian.ru/sale/flat/317868932/
2026-01-14 14:24:52,669 - WARNING - 404 image found | offer_id=37690 | offer_url=https://www.cian.ru/sale/flat/307433451/
2026-01-14 14:24:52,669 - WARNING - 404 image found | offer_id=37683 | offer_url=https://www.cian.ru/sale/flat/312195932/
2026-01-14 14:24:52,671 - WARNING - 404 image found | offer_id=37673 | offer_url=https://www.cian.ru/sale/flat/315064043/
2026-01-14 14:24:52,674 - WARNING - 404 image found | offer_id=37691 | offer_url=https://www.cian.ru/sale/flat/307035772/
2026-01-14 14:24:52,675 - WARNING - 404 image found | offer_id=37688 | offer_url=https://www.cian.ru/sale/flat/309594232/
2026-01-14 14:24:52,675 - WARNING - 404 image found | offer_id=37682 | offer_url=https://www.cian.ru/sale/flat/312807991/
2026-01-14 14:24:52,676 - WARNING - 404 image found | offer_id=37697 | offer_url=https://www.cian.ru/sale/flat/303933785/
2026-01-14 14:24:52,677 - WARNING - 404 image found | offer_id=37686 | offer_url=https://www.cian.ru/sale/flat/309728377/
2026-01-14 14:24:52,678 - WARNING - 404 image found | offer_id=37694 | offer_url=https://www.cian.ru/sale/flat/304636954/
2026-01-14 14:24:52,683 - WARNING - 404 image found | offer_id=37698 | offer_url=https://www.cian.ru/sale/flat/301828614/
2026-01-14 14:24:52,685 - WARNING - 404 image found | offer_id=37684 | offer_url=https://www.cian.ru/sale/flat/311593551/
2026-01-14 14:24:52,687 - WARNING - 404 image found | offer_id=37706 | offer_url=https://www.cian.ru/sale/flat/283375521/
2026-01-14 14:24:52,691 - WARNING - 404 image found | offer_id=37716 | offer_url=https://www.cian.ru/sale/flat/323590761/
2026-01-14 14:24:52,692 - WARNING - 404 image found | offer_id=37712 | offer_url=https://www.cian.ru/sale/flat/265433300/
2026-01-14 14:24:52,692 - WARNING - 404 image found | offer_id=37714 | offer_url=https://www.cian.ru/sale/flat/323608616/
2026-01-14 14:24:52,693 - WARNING - 404 image found | offer_id=37701 | offer_url=https://www.cian.ru/sale/flat/301436258/
2026-01-14 14:24:52,694 - WARNING - 404 image found | offer_id=37720 | offer_url=https://www.cian.ru/sale/flat/323590654/
2026-01-14 14:24:52,694 - WARNING - 404 image found | offer_id=37713 | offer_url=https://www.cian.ru/sale/flat/323605310/
2026-01-14 14:24:52,694 - WARNING - 404 image found | offer_id=37704 | offer_url=https://www.cian.ru/sale/flat/298251808/
2026-01-14 14:24:52,695 - WARNING - 404 image found | offer_id=37719 | offer_url=https://www.cian.ru/sale/flat/323593356/
2026-01-14 14:24:52,699 - WARNING - 404 image found | offer_id=37717 | offer_url=https://www.cian.ru/sale/flat/323607847/
2026-01-14 14:24:52,701 - WARNING - 404 image found | offer_id=37710 | offer_url=https://www.cian.ru/sale/flat/275471474/
2026-01-14 14:24:52,702 - WARNING - 404 image found | offer_id=37724 | offer_url=https://www.cian.ru/sale/flat/323577919/
2026-01-14 14:24:52,702 - WARNING - 404 image found | offer_id=37725 | offer_url=https://www.cian.ru/sale/flat/323580916/
2026-01-14 14:24:52,703 - WARNING - 404 image found | offer_id=37718 | offer_url=https://www.cian.ru/sale/flat/323590626/
2026-01-14 14:24:52,704 - WARNING - 404 image found | offer_id=37733 | offer_url=https://www.cian.ru/sale/flat/323555583/
2026-01-14 14:24:52,705 - WARNING - 404 image found | offer_id=37726 | offer_url=https://www.cian.ru/sale/flat/323574799/
2026-01-14 14:24:52,711 - WARNING - 404 image found | offer_id=37735 | offer_url=https://www.cian.ru/sale/flat/323537819/
2026-01-14 14:24:52,712 - WARNING - 404 image found | offer_id=37739 | offer_url=https://www.cian.ru/sale/flat/323561811/
2026-01-14 14:24:52,712 - WARNING - 404 image found | offer_id=37728 | offer_url=https://www.cian.ru/sale/flat/323573350/
2026-01-14 14:24:52,712 - WARNING - 404 image found | offer_id=37730 | offer_url=https://www.cian.ru/sale/flat/323562230/
2026-01-14 14:24:52,715 - WARNING - 404 image found | offer_id=37722 | offer_url=https://www.cian.ru/sale/flat/323578520/
2026-01-14 14:24:52,716 - WARNING - 404 image found | offer_id=37744 | offer_url=https://www.cian.ru/sale/flat/323533803/
2026-01-14 14:24:52,717 - WARNING - 404 image found | offer_id=37745 | offer_url=https://www.cian.ru/sale/flat/323526696/
2026-01-14 14:24:52,718 - WARNING - 404 image found | offer_id=37741 | offer_url=https://www.cian.ru/sale/flat/323537702/
2026-01-14 14:24:52,720 - WARNING - 404 image found | offer_id=37680 | offer_url=https://www.cian.ru/sale/flat/313241183/
2026-01-14 14:24:52,721 - WARNING - 404 image found | offer_id=37750 | offer_url=https://www.cian.ru/sale/flat/323499297/
2026-01-14 14:24:52,722 - WARNING - 404 image found | offer_id=37736 | offer_url=https://www.cian.ru/sale/flat/323568443/
2026-01-14 14:24:52,722 - WARNING - 404 image found | offer_id=37754 | offer_url=https://www.cian.ru/sale/flat/323473916/
2026-01-14 14:24:52,725 - WARNING - 404 image found | offer_id=37756 | offer_url=https://www.cian.ru/sale/flat/323473750/
2026-01-14 14:24:52,725 - WARNING - 404 image found | offer_id=37746 | offer_url=https://www.cian.ru/sale/flat/323523780/
2026-01-14 14:24:52,726 - WARNING - 404 image found | offer_id=37752 | offer_url=https://www.cian.ru/sale/flat/323511588/
2026-01-14 14:24:52,728 - WARNING - 404 image found | offer_id=37762 | offer_url=https://www.cian.ru/sale/flat/323483516/
2026-01-14 14:24:52,729 - WARNING - 404 image found | offer_id=37749 | offer_url=https://www.cian.ru/sale/flat/323493349/
2026-01-14 14:24:52,733 - WARNING - 404 image found | offer_id=37747 | offer_url=https://www.cian.ru/sale/flat/323514195/
2026-01-14 14:24:52,734 - WARNING - 404 image found | offer_id=37740 | offer_url=https://www.cian.ru/sale/flat/323541944/
2026-01-14 14:24:52,735 - WARNING - 404 image found | offer_id=37758 | offer_url=https://www.cian.ru/sale/flat/323462343/
2026-01-14 14:24:52,735 - WARNING - 404 image found | offer_id=37765 | offer_url=https://www.cian.ru/sale/flat/323449388/
2026-01-14 14:24:52,736 - WARNING - 404 image found | offer_id=37763 | offer_url=https://www.cian.ru/sale/flat/323464260/
2026-01-14 14:24:52,736 - WARNING - 404 image found | offer_id=37760 | offer_url=https://www.cian.ru/sale/flat/323439667/
2026-01-14 14:24:52,737 - WARNING - 404 image found | offer_id=37768 | offer_url=https://www.cian.ru/sale/flat/323481415/
2026-01-14 14:24:52,737 - WARNING - 404 image found | offer_id=37766 | offer_url=https://www.cian.ru/sale/flat/323446963/
2026-01-14 14:24:52,739 - WARNING - 404 image found | offer_id=37767 | offer_url=https://www.cian.ru/sale/flat/323461062/
2026-01-14 14:24:52,740 - WARNING - 404 image found | offer_id=37770 | offer_url=https://www.cian.ru/sale/flat/323435031/
2026-01-14 14:24:52,741 - WARNING - 404 image found | offer_id=37769 | offer_url=https://www.cian.ru/sale/flat/323439525/
2026-01-14 14:24:52,742 - WARNING - 404 image found | offer_id=37773 | offer_url=https://www.cian.ru/sale/flat/323419336/
2026-01-14 14:24:52,742 - WARNING - 404 image found | offer_id=37759 | offer_url=https://www.cian.ru/sale/flat/323474200/
2026-01-14 14:24:52,742 - WARNING - 404 image found | offer_id=37771 | offer_url=https://www.cian.ru/sale/flat/323425861/
2026-01-14 14:24:52,746 - WARNING - 404 image found | offer_id=37778 | offer_url=https://www.cian.ru/sale/flat/323418081/
2026-01-14 14:24:52,754 - WARNING - 404 image found | offer_id=37785 | offer_url=https://www.cian.ru/sale/flat/323336199/
2026-01-14 14:24:52,754 - WARNING - 404 image found | offer_id=37781 | offer_url=https://www.cian.ru/sale/flat/323373104/
2026-01-14 14:24:52,755 - WARNING - 404 image found | offer_id=37786 | offer_url=https://www.cian.ru/sale/flat/323335903/
2026-01-14 14:24:52,755 - WARNING - 404 image found | offer_id=37748 | offer_url=https://www.cian.ru/sale/flat/323520886/
2026-01-14 14:24:52,757 - WARNING - 404 image found | offer_id=37787 | offer_url=https://www.cian.ru/sale/flat/323359823/
2026-01-14 14:24:52,758 - WARNING - 404 image found | offer_id=37792 | offer_url=https://www.cian.ru/sale/flat/323332212/
2026-01-14 14:24:52,759 - WARNING - 404 image found | offer_id=37790 | offer_url=https://www.cian.ru/sale/flat/323361872/
2026-01-14 14:24:52,760 - WARNING - 404 image found | offer_id=37721 | offer_url=https://www.cian.ru/sale/flat/323590269/
2026-01-14 14:24:52,760 - WARNING - 404 image found | offer_id=37783 | offer_url=https://www.cian.ru/sale/flat/323364922/
2026-01-14 14:24:52,761 - WARNING - 404 image found | offer_id=37794 | offer_url=https://www.cian.ru/sale/flat/323373213/
2026-01-14 14:24:52,761 - WARNING - 404 image found | offer_id=37784 | offer_url=https://www.cian.ru/sale/flat/323335905/
2026-01-14 14:24:52,762 - WARNING - 404 image found | offer_id=37788 | offer_url=https://www.cian.ru/sale/flat/323361377/
2026-01-14 14:24:52,763 - WARNING - 404 image found | offer_id=37789 | offer_url=https://www.cian.ru/sale/flat/323364926/
2026-01-14 14:24:52,765 - WARNING - 404 image found | offer_id=37798 | offer_url=https://www.cian.ru/sale/flat/323321361/
2026-01-14 14:24:52,766 - WARNING - 404 image found | offer_id=37800 | offer_url=https://www.cian.ru/sale/flat/323319350/
2026-01-14 14:24:52,768 - WARNING - 404 image found | offer_id=37775 | offer_url=https://www.cian.ru/sale/flat/323416652/
2026-01-14 14:24:52,780 - WARNING - 404 image found | offer_id=37777 | offer_url=https://www.cian.ru/sale/flat/323417422/
2026-01-14 14:24:52,780 - WARNING - 404 image found | offer_id=37774 | offer_url=https://www.cian.ru/sale/flat/323419594/
2026-01-14 14:24:52,781 - WARNING - 404 image found | offer_id=37808 | offer_url=https://www.cian.ru/sale/flat/323263142/
2026-01-14 14:24:52,781 - WARNING - 404 image found | offer_id=37806 | offer_url=https://www.cian.ru/sale/flat/323283193/
2026-01-14 14:24:52,781 - WARNING - 404 image found | offer_id=37807 | offer_url=https://www.cian.ru/sale/flat/323278611/
2026-01-14 14:24:52,783 - WARNING - 404 image found | offer_id=37815 | offer_url=https://www.cian.ru/sale/flat/323245916/
2026-01-14 14:24:52,784 - WARNING - 404 image found | offer_id=37802 | offer_url=https://www.cian.ru/sale/flat/323314689/
2026-01-14 14:24:52,784 - WARNING - 404 image found | offer_id=37819 | offer_url=https://www.cian.ru/sale/flat/323229460/
2026-01-14 14:24:52,785 - WARNING - 404 image found | offer_id=37817 | offer_url=https://www.cian.ru/sale/flat/323236817/
2026-01-14 14:24:52,793 - WARNING - 404 image found | offer_id=37822 | offer_url=https://www.cian.ru/sale/flat/323222631/
2026-01-14 14:24:52,794 - WARNING - 404 image found | offer_id=37801 | offer_url=https://www.cian.ru/sale/flat/323319560/
2026-01-14 14:24:52,799 - WARNING - 404 image found | offer_id=37831 | offer_url=https://www.cian.ru/sale/flat/323195706/
2026-01-14 14:24:52,800 - WARNING - 404 image found | offer_id=37827 | offer_url=https://www.cian.ru/sale/flat/323205870/
2026-01-14 14:24:52,801 - WARNING - 404 image found | offer_id=37824 | offer_url=https://www.cian.ru/sale/flat/323208480/
2026-01-14 14:24:52,803 - WARNING - 404 image found | offer_id=37842 | offer_url=https://www.cian.ru/sale/flat/323170720/
2026-01-14 14:24:52,804 - WARNING - 404 image found | offer_id=37841 | offer_url=https://www.cian.ru/sale/flat/323171360/
2026-01-14 14:24:52,804 - WARNING - 404 image found | offer_id=37839 | offer_url=https://www.cian.ru/sale/flat/323180825/
2026-01-14 14:24:52,805 - WARNING - 404 image found | offer_id=37832 | offer_url=https://www.cian.ru/sale/flat/323191560/
2026-01-14 14:24:52,806 - WARNING - 404 image found | offer_id=37844 | offer_url=https://www.cian.ru/sale/flat/323164487/
2026-01-14 14:24:52,812 - WARNING - 404 image found | offer_id=37848 | offer_url=https://www.cian.ru/sale/flat/323149832/
2026-01-14 14:24:52,813 - WARNING - 404 image found | offer_id=37799 | offer_url=https://www.cian.ru/sale/flat/323321252/
2026-01-14 14:24:52,813 - WARNING - 404 image found | offer_id=37849 | offer_url=https://www.cian.ru/sale/flat/323144535/
2026-01-14 14:24:52,814 - WARNING - 404 image found | offer_id=37836 | offer_url=https://www.cian.ru/sale/flat/323181890/
2026-01-14 14:24:52,815 - WARNING - 404 image found | offer_id=37852 | offer_url=https://www.cian.ru/sale/flat/323136151/
2026-01-14 14:24:52,815 - WARNING - 404 image found | offer_id=37851 | offer_url=https://www.cian.ru/sale/flat/323138871/
2026-01-14 14:24:52,816 - WARNING - 404 image found | offer_id=37840 | offer_url=https://www.cian.ru/sale/flat/323172300/
2026-01-14 14:24:52,816 - WARNING - 404 image found | offer_id=37846 | offer_url=https://www.cian.ru/sale/flat/323157807/
2026-01-14 14:24:52,818 - WARNING - 404 image found | offer_id=37850 | offer_url=https://www.cian.ru/sale/flat/323144377/
2026-01-14 14:24:52,819 - WARNING - 404 image found | offer_id=37847 | offer_url=https://www.cian.ru/sale/flat/323160066/
2026-01-14 14:24:52,824 - WARNING - 404 image found | offer_id=37855 | offer_url=https://www.cian.ru/sale/flat/323123369/
2026-01-14 14:24:52,824 - WARNING - 404 image found | offer_id=37857 | offer_url=https://www.cian.ru/sale/flat/323095662/
2026-01-14 14:24:52,828 - WARNING - 404 image found | offer_id=37859 | offer_url=https://www.cian.ru/sale/flat/323094954/
2026-01-14 14:24:52,828 - WARNING - 404 image found | offer_id=37861 | offer_url=https://www.cian.ru/sale/flat/323089493/
2026-01-14 14:24:52,829 - WARNING - 404 image found | offer_id=37858 | offer_url=https://www.cian.ru/sale/flat/323094856/
2026-01-14 14:24:52,831 - WARNING - 404 image found | offer_id=37864 | offer_url=https://www.cian.ru/sale/flat/323073142/
2026-01-14 14:24:52,833 - WARNING - 404 image found | offer_id=37865 | offer_url=https://www.cian.ru/sale/flat/323059083/
2026-01-14 14:24:52,836 - WARNING - 404 image found | offer_id=37862 | offer_url=https://www.cian.ru/sale/flat/323082861/
2026-01-14 14:24:52,842 - WARNING - 404 image found | offer_id=37873 | offer_url=https://www.cian.ru/sale/flat/323041554/
2026-01-14 14:24:52,843 - WARNING - 404 image found | offer_id=37876 | offer_url=https://www.cian.ru/sale/flat/323039792/
2026-01-14 14:24:52,844 - WARNING - 404 image found | offer_id=37869 | offer_url=https://www.cian.ru/sale/flat/323054454/
2026-01-14 14:24:52,845 - WARNING - 404 image found | offer_id=37875 | offer_url=https://www.cian.ru/sale/flat/323040003/
2026-01-14 14:24:52,845 - WARNING - 404 image found | offer_id=37863 | offer_url=https://www.cian.ru/sale/flat/323079282/
2026-01-14 14:24:52,846 - WARNING - 404 image found | offer_id=37879 | offer_url=https://www.cian.ru/sale/flat/323037557/
2026-01-14 14:24:52,846 - WARNING - 404 image found | offer_id=37853 | offer_url=https://www.cian.ru/sale/flat/323129815/
2026-01-14 14:24:52,847 - WARNING - 404 image found | offer_id=37883 | offer_url=https://www.cian.ru/sale/flat/323014240/
2026-01-14 14:24:52,848 - WARNING - 404 image found | offer_id=37884 | offer_url=https://www.cian.ru/sale/flat/323012578/
2026-01-14 14:24:52,849 - WARNING - 404 image found | offer_id=37877 | offer_url=https://www.cian.ru/sale/flat/323037337/
2026-01-14 14:24:52,863 - WARNING - 404 image found | offer_id=37886 | offer_url=https://www.cian.ru/sale/flat/323007541/
2026-01-14 14:24:52,864 - WARNING - 404 image found | offer_id=37887 | offer_url=https://www.cian.ru/sale/flat/323006463/
2026-01-14 14:24:52,865 - WARNING - 404 image found | offer_id=37878 | offer_url=https://www.cian.ru/sale/flat/323033458/
2026-01-14 14:24:52,865 - WARNING - 404 image found | offer_id=37882 | offer_url=https://www.cian.ru/sale/flat/323015427/
2026-01-14 14:24:52,865 - WARNING - 404 image found | offer_id=37889 | offer_url=https://www.cian.ru/sale/flat/322980524/
2026-01-14 14:24:52,867 - WARNING - 404 image found | offer_id=37828 | offer_url=https://www.cian.ru/sale/flat/323203920/
2026-01-14 14:24:52,868 - WARNING - 404 image found | offer_id=37891 | offer_url=https://www.cian.ru/sale/flat/323000748/
2026-01-14 14:24:52,868 - WARNING - 404 image found | offer_id=37892 | offer_url=https://www.cian.ru/sale/flat/322973458/
2026-01-14 14:24:52,869 - WARNING - 404 image found | offer_id=37897 | offer_url=https://www.cian.ru/sale/flat/322959233/
2026-01-14 14:24:52,869 - WARNING - 404 image found | offer_id=37837 | offer_url=https://www.cian.ru/sale/flat/323177703/
2026-01-14 14:24:52,871 - WARNING - 404 image found | offer_id=37896 | offer_url=https://www.cian.ru/sale/flat/322961171/
2026-01-14 14:24:52,876 - WARNING - 404 image found | offer_id=37870 | offer_url=https://www.cian.ru/sale/flat/323042624/
2026-01-14 14:24:52,880 - WARNING - 404 image found | offer_id=37895 | offer_url=https://www.cian.ru/sale/flat/322959591/
2026-01-14 14:24:52,883 - WARNING - 404 image found | offer_id=37906 | offer_url=https://www.cian.ru/sale/flat/322905510/
2026-01-14 14:24:52,884 - WARNING - 404 image found | offer_id=37899 | offer_url=https://www.cian.ru/sale/flat/322958385/
2026-01-14 14:24:52,884 - WARNING - 404 image found | offer_id=37845 | offer_url=https://www.cian.ru/sale/flat/323162030/
2026-01-14 14:24:52,885 - WARNING - 404 image found | offer_id=37894 | offer_url=https://www.cian.ru/sale/flat/322967370/
2026-01-14 14:24:52,886 - WARNING - 404 image found | offer_id=37757 | offer_url=https://www.cian.ru/sale/flat/323492689/
2026-01-14 14:24:52,888 - WARNING - 404 image found | offer_id=37914 | offer_url=https://www.cian.ru/sale/flat/322859981/
2026-01-14 14:24:52,889 - WARNING - 404 image found | offer_id=37913 | offer_url=https://www.cian.ru/sale/flat/322868073/
2026-01-14 14:24:52,890 - WARNING - 404 image found | offer_id=37908 | offer_url=https://www.cian.ru/sale/flat/322907656/
2026-01-14 14:24:52,890 - WARNING - 404 image found | offer_id=37925 | offer_url=https://www.cian.ru/sale/flat/322848617/
2026-01-14 14:24:52,891 - WARNING - 404 image found | offer_id=37917 | offer_url=https://www.cian.ru/sale/flat/322857378/
2026-01-14 14:24:52,892 - WARNING - 404 image found | offer_id=37916 | offer_url=https://www.cian.ru/sale/flat/322858313/
2026-01-14 14:24:52,893 - WARNING - 404 image found | offer_id=37920 | offer_url=https://www.cian.ru/sale/flat/322849084/
2026-01-14 14:24:52,893 - WARNING - 404 image found | offer_id=37921 | offer_url=https://www.cian.ru/sale/flat/322848625/
2026-01-14 14:24:52,894 - WARNING - 404 image found | offer_id=37918 | offer_url=https://www.cian.ru/sale/flat/322854832/
2026-01-14 14:24:52,895 - WARNING - 404 image found | offer_id=37923 | offer_url=https://www.cian.ru/sale/flat/322843170/
2026-01-14 14:24:52,896 - WARNING - 404 image found | offer_id=37856 | offer_url=https://www.cian.ru/sale/flat/323098966/
2026-01-14 14:24:52,897 - WARNING - 404 image found | offer_id=37922 | offer_url=https://www.cian.ru/sale/flat/322844501/
2026-01-14 14:24:52,898 - WARNING - 404 image found | offer_id=37874 | offer_url=https://www.cian.ru/sale/flat/323040840/
2026-01-14 14:24:52,902 - WARNING - 404 image found | offer_id=37926 | offer_url=https://www.cian.ru/sale/flat/322842589/
2026-01-14 14:24:52,908 - WARNING - 404 image found | offer_id=37936 | offer_url=https://www.cian.ru/sale/flat/322752423/
2026-01-14 14:24:52,909 - WARNING - 404 image found | offer_id=37929 | offer_url=https://www.cian.ru/sale/flat/322777748/
2026-01-14 14:24:52,909 - WARNING - 404 image found | offer_id=37940 | offer_url=https://www.cian.ru/sale/flat/322738996/
2026-01-14 14:24:52,912 - WARNING - 404 image found | offer_id=37931 | offer_url=https://www.cian.ru/sale/flat/322776978/
2026-01-14 14:24:52,913 - WARNING - 404 image found | offer_id=37944 | offer_url=https://www.cian.ru/sale/flat/322704959/
2026-01-14 14:24:52,915 - WARNING - 404 image found | offer_id=37943 | offer_url=https://www.cian.ru/sale/flat/322731406/
2026-01-14 14:24:52,917 - WARNING - 404 image found | offer_id=37946 | offer_url=https://www.cian.ru/sale/flat/322682387/
2026-01-14 14:24:52,921 - WARNING - 404 image found | offer_id=37950 | offer_url=https://www.cian.ru/sale/flat/322661860/
2026-01-14 14:24:52,921 - WARNING - 404 image found | offer_id=37952 | offer_url=https://www.cian.ru/sale/flat/322645718/
2026-01-14 14:24:52,922 - WARNING - 404 image found | offer_id=37962 | offer_url=https://www.cian.ru/sale/flat/322572470/
2026-01-14 14:24:52,922 - WARNING - 404 image found | offer_id=37957 | offer_url=https://www.cian.ru/sale/flat/322625017/
2026-01-14 14:24:52,922 - WARNING - 404 image found | offer_id=37961 | offer_url=https://www.cian.ru/sale/flat/322574567/
2026-01-14 14:24:52,923 - WARNING - 404 image found | offer_id=37959 | offer_url=https://www.cian.ru/sale/flat/322578952/
2026-01-14 14:24:52,925 - WARNING - 404 image found | offer_id=37945 | offer_url=https://www.cian.ru/sale/flat/322699103/
2026-01-14 14:24:52,928 - WARNING - 404 image found | offer_id=37969 | offer_url=https://www.cian.ru/sale/flat/322495460/
2026-01-14 14:24:52,928 - WARNING - 404 image found | offer_id=37964 | offer_url=https://www.cian.ru/sale/flat/322541310/
2026-01-14 14:24:52,929 - WARNING - 404 image found | offer_id=37953 | offer_url=https://www.cian.ru/sale/flat/322648257/
2026-01-14 14:24:52,929 - WARNING - 404 image found | offer_id=37965 | offer_url=https://www.cian.ru/sale/flat/322531293/
2026-01-14 14:24:52,931 - WARNING - 404 image found | offer_id=37973 | offer_url=https://www.cian.ru/sale/flat/322475080/
2026-01-14 14:24:52,932 - WARNING - 404 image found | offer_id=37971 | offer_url=https://www.cian.ru/sale/flat/322510130/
2026-01-14 14:24:52,935 - WARNING - 404 image found | offer_id=37975 | offer_url=https://www.cian.ru/sale/flat/322477402/
2026-01-14 14:24:52,938 - WARNING - 404 image found | offer_id=37960 | offer_url=https://www.cian.ru/sale/flat/322576359/
2026-01-14 14:24:52,938 - WARNING - 404 image found | offer_id=37974 | offer_url=https://www.cian.ru/sale/flat/322467700/
2026-01-14 14:24:52,939 - WARNING - 404 image found | offer_id=37976 | offer_url=https://www.cian.ru/sale/flat/322442632/
2026-01-14 14:24:52,941 - WARNING - 404 image found | offer_id=37972 | offer_url=https://www.cian.ru/sale/flat/322487872/
2026-01-14 14:24:52,942 - WARNING - 404 image found | offer_id=37915 | offer_url=https://www.cian.ru/sale/flat/322858310/
2026-01-14 14:24:52,942 - WARNING - 404 image found | offer_id=37977 | offer_url=https://www.cian.ru/sale/flat/322433972/
2026-01-14 14:24:52,975 - WARNING - 404 image found | offer_id=37982 | offer_url=https://www.cian.ru/sale/flat/322404513/
2026-01-14 14:24:53,000 - WARNING - 404 image found | offer_id=37932 | offer_url=https://www.cian.ru/sale/flat/322767733/
2026-01-14 14:24:53,010 - WARNING - 404 image found | offer_id=37980 | offer_url=https://www.cian.ru/sale/flat/322414864/
2026-01-14 14:24:53,101 - WARNING - 404 image found | offer_id=37978 | offer_url=https://www.cian.ru/sale/flat/322416609/
2026-01-14 14:24:53,117 - INFO - checked=9000, 404=5386, deleted=5299, deactivated=1, speed=289.8/s
2026-01-14 14:24:53,117 - INFO - Batch #19, last_id=37982
2026-01-14 14:24:53,141 - WARNING - 404 image found | offer_id=38005 | offer_url=https://www.cian.ru/sale/flat/322088976/
2026-01-14 14:24:53,142 - WARNING - 404 image found | offer_id=37988 | offer_url=https://www.cian.ru/sale/flat/322309775/
2026-01-14 14:24:53,142 - WARNING - 404 image found | offer_id=37999 | offer_url=https://www.cian.ru/sale/flat/322139031/
2026-01-14 14:24:53,143 - WARNING - 404 image found | offer_id=38001 | offer_url=https://www.cian.ru/sale/flat/322119085/
2026-01-14 14:24:53,144 - WARNING - 404 image found | offer_id=37996 | offer_url=https://www.cian.ru/sale/flat/322154339/
2026-01-14 14:24:53,144 - WARNING - 404 image found | offer_id=37992 | offer_url=https://www.cian.ru/sale/flat/322228212/
2026-01-14 14:24:53,145 - WARNING - 404 image found | offer_id=37983 | offer_url=https://www.cian.ru/sale/flat/322401187/
2026-01-14 14:24:53,149 - WARNING - 404 image found | offer_id=38000 | offer_url=https://www.cian.ru/sale/flat/322127746/
2026-01-14 14:24:53,150 - WARNING - 404 image found | offer_id=37987 | offer_url=https://www.cian.ru/sale/flat/322365183/
2026-01-14 14:24:53,153 - WARNING - 404 image found | offer_id=37990 | offer_url=https://www.cian.ru/sale/flat/322290400/
2026-01-14 14:24:53,153 - WARNING - 404 image found | offer_id=37998 | offer_url=https://www.cian.ru/sale/flat/322153942/
2026-01-14 14:24:53,154 - WARNING - 404 image found | offer_id=38019 | offer_url=https://www.cian.ru/sale/flat/321854568/
2026-01-14 14:24:53,157 - WARNING - 404 image found | offer_id=38017 | offer_url=https://www.cian.ru/sale/flat/321892667/
2026-01-14 14:24:53,158 - WARNING - 404 image found | offer_id=38011 | offer_url=https://www.cian.ru/sale/flat/321967550/
2026-01-14 14:24:53,162 - WARNING - 404 image found | offer_id=38026 | offer_url=https://www.cian.ru/sale/flat/321776679/
2026-01-14 14:24:53,163 - WARNING - 404 image found | offer_id=38025 | offer_url=https://www.cian.ru/sale/flat/321806165/
2026-01-14 14:24:53,163 - WARNING - 404 image found | offer_id=38023 | offer_url=https://www.cian.ru/sale/flat/321829753/
2026-01-14 14:24:53,166 - WARNING - 404 image found | offer_id=38010 | offer_url=https://www.cian.ru/sale/flat/321970223/
2026-01-14 14:24:53,169 - WARNING - 404 image found | offer_id=38032 | offer_url=https://www.cian.ru/sale/flat/321649909/
2026-01-14 14:24:53,170 - WARNING - 404 image found | offer_id=38039 | offer_url=https://www.cian.ru/sale/flat/321523216/
2026-01-14 14:24:53,177 - WARNING - 404 image found | offer_id=38042 | offer_url=https://www.cian.ru/sale/flat/321507964/
2026-01-14 14:24:53,177 - WARNING - 404 image found | offer_id=38037 | offer_url=https://www.cian.ru/sale/flat/321563304/
2026-01-14 14:24:53,178 - WARNING - 404 image found | offer_id=38040 | offer_url=https://www.cian.ru/sale/flat/321519816/
2026-01-14 14:24:53,178 - WARNING - 404 image found | offer_id=37997 | offer_url=https://www.cian.ru/sale/flat/322164558/
2026-01-14 14:24:53,179 - WARNING - 404 image found | offer_id=38030 | offer_url=https://www.cian.ru/sale/flat/321729894/
2026-01-14 14:24:53,179 - WARNING - 404 image found | offer_id=38046 | offer_url=https://www.cian.ru/sale/flat/321441607/
2026-01-14 14:24:53,180 - WARNING - 404 image found | offer_id=38051 | offer_url=https://www.cian.ru/sale/flat/321328300/
2026-01-14 14:24:53,183 - WARNING - 404 image found | offer_id=38044 | offer_url=https://www.cian.ru/sale/flat/321518656/
2026-01-14 14:24:53,184 - WARNING - 404 image found | offer_id=38060 | offer_url=https://www.cian.ru/sale/flat/321150079/
2026-01-14 14:24:53,184 - WARNING - 404 image found | offer_id=38049 | offer_url=https://www.cian.ru/sale/flat/321343634/
2026-01-14 14:24:53,186 - WARNING - 404 image found | offer_id=38062 | offer_url=https://www.cian.ru/sale/flat/321138236/
2026-01-14 14:24:53,188 - WARNING - 404 image found | offer_id=38064 | offer_url=https://www.cian.ru/sale/flat/321103839/
2026-01-14 14:24:53,190 - WARNING - 404 image found | offer_id=38066 | offer_url=https://www.cian.ru/sale/flat/321083129/
2026-01-14 14:24:53,191 - WARNING - 404 image found | offer_id=38047 | offer_url=https://www.cian.ru/sale/flat/321439307/
2026-01-14 14:24:53,195 - WARNING - 404 image found | offer_id=38071 | offer_url=https://www.cian.ru/sale/flat/321026537/
2026-01-14 14:24:53,201 - WARNING - 404 image found | offer_id=38078 | offer_url=https://www.cian.ru/sale/flat/320879806/
2026-01-14 14:24:53,201 - WARNING - 404 image found | offer_id=38057 | offer_url=https://www.cian.ru/sale/flat/321210575/
2026-01-14 14:24:53,201 - WARNING - 404 image found | offer_id=38073 | offer_url=https://www.cian.ru/sale/flat/320966782/
2026-01-14 14:24:53,201 - WARNING - 404 image found | offer_id=38070 | offer_url=https://www.cian.ru/sale/flat/321031973/
2026-01-14 14:24:53,203 - WARNING - 404 image found | offer_id=38075 | offer_url=https://www.cian.ru/sale/flat/320913768/
2026-01-14 14:24:53,204 - WARNING - 404 image found | offer_id=38085 | offer_url=https://www.cian.ru/sale/flat/320743533/
2026-01-14 14:24:53,204 - WARNING - 404 image found | offer_id=38080 | offer_url=https://www.cian.ru/sale/flat/320805371/
2026-01-14 14:24:53,205 - WARNING - 404 image found | offer_id=38072 | offer_url=https://www.cian.ru/sale/flat/321021281/
2026-01-14 14:24:53,206 - WARNING - 404 image found | offer_id=38068 | offer_url=https://www.cian.ru/sale/flat/321072677/
2026-01-14 14:24:53,207 - WARNING - 404 image found | offer_id=38082 | offer_url=https://www.cian.ru/sale/flat/320802584/
2026-01-14 14:24:53,209 - WARNING - 404 image found | offer_id=38089 | offer_url=https://www.cian.ru/sale/flat/320670491/
2026-01-14 14:24:53,210 - WARNING - 404 image found | offer_id=38091 | offer_url=https://www.cian.ru/sale/flat/320619536/
2026-01-14 14:24:53,216 - WARNING - 404 image found | offer_id=38077 | offer_url=https://www.cian.ru/sale/flat/320820703/
2026-01-14 14:24:53,217 - WARNING - 404 image found | offer_id=38095 | offer_url=https://www.cian.ru/sale/flat/320512766/
2026-01-14 14:24:53,223 - WARNING - 404 image found | offer_id=38110 | offer_url=https://www.cian.ru/sale/flat/319863292/
2026-01-14 14:24:53,227 - WARNING - 404 image found | offer_id=38113 | offer_url=https://www.cian.ru/sale/flat/319892124/
2026-01-14 14:24:53,228 - WARNING - 404 image found | offer_id=38112 | offer_url=https://www.cian.ru/sale/flat/319835525/
2026-01-14 14:24:53,230 - WARNING - 404 image found | offer_id=38099 | offer_url=https://www.cian.ru/sale/flat/320431632/
2026-01-14 14:24:53,233 - WARNING - 404 image found | offer_id=38125 | offer_url=https://www.cian.ru/sale/flat/319329855/
2026-01-14 14:24:53,235 - WARNING - 404 image found | offer_id=38119 | offer_url=https://www.cian.ru/sale/flat/319522213/
2026-01-14 14:24:53,236 - WARNING - 404 image found | offer_id=38129 | offer_url=https://www.cian.ru/sale/flat/319151568/
2026-01-14 14:24:53,236 - WARNING - 404 image found | offer_id=38100 | offer_url=https://www.cian.ru/sale/flat/320204721/
2026-01-14 14:24:53,238 - WARNING - 404 image found | offer_id=38104 | offer_url=https://www.cian.ru/sale/flat/320085441/
2026-01-14 14:24:53,238 - WARNING - 404 image found | offer_id=38131 | offer_url=https://www.cian.ru/sale/flat/319048085/
2026-01-14 14:24:53,241 - WARNING - 404 image found | offer_id=38124 | offer_url=https://www.cian.ru/sale/flat/319385154/
2026-01-14 14:24:53,241 - WARNING - 404 image found | offer_id=38122 | offer_url=https://www.cian.ru/sale/flat/319459267/
2026-01-14 14:24:53,246 - WARNING - 404 image found | offer_id=38138 | offer_url=https://www.cian.ru/sale/flat/318889925/
2026-01-14 14:24:53,247 - WARNING - 404 image found | offer_id=38137 | offer_url=https://www.cian.ru/sale/flat/318823882/
2026-01-14 14:24:53,251 - WARNING - 404 image found | offer_id=38139 | offer_url=https://www.cian.ru/sale/flat/318798040/
2026-01-14 14:24:53,251 - WARNING - 404 image found | offer_id=38135 | offer_url=https://www.cian.ru/sale/flat/318972528/
2026-01-14 14:24:53,253 - WARNING - 404 image found | offer_id=38145 | offer_url=https://www.cian.ru/sale/flat/318024683/
2026-01-14 14:24:53,255 - WARNING - 404 image found | offer_id=38150 | offer_url=https://www.cian.ru/sale/flat/317999513/
2026-01-14 14:24:53,258 - WARNING - 404 image found | offer_id=38155 | offer_url=https://www.cian.ru/sale/flat/317604055/
2026-01-14 14:24:53,260 - WARNING - 404 image found | offer_id=38142 | offer_url=https://www.cian.ru/sale/flat/318548406/
2026-01-14 14:24:53,263 - WARNING - 404 image found | offer_id=38157 | offer_url=https://www.cian.ru/sale/flat/317297107/
2026-01-14 14:24:53,267 - WARNING - 404 image found | offer_id=38167 | offer_url=https://www.cian.ru/sale/flat/315853390/
2026-01-14 14:24:53,269 - WARNING - 404 image found | offer_id=38153 | offer_url=https://www.cian.ru/sale/flat/317669865/
2026-01-14 14:24:53,273 - WARNING - 404 image found | offer_id=38176 | offer_url=https://www.cian.ru/sale/flat/314300212/
2026-01-14 14:24:53,276 - WARNING - 404 image found | offer_id=38177 | offer_url=https://www.cian.ru/sale/flat/314603967/
2026-01-14 14:24:53,279 - WARNING - 404 image found | offer_id=38179 | offer_url=https://www.cian.ru/sale/flat/314106035/
2026-01-14 14:24:53,279 - WARNING - 404 image found | offer_id=38188 | offer_url=https://www.cian.ru/sale/flat/312779854/
2026-01-14 14:24:53,281 - WARNING - 404 image found | offer_id=38182 | offer_url=https://www.cian.ru/sale/flat/313348592/
2026-01-14 14:24:53,282 - WARNING - 404 image found | offer_id=38183 | offer_url=https://www.cian.ru/sale/flat/313296332/
2026-01-14 14:24:53,283 - WARNING - 404 image found | offer_id=38172 | offer_url=https://www.cian.ru/sale/flat/315289054/
2026-01-14 14:24:53,285 - WARNING - 404 image found | offer_id=38171 | offer_url=https://www.cian.ru/sale/flat/315362487/
2026-01-14 14:24:53,286 - WARNING - 404 image found | offer_id=38074 | offer_url=https://www.cian.ru/sale/flat/320919359/
2026-01-14 14:24:53,287 - WARNING - 404 image found | offer_id=38180 | offer_url=https://www.cian.ru/sale/flat/313473135/
2026-01-14 14:24:53,292 - WARNING - 404 image found | offer_id=38203 | offer_url=https://www.cian.ru/sale/flat/307128635/
2026-01-14 14:24:53,300 - WARNING - 404 image found | offer_id=38193 | offer_url=https://www.cian.ru/sale/flat/309888711/
2026-01-14 14:24:53,300 - WARNING - 404 image found | offer_id=38195 | offer_url=https://www.cian.ru/sale/flat/309765263/
2026-01-14 14:24:53,301 - WARNING - 404 image found | offer_id=38206 | offer_url=https://www.cian.ru/sale/flat/306793609/
2026-01-14 14:24:53,302 - WARNING - 404 image found | offer_id=38204 | offer_url=https://www.cian.ru/sale/flat/307003260/
2026-01-14 14:24:53,302 - WARNING - 404 image found | offer_id=38208 | offer_url=https://www.cian.ru/sale/flat/299402289/
2026-01-14 14:24:53,304 - WARNING - 404 image found | offer_id=38196 | offer_url=https://www.cian.ru/sale/flat/309194087/
2026-01-14 14:24:53,306 - WARNING - 404 image found | offer_id=38219 | offer_url=https://www.cian.ru/sale/flat/283157427/
2026-01-14 14:24:53,309 - WARNING - 404 image found | offer_id=38215 | offer_url=https://www.cian.ru/sale/flat/294167809/
2026-01-14 14:24:53,311 - WARNING - 404 image found | offer_id=38222 | offer_url=https://www.cian.ru/sale/flat/200132730/
2026-01-14 14:24:53,315 - WARNING - 404 image found | offer_id=38212 | offer_url=https://www.cian.ru/sale/flat/294674428/
2026-01-14 14:24:53,316 - WARNING - 404 image found | offer_id=38223 | offer_url=https://www.cian.ru/sale/flat/321474377/
2026-01-14 14:24:53,319 - WARNING - 404 image found | offer_id=38229 | offer_url=https://www.cian.ru/sale/flat/323608945/
2026-01-14 14:24:53,320 - WARNING - 404 image found | offer_id=38235 | offer_url=https://www.cian.ru/sale/flat/323575803/
2026-01-14 14:24:53,322 - WARNING - 404 image found | offer_id=38232 | offer_url=https://www.cian.ru/sale/flat/323580085/
2026-01-14 14:24:53,322 - WARNING - 404 image found | offer_id=38238 | offer_url=https://www.cian.ru/sale/flat/323572756/
2026-01-14 14:24:53,325 - WARNING - 404 image found | offer_id=38242 | offer_url=https://www.cian.ru/sale/flat/323569938/
2026-01-14 14:24:53,327 - WARNING - 404 image found | offer_id=38237 | offer_url=https://www.cian.ru/sale/flat/323571881/
2026-01-14 14:24:53,331 - WARNING - 404 image found | offer_id=38231 | offer_url=https://www.cian.ru/sale/flat/323592828/
2026-01-14 14:24:53,331 - WARNING - 404 image found | offer_id=38248 | offer_url=https://www.cian.ru/sale/flat/323543515/
2026-01-14 14:24:53,333 - WARNING - 404 image found | offer_id=38259 | offer_url=https://www.cian.ru/sale/flat/323517229/
2026-01-14 14:24:53,333 - WARNING - 404 image found | offer_id=38257 | offer_url=https://www.cian.ru/sale/flat/323526843/
2026-01-14 14:24:53,334 - WARNING - 404 image found | offer_id=38252 | offer_url=https://www.cian.ru/sale/flat/323531641/
2026-01-14 14:24:53,335 - WARNING - 404 image found | offer_id=38255 | offer_url=https://www.cian.ru/sale/flat/323525746/
2026-01-14 14:24:53,335 - WARNING - 404 image found | offer_id=38256 | offer_url=https://www.cian.ru/sale/flat/323521215/
2026-01-14 14:24:53,337 - WARNING - 404 image found | offer_id=38262 | offer_url=https://www.cian.ru/sale/flat/323487303/
2026-01-14 14:24:53,338 - WARNING - 404 image found | offer_id=38245 | offer_url=https://www.cian.ru/sale/flat/323558744/
2026-01-14 14:24:53,339 - WARNING - 404 image found | offer_id=38260 | offer_url=https://www.cian.ru/sale/flat/323509233/
2026-01-14 14:24:53,342 - WARNING - 404 image found | offer_id=38263 | offer_url=https://www.cian.ru/sale/flat/323481435/
2026-01-14 14:24:53,343 - WARNING - 404 image found | offer_id=38265 | offer_url=https://www.cian.ru/sale/flat/323479898/
2026-01-14 14:24:53,344 - WARNING - 404 image found | offer_id=38264 | offer_url=https://www.cian.ru/sale/flat/323480854/
2026-01-14 14:24:53,344 - WARNING - 404 image found | offer_id=38254 | offer_url=https://www.cian.ru/sale/flat/323525685/
2026-01-14 14:24:53,345 - WARNING - 404 image found | offer_id=38268 | offer_url=https://www.cian.ru/sale/flat/323470032/
2026-01-14 14:24:53,346 - WARNING - 404 image found | offer_id=38246 | offer_url=https://www.cian.ru/sale/flat/323555421/
2026-01-14 14:24:53,346 - WARNING - 404 image found | offer_id=38267 | offer_url=https://www.cian.ru/sale/flat/323474604/
2026-01-14 14:24:53,347 - WARNING - 404 image found | offer_id=38234 | offer_url=https://www.cian.ru/sale/flat/323577383/
2026-01-14 14:24:53,350 - WARNING - 404 image found | offer_id=38274 | offer_url=https://www.cian.ru/sale/flat/323434041/
2026-01-14 14:24:53,352 - WARNING - 404 image found | offer_id=38271 | offer_url=https://www.cian.ru/sale/flat/323444035/
2026-01-14 14:24:53,353 - WARNING - 404 image found | offer_id=38272 | offer_url=https://www.cian.ru/sale/flat/323443122/
2026-01-14 14:24:53,353 - WARNING - 404 image found | offer_id=38269 | offer_url=https://www.cian.ru/sale/flat/323463002/
2026-01-14 14:24:53,355 - WARNING - 404 image found | offer_id=38275 | offer_url=https://www.cian.ru/sale/flat/323414086/
2026-01-14 14:24:53,357 - WARNING - 404 image found | offer_id=38276 | offer_url=https://www.cian.ru/sale/flat/323398863/
2026-01-14 14:24:53,358 - WARNING - 404 image found | offer_id=38279 | offer_url=https://www.cian.ru/sale/flat/323396507/
2026-01-14 14:24:53,358 - WARNING - 404 image found | offer_id=38277 | offer_url=https://www.cian.ru/sale/flat/323469912/
2026-01-14 14:24:53,376 - WARNING - 404 image found | offer_id=38282 | offer_url=https://www.cian.ru/sale/flat/323379349/
2026-01-14 14:24:53,377 - WARNING - 404 image found | offer_id=38290 | offer_url=https://www.cian.ru/sale/flat/323352709/
2026-01-14 14:24:53,378 - WARNING - 404 image found | offer_id=38280 | offer_url=https://www.cian.ru/sale/flat/323390789/
2026-01-14 14:24:53,378 - WARNING - 404 image found | offer_id=38270 | offer_url=https://www.cian.ru/sale/flat/323458399/
2026-01-14 14:24:53,378 - WARNING - 404 image found | offer_id=38289 | offer_url=https://www.cian.ru/sale/flat/323361193/
2026-01-14 14:24:53,378 - WARNING - 404 image found | offer_id=38300 | offer_url=https://www.cian.ru/sale/flat/323321731/
2026-01-14 14:24:53,378 - WARNING - 404 image found | offer_id=38291 | offer_url=https://www.cian.ru/sale/flat/323350915/
2026-01-14 14:24:53,379 - WARNING - 404 image found | offer_id=38283 | offer_url=https://www.cian.ru/sale/flat/323364920/
2026-01-14 14:24:53,379 - WARNING - 404 image found | offer_id=38230 | offer_url=https://www.cian.ru/sale/flat/323595587/
2026-01-14 14:24:53,379 - WARNING - 404 image found | offer_id=38292 | offer_url=https://www.cian.ru/sale/flat/323348856/
2026-01-14 14:24:53,381 - WARNING - 404 image found | offer_id=38306 | offer_url=https://www.cian.ru/sale/flat/323308494/
2026-01-14 14:24:53,381 - WARNING - 404 image found | offer_id=38236 | offer_url=https://www.cian.ru/sale/flat/323574090/
2026-01-14 14:24:53,382 - WARNING - 404 image found | offer_id=38298 | offer_url=https://www.cian.ru/sale/flat/323324726/
2026-01-14 14:24:53,382 - WARNING - 404 image found | offer_id=38310 | offer_url=https://www.cian.ru/sale/flat/323284048/
2026-01-14 14:24:53,383 - WARNING - 404 image found | offer_id=38303 | offer_url=https://www.cian.ru/sale/flat/323316161/
2026-01-14 14:24:53,383 - WARNING - 404 image found | offer_id=38299 | offer_url=https://www.cian.ru/sale/flat/323321796/
2026-01-14 14:24:53,384 - WARNING - 404 image found | offer_id=38302 | offer_url=https://www.cian.ru/sale/flat/323338894/
2026-01-14 14:24:53,388 - WARNING - 404 image found | offer_id=38304 | offer_url=https://www.cian.ru/sale/flat/323315716/
2026-01-14 14:24:53,398 - WARNING - 404 image found | offer_id=38327 | offer_url=https://www.cian.ru/sale/flat/323239917/
2026-01-14 14:24:53,402 - WARNING - 404 image found | offer_id=38319 | offer_url=https://www.cian.ru/sale/flat/323263032/
2026-01-14 14:24:53,403 - WARNING - 404 image found | offer_id=38314 | offer_url=https://www.cian.ru/sale/flat/323277311/
2026-01-14 14:24:53,404 - WARNING - 404 image found | offer_id=38326 | offer_url=https://www.cian.ru/sale/flat/323240354/
2026-01-14 14:24:53,405 - WARNING - 404 image found | offer_id=38329 | offer_url=https://www.cian.ru/sale/flat/323231320/
2026-01-14 14:24:53,406 - WARNING - 404 image found | offer_id=38318 | offer_url=https://www.cian.ru/sale/flat/323263586/
2026-01-14 14:24:53,407 - WARNING - 404 image found | offer_id=38337 | offer_url=https://www.cian.ru/sale/flat/323204567/
2026-01-14 14:24:53,408 - WARNING - 404 image found | offer_id=38341 | offer_url=https://www.cian.ru/sale/flat/323201551/
2026-01-14 14:24:53,409 - WARNING - 404 image found | offer_id=38333 | offer_url=https://www.cian.ru/sale/flat/323223179/
2026-01-14 14:24:53,409 - WARNING - 404 image found | offer_id=38340 | offer_url=https://www.cian.ru/sale/flat/323201758/
2026-01-14 14:24:53,415 - WARNING - 404 image found | offer_id=38338 | offer_url=https://www.cian.ru/sale/flat/323202882/
2026-01-14 14:24:53,415 - WARNING - 404 image found | offer_id=38344 | offer_url=https://www.cian.ru/sale/flat/323196512/
2026-01-14 14:24:53,421 - WARNING - 404 image found | offer_id=38345 | offer_url=https://www.cian.ru/sale/flat/323190906/
2026-01-14 14:24:53,437 - WARNING - 404 image found | offer_id=38335 | offer_url=https://www.cian.ru/sale/flat/323206558/
2026-01-14 14:24:53,437 - WARNING - 404 image found | offer_id=38362 | offer_url=https://www.cian.ru/sale/flat/323106303/
2026-01-14 14:24:53,437 - WARNING - 404 image found | offer_id=38359 | offer_url=https://www.cian.ru/sale/flat/323135964/
2026-01-14 14:24:53,438 - WARNING - 404 image found | offer_id=38368 | offer_url=https://www.cian.ru/sale/flat/323082922/
2026-01-14 14:24:53,438 - WARNING - 404 image found | offer_id=38360 | offer_url=https://www.cian.ru/sale/flat/323135890/
2026-01-14 14:24:53,439 - WARNING - 404 image found | offer_id=38351 | offer_url=https://www.cian.ru/sale/flat/323177663/
2026-01-14 14:24:53,440 - WARNING - 404 image found | offer_id=38352 | offer_url=https://www.cian.ru/sale/flat/323175953/
2026-01-14 14:24:53,440 - WARNING - 404 image found | offer_id=38343 | offer_url=https://www.cian.ru/sale/flat/323200575/
2026-01-14 14:24:53,440 - WARNING - 404 image found | offer_id=38361 | offer_url=https://www.cian.ru/sale/flat/323128351/
2026-01-14 14:24:53,440 - WARNING - 404 image found | offer_id=38357 | offer_url=https://www.cian.ru/sale/flat/323146041/
2026-01-14 14:24:53,441 - WARNING - 404 image found | offer_id=38339 | offer_url=https://www.cian.ru/sale/flat/323202726/
2026-01-14 14:24:53,441 - WARNING - 404 image found | offer_id=38354 | offer_url=https://www.cian.ru/sale/flat/323171121/
2026-01-14 14:24:53,441 - WARNING - 404 image found | offer_id=38366 | offer_url=https://www.cian.ru/sale/flat/323098849/
2026-01-14 14:24:53,443 - WARNING - 404 image found | offer_id=38311 | offer_url=https://www.cian.ru/sale/flat/323282110/
2026-01-14 14:24:53,443 - WARNING - 404 image found | offer_id=38367 | offer_url=https://www.cian.ru/sale/flat/323095669/
2026-01-14 14:24:53,444 - WARNING - 404 image found | offer_id=38373 | offer_url=https://www.cian.ru/sale/flat/323069216/
2026-01-14 14:24:53,446 - WARNING - 404 image found | offer_id=38369 | offer_url=https://www.cian.ru/sale/flat/323092542/
2026-01-14 14:24:53,446 - WARNING - 404 image found | offer_id=38364 | offer_url=https://www.cian.ru/sale/flat/323098160/
2026-01-14 14:24:53,447 - WARNING - 404 image found | offer_id=38371 | offer_url=https://www.cian.ru/sale/flat/323074547/
2026-01-14 14:24:53,455 - WARNING - 404 image found | offer_id=38376 | offer_url=https://www.cian.ru/sale/flat/323054554/
2026-01-14 14:24:53,458 - WARNING - 404 image found | offer_id=38374 | offer_url=https://www.cian.ru/sale/flat/323058392/
2026-01-14 14:24:53,462 - WARNING - 404 image found | offer_id=38385 | offer_url=https://www.cian.ru/sale/flat/323016478/
2026-01-14 14:24:53,462 - WARNING - 404 image found | offer_id=38389 | offer_url=https://www.cian.ru/sale/flat/322980895/
2026-01-14 14:24:53,463 - WARNING - 404 image found | offer_id=38375 | offer_url=https://www.cian.ru/sale/flat/323057612/
2026-01-14 14:24:53,463 - WARNING - 404 image found | offer_id=38379 | offer_url=https://www.cian.ru/sale/flat/323039129/
2026-01-14 14:24:53,464 - WARNING - 404 image found | offer_id=38386 | offer_url=https://www.cian.ru/sale/flat/323012205/
2026-01-14 14:24:53,467 - WARNING - 404 image found | offer_id=38392 | offer_url=https://www.cian.ru/sale/flat/322937871/
2026-01-14 14:24:53,467 - WARNING - 404 image found | offer_id=38388 | offer_url=https://www.cian.ru/sale/flat/323002045/
2026-01-14 14:24:53,468 - WARNING - 404 image found | offer_id=38391 | offer_url=https://www.cian.ru/sale/flat/322976948/
2026-01-14 14:24:53,468 - WARNING - 404 image found | offer_id=38380 | offer_url=https://www.cian.ru/sale/flat/323036185/
2026-01-14 14:24:53,468 - WARNING - 404 image found | offer_id=38396 | offer_url=https://www.cian.ru/sale/flat/322933043/
2026-01-14 14:24:53,469 - WARNING - 404 image found | offer_id=38382 | offer_url=https://www.cian.ru/sale/flat/323030843/
2026-01-14 14:24:53,470 - WARNING - 404 image found | offer_id=38399 | offer_url=https://www.cian.ru/sale/flat/322927760/
2026-01-14 14:24:53,471 - WARNING - 404 image found | offer_id=38393 | offer_url=https://www.cian.ru/sale/flat/322973074/
2026-01-14 14:24:53,471 - WARNING - 404 image found | offer_id=38377 | offer_url=https://www.cian.ru/sale/flat/323050986/
2026-01-14 14:24:53,472 - WARNING - 404 image found | offer_id=38398 | offer_url=https://www.cian.ru/sale/flat/322928324/
2026-01-14 14:24:53,475 - WARNING - 404 image found | offer_id=38401 | offer_url=https://www.cian.ru/sale/flat/322919429/
2026-01-14 14:24:53,475 - WARNING - 404 image found | offer_id=38403 | offer_url=https://www.cian.ru/sale/flat/322914142/
2026-01-14 14:24:53,477 - WARNING - 404 image found | offer_id=38405 | offer_url=https://www.cian.ru/sale/flat/322886864/
2026-01-14 14:24:53,478 - WARNING - 404 image found | offer_id=38404 | offer_url=https://www.cian.ru/sale/flat/322904016/
2026-01-14 14:24:53,480 - WARNING - 404 image found | offer_id=38409 | offer_url=https://www.cian.ru/sale/flat/322900020/
2026-01-14 14:24:53,482 - WARNING - 404 image found | offer_id=38402 | offer_url=https://www.cian.ru/sale/flat/322918544/
2026-01-14 14:24:53,483 - WARNING - 404 image found | offer_id=38407 | offer_url=https://www.cian.ru/sale/flat/322869192/
2026-01-14 14:24:53,488 - WARNING - 404 image found | offer_id=38416 | offer_url=https://www.cian.ru/sale/flat/322848618/
2026-01-14 14:24:53,489 - WARNING - 404 image found | offer_id=38424 | offer_url=https://www.cian.ru/sale/flat/322814866/
2026-01-14 14:24:53,490 - WARNING - 404 image found | offer_id=38417 | offer_url=https://www.cian.ru/sale/flat/322848616/
2026-01-14 14:24:53,491 - WARNING - 404 image found | offer_id=38423 | offer_url=https://www.cian.ru/sale/flat/322824926/
2026-01-14 14:24:53,491 - WARNING - 404 image found | offer_id=38412 | offer_url=https://www.cian.ru/sale/flat/322856318/
2026-01-14 14:24:53,492 - WARNING - 404 image found | offer_id=38420 | offer_url=https://www.cian.ru/sale/flat/322828567/
2026-01-14 14:24:53,492 - WARNING - 404 image found | offer_id=38422 | offer_url=https://www.cian.ru/sale/flat/322821569/
2026-01-14 14:24:53,493 - WARNING - 404 image found | offer_id=38419 | offer_url=https://www.cian.ru/sale/flat/322848500/
2026-01-14 14:24:53,494 - WARNING - 404 image found | offer_id=38414 | offer_url=https://www.cian.ru/sale/flat/322855242/
2026-01-14 14:24:53,495 - WARNING - 404 image found | offer_id=38426 | offer_url=https://www.cian.ru/sale/flat/322813733/
2026-01-14 14:24:53,495 - WARNING - 404 image found | offer_id=38427 | offer_url=https://www.cian.ru/sale/flat/322811882/
2026-01-14 14:24:53,496 - WARNING - 404 image found | offer_id=38425 | offer_url=https://www.cian.ru/sale/flat/322817357/
2026-01-14 14:24:53,501 - WARNING - 404 image found | offer_id=38432 | offer_url=https://www.cian.ru/sale/flat/322787045/
2026-01-14 14:24:53,502 - WARNING - 404 image found | offer_id=38428 | offer_url=https://www.cian.ru/sale/flat/322807333/
2026-01-14 14:24:53,502 - WARNING - 404 image found | offer_id=38435 | offer_url=https://www.cian.ru/sale/flat/322767786/
2026-01-14 14:24:53,503 - WARNING - 404 image found | offer_id=38315 | offer_url=https://www.cian.ru/sale/flat/323270414/
2026-01-14 14:24:53,503 - WARNING - 404 image found | offer_id=38429 | offer_url=https://www.cian.ru/sale/flat/322801464/
2026-01-14 14:24:53,504 - WARNING - 404 image found | offer_id=38437 | offer_url=https://www.cian.ru/sale/flat/322759046/
2026-01-14 14:24:53,505 - WARNING - 404 image found | offer_id=38438 | offer_url=https://www.cian.ru/sale/flat/322736515/
2026-01-14 14:24:53,508 - WARNING - 404 image found | offer_id=38430 | offer_url=https://www.cian.ru/sale/flat/322792520/
2026-01-14 14:24:53,512 - WARNING - 404 image found | offer_id=38442 | offer_url=https://www.cian.ru/sale/flat/322721485/
2026-01-14 14:24:53,513 - WARNING - 404 image found | offer_id=38436 | offer_url=https://www.cian.ru/sale/flat/322765763/
2026-01-14 14:24:53,513 - WARNING - 404 image found | offer_id=38433 | offer_url=https://www.cian.ru/sale/flat/322780732/
2026-01-14 14:24:53,514 - WARNING - 404 image found | offer_id=38434 | offer_url=https://www.cian.ru/sale/flat/322777620/
2026-01-14 14:24:53,514 - WARNING - 404 image found | offer_id=38439 | offer_url=https://www.cian.ru/sale/flat/322739566/
2026-01-14 14:24:53,515 - WARNING - 404 image found | offer_id=38445 | offer_url=https://www.cian.ru/sale/flat/322705080/
2026-01-14 14:24:53,516 - WARNING - 404 image found | offer_id=38450 | offer_url=https://www.cian.ru/sale/flat/322680943/
2026-01-14 14:24:53,517 - WARNING - 404 image found | offer_id=38451 | offer_url=https://www.cian.ru/sale/flat/322661685/
2026-01-14 14:24:53,519 - WARNING - 404 image found | offer_id=38446 | offer_url=https://www.cian.ru/sale/flat/322702107/
2026-01-14 14:24:53,519 - WARNING - 404 image found | offer_id=38448 | offer_url=https://www.cian.ru/sale/flat/322698090/
2026-01-14 14:24:53,525 - WARNING - 404 image found | offer_id=38452 | offer_url=https://www.cian.ru/sale/flat/322674204/
2026-01-14 14:24:53,528 - WARNING - 404 image found | offer_id=38458 | offer_url=https://www.cian.ru/sale/flat/322594218/
2026-01-14 14:24:53,529 - WARNING - 404 image found | offer_id=38461 | offer_url=https://www.cian.ru/sale/flat/322532523/
2026-01-14 14:24:53,530 - WARNING - 404 image found | offer_id=38459 | offer_url=https://www.cian.ru/sale/flat/322560597/
2026-01-14 14:24:53,532 - WARNING - 404 image found | offer_id=38464 | offer_url=https://www.cian.ru/sale/flat/322513006/
2026-01-14 14:24:53,532 - WARNING - 404 image found | offer_id=38455 | offer_url=https://www.cian.ru/sale/flat/322628490/
2026-01-14 14:24:53,533 - WARNING - 404 image found | offer_id=38462 | offer_url=https://www.cian.ru/sale/flat/322530784/
2026-01-14 14:24:53,534 - WARNING - 404 image found | offer_id=38463 | offer_url=https://www.cian.ru/sale/flat/322530047/
2026-01-14 14:24:53,540 - WARNING - 404 image found | offer_id=38477 | offer_url=https://www.cian.ru/sale/flat/322389542/
2026-01-14 14:24:53,543 - WARNING - 404 image found | offer_id=38479 | offer_url=https://www.cian.ru/sale/flat/322346866/
2026-01-14 14:24:53,544 - WARNING - 404 image found | offer_id=38472 | offer_url=https://www.cian.ru/sale/flat/322461585/
2026-01-14 14:24:53,547 - WARNING - 404 image found | offer_id=38487 | offer_url=https://www.cian.ru/sale/flat/322306384/
2026-01-14 14:24:53,548 - WARNING - 404 image found | offer_id=38484 | offer_url=https://www.cian.ru/sale/flat/322321743/
2026-01-14 14:24:53,549 - WARNING - 404 image found | offer_id=38474 | offer_url=https://www.cian.ru/sale/flat/322422876/
2026-01-14 14:24:53,550 - WARNING - 404 image found | offer_id=38482 | offer_url=https://www.cian.ru/sale/flat/322339674/
2026-01-14 14:24:53,552 - WARNING - 404 image found | offer_id=38494 | offer_url=https://www.cian.ru/sale/flat/322168155/
2026-01-14 14:24:53,552 - WARNING - 404 image found | offer_id=38483 | offer_url=https://www.cian.ru/sale/flat/322329512/
2026-01-14 14:24:53,552 - WARNING - 404 image found | offer_id=38465 | offer_url=https://www.cian.ru/sale/flat/322500157/
2026-01-14 14:24:53,553 - WARNING - 404 image found | offer_id=38493 | offer_url=https://www.cian.ru/sale/flat/322182053/
2026-01-14 14:24:53,553 - WARNING - 404 image found | offer_id=38488 | offer_url=https://www.cian.ru/sale/flat/322290228/
2026-01-14 14:24:53,554 - WARNING - 404 image found | offer_id=38490 | offer_url=https://www.cian.ru/sale/flat/322201921/
2026-01-14 14:24:53,556 - WARNING - 404 image found | offer_id=38489 | offer_url=https://www.cian.ru/sale/flat/322281576/
2026-01-14 14:24:53,558 - WARNING - 404 image found | offer_id=38498 | offer_url=https://www.cian.ru/sale/flat/322134020/
2026-01-14 14:24:53,566 - WARNING - 404 image found | offer_id=38505 | offer_url=https://www.cian.ru/sale/flat/322015875/
2026-01-14 14:24:53,572 - WARNING - 404 image found | offer_id=38507 | offer_url=https://www.cian.ru/sale/flat/321867079/
2026-01-14 14:24:53,574 - WARNING - 404 image found | offer_id=38499 | offer_url=https://www.cian.ru/sale/flat/322127785/
2026-01-14 14:24:53,577 - WARNING - 404 image found | offer_id=38467 | offer_url=https://www.cian.ru/sale/flat/322494373/
2026-01-14 14:24:53,577 - WARNING - 404 image found | offer_id=38504 | offer_url=https://www.cian.ru/sale/flat/322034404/
2026-01-14 14:24:53,625 - WARNING - 404 image found | offer_id=38485 | offer_url=https://www.cian.ru/sale/flat/322324058/
2026-01-14 14:24:53,642 - INFO - checked=9500, 404=5645, deleted=5599, deactivated=1, speed=300.8/s
2026-01-14 14:24:53,642 - INFO - Batch #20, last_id=38508
2026-01-14 14:24:53,667 - WARNING - 404 image found | offer_id=38523 | offer_url=https://www.cian.ru/sale/flat/321897342/
2026-01-14 14:24:53,669 - WARNING - 404 image found | offer_id=38522 | offer_url=https://www.cian.ru/sale/flat/321890565/
2026-01-14 14:24:53,672 - WARNING - 404 image found | offer_id=38527 | offer_url=https://www.cian.ru/sale/flat/321802829/
2026-01-14 14:24:53,673 - WARNING - 404 image found | offer_id=38509 | offer_url=https://www.cian.ru/sale/flat/321909775/
2026-01-14 14:24:53,674 - WARNING - 404 image found | offer_id=38531 | offer_url=https://www.cian.ru/sale/flat/321771710/
2026-01-14 14:24:53,675 - WARNING - 404 image found | offer_id=38521 | offer_url=https://www.cian.ru/sale/flat/321906150/
2026-01-14 14:24:53,675 - WARNING - 404 image found | offer_id=38530 | offer_url=https://www.cian.ru/sale/flat/321775511/
2026-01-14 14:24:53,679 - WARNING - 404 image found | offer_id=38510 | offer_url=https://www.cian.ru/sale/flat/321987296/
2026-01-14 14:24:53,681 - WARNING - 404 image found | offer_id=38536 | offer_url=https://www.cian.ru/sale/flat/321690109/
2026-01-14 14:24:53,682 - WARNING - 404 image found | offer_id=38547 | offer_url=https://www.cian.ru/sale/flat/321594838/
2026-01-14 14:24:53,687 - WARNING - 404 image found | offer_id=38538 | offer_url=https://www.cian.ru/sale/flat/321717107/
2026-01-14 14:24:53,692 - WARNING - 404 image found | offer_id=38551 | offer_url=https://www.cian.ru/sale/flat/321543728/
2026-01-14 14:24:53,692 - WARNING - 404 image found | offer_id=38548 | offer_url=https://www.cian.ru/sale/flat/321605860/
2026-01-14 14:24:53,694 - WARNING - 404 image found | offer_id=38559 | offer_url=https://www.cian.ru/sale/flat/321231972/
2026-01-14 14:24:53,695 - WARNING - 404 image found | offer_id=38557 | offer_url=https://www.cian.ru/sale/flat/321359797/
2026-01-14 14:24:53,696 - WARNING - 404 image found | offer_id=38561 | offer_url=https://www.cian.ru/sale/flat/321194847/
2026-01-14 14:24:53,697 - WARNING - 404 image found | offer_id=38558 | offer_url=https://www.cian.ru/sale/flat/321311061/
2026-01-14 14:24:53,697 - WARNING - 404 image found | offer_id=38556 | offer_url=https://www.cian.ru/sale/flat/321406684/
2026-01-14 14:24:53,698 - WARNING - 404 image found | offer_id=38540 | offer_url=https://www.cian.ru/sale/flat/321661635/
2026-01-14 14:24:53,699 - WARNING - 404 image found | offer_id=38572 | offer_url=https://www.cian.ru/sale/flat/321124255/
2026-01-14 14:24:53,699 - WARNING - 404 image found | offer_id=38566 | offer_url=https://www.cian.ru/sale/flat/321175685/
2026-01-14 14:24:53,703 - WARNING - 404 image found | offer_id=38555 | offer_url=https://www.cian.ru/sale/flat/321416324/
2026-01-14 14:24:53,704 - WARNING - 404 image found | offer_id=38565 | offer_url=https://www.cian.ru/sale/flat/321184190/
2026-01-14 14:24:53,706 - WARNING - 404 image found | offer_id=38569 | offer_url=https://www.cian.ru/sale/flat/321146471/
2026-01-14 14:24:53,713 - WARNING - 404 image found | offer_id=38579 | offer_url=https://www.cian.ru/sale/flat/321013125/
2026-01-14 14:24:53,714 - WARNING - 404 image found | offer_id=38586 | offer_url=https://www.cian.ru/sale/flat/320775808/
2026-01-14 14:24:53,714 - WARNING - 404 image found | offer_id=38582 | offer_url=https://www.cian.ru/sale/flat/320935404/
2026-01-14 14:24:53,719 - WARNING - 404 image found | offer_id=38597 | offer_url=https://www.cian.ru/sale/flat/320541990/
2026-01-14 14:24:53,720 - WARNING - 404 image found | offer_id=38595 | offer_url=https://www.cian.ru/sale/flat/320551102/
2026-01-14 14:24:53,721 - WARNING - 404 image found | offer_id=38589 | offer_url=https://www.cian.ru/sale/flat/320645801/
2026-01-14 14:24:53,722 - WARNING - 404 image found | offer_id=38603 | offer_url=https://www.cian.ru/sale/flat/320333129/
2026-01-14 14:24:53,725 - WARNING - 404 image found | offer_id=38609 | offer_url=https://www.cian.ru/sale/flat/320190883/
2026-01-14 14:24:53,726 - WARNING - 404 image found | offer_id=38575 | offer_url=https://www.cian.ru/sale/flat/321099023/
2026-01-14 14:24:53,726 - WARNING - 404 image found | offer_id=38598 | offer_url=https://www.cian.ru/sale/flat/320462469/
2026-01-14 14:24:53,727 - WARNING - 404 image found | offer_id=38602 | offer_url=https://www.cian.ru/sale/flat/320338488/
2026-01-14 14:24:53,728 - WARNING - 404 image found | offer_id=38606 | offer_url=https://www.cian.ru/sale/flat/320281212/
2026-01-14 14:24:53,733 - WARNING - 404 image found | offer_id=38616 | offer_url=https://www.cian.ru/sale/flat/320007133/
2026-01-14 14:24:53,734 - WARNING - 404 image found | offer_id=38615 | offer_url=https://www.cian.ru/sale/flat/320038147/
2026-01-14 14:24:53,735 - WARNING - 404 image found | offer_id=38617 | offer_url=https://www.cian.ru/sale/flat/319977385/
2026-01-14 14:24:53,736 - WARNING - 404 image found | offer_id=38618 | offer_url=https://www.cian.ru/sale/flat/319934834/
2026-01-14 14:24:53,740 - WARNING - 404 image found | offer_id=38623 | offer_url=https://www.cian.ru/sale/flat/319743267/
2026-01-14 14:24:53,742 - WARNING - 404 image found | offer_id=38629 | offer_url=https://www.cian.ru/sale/flat/319448653/
2026-01-14 14:24:53,745 - WARNING - 404 image found | offer_id=38627 | offer_url=https://www.cian.ru/sale/flat/319508798/
2026-01-14 14:24:53,746 - WARNING - 404 image found | offer_id=38628 | offer_url=https://www.cian.ru/sale/flat/319476904/
2026-01-14 14:24:53,748 - WARNING - 404 image found | offer_id=38636 | offer_url=https://www.cian.ru/sale/flat/318968379/
2026-01-14 14:24:53,749 - WARNING - 404 image found | offer_id=38637 | offer_url=https://www.cian.ru/sale/flat/318967389/
2026-01-14 14:24:53,749 - WARNING - 404 image found | offer_id=38554 | offer_url=https://www.cian.ru/sale/flat/321471779/
2026-01-14 14:24:53,750 - WARNING - 404 image found | offer_id=38635 | offer_url=https://www.cian.ru/sale/flat/319085422/
2026-01-14 14:24:53,752 - WARNING - 404 image found | offer_id=38641 | offer_url=https://www.cian.ru/sale/flat/318750525/
2026-01-14 14:24:53,755 - WARNING - 404 image found | offer_id=38639 | offer_url=https://www.cian.ru/sale/flat/318942188/
2026-01-14 14:24:53,758 - WARNING - 404 image found | offer_id=38645 | offer_url=https://www.cian.ru/sale/flat/318386275/
2026-01-14 14:24:53,759 - WARNING - 404 image found | offer_id=38634 | offer_url=https://www.cian.ru/sale/flat/319152180/
2026-01-14 14:24:53,762 - WARNING - 404 image found | offer_id=38647 | offer_url=https://www.cian.ru/sale/flat/318315152/
2026-01-14 14:24:53,764 - WARNING - 404 image found | offer_id=38649 | offer_url=https://www.cian.ru/sale/flat/318295819/
2026-01-14 14:24:53,773 - WARNING - 404 image found | offer_id=38666 | offer_url=https://www.cian.ru/sale/flat/316695165/
2026-01-14 14:24:53,774 - WARNING - 404 image found | offer_id=38642 | offer_url=https://www.cian.ru/sale/flat/318640523/
2026-01-14 14:24:53,774 - WARNING - 404 image found | offer_id=38665 | offer_url=https://www.cian.ru/sale/flat/316712142/
2026-01-14 14:24:53,775 - WARNING - 404 image found | offer_id=38661 | offer_url=https://www.cian.ru/sale/flat/317292526/
2026-01-14 14:24:53,777 - WARNING - 404 image found | offer_id=38671 | offer_url=https://www.cian.ru/sale/flat/316391450/
2026-01-14 14:24:53,782 - WARNING - 404 image found | offer_id=38668 | offer_url=https://www.cian.ru/sale/flat/316541313/
2026-01-14 14:24:53,783 - WARNING - 404 image found | offer_id=38678 | offer_url=https://www.cian.ru/sale/flat/315384940/
2026-01-14 14:24:53,784 - WARNING - 404 image found | offer_id=38621 | offer_url=https://www.cian.ru/sale/flat/319770855/
2026-01-14 14:24:53,784 - WARNING - 404 image found | offer_id=38672 | offer_url=https://www.cian.ru/sale/flat/316378781/
2026-01-14 14:24:53,786 - WARNING - 404 image found | offer_id=38685 | offer_url=https://www.cian.ru/sale/flat/314365762/
2026-01-14 14:24:53,786 - WARNING - 404 image found | offer_id=38683 | offer_url=https://www.cian.ru/sale/flat/314827741/
2026-01-14 14:24:53,787 - WARNING - 404 image found | offer_id=38655 | offer_url=https://www.cian.ru/sale/flat/317796135/
2026-01-14 14:24:53,804 - WARNING - 404 image found | offer_id=38709 | offer_url=https://www.cian.ru/sale/flat/305054902/
2026-01-14 14:24:53,805 - WARNING - 404 image found | offer_id=38689 | offer_url=https://www.cian.ru/sale/flat/313116739/
2026-01-14 14:24:53,805 - WARNING - 404 image found | offer_id=38688 | offer_url=https://www.cian.ru/sale/flat/313847389/
2026-01-14 14:24:53,807 - WARNING - 404 image found | offer_id=38690 | offer_url=https://www.cian.ru/sale/flat/312808917/
2026-01-14 14:24:53,807 - WARNING - 404 image found | offer_id=38697 | offer_url=https://www.cian.ru/sale/flat/310379729/
2026-01-14 14:24:53,809 - WARNING - 404 image found | offer_id=38708 | offer_url=https://www.cian.ru/sale/flat/305572168/
2026-01-14 14:24:53,809 - WARNING - 404 image found | offer_id=38707 | offer_url=https://www.cian.ru/sale/flat/305749314/
2026-01-14 14:24:53,809 - WARNING - 404 image found | offer_id=38701 | offer_url=https://www.cian.ru/sale/flat/309397207/
2026-01-14 14:24:53,810 - WARNING - 404 image found | offer_id=38710 | offer_url=https://www.cian.ru/sale/flat/304931111/
2026-01-14 14:24:53,826 - WARNING - 404 image found | offer_id=38724 | offer_url=https://www.cian.ru/sale/flat/323653724/
2026-01-14 14:24:53,827 - WARNING - 404 image found | offer_id=38730 | offer_url=https://www.cian.ru/sale/flat/323626359/
2026-01-14 14:24:53,828 - WARNING - 404 image found | offer_id=38722 | offer_url=https://www.cian.ru/sale/flat/270197287/
2026-01-14 14:24:53,828 - WARNING - 404 image found | offer_id=38726 | offer_url=https://www.cian.ru/sale/flat/323637542/
2026-01-14 14:24:53,829 - WARNING - 404 image found | offer_id=38734 | offer_url=https://www.cian.ru/sale/flat/323621861/
2026-01-14 14:24:53,829 - WARNING - 404 image found | offer_id=38727 | offer_url=https://www.cian.ru/sale/flat/323636232/
2026-01-14 14:24:53,830 - WARNING - 404 image found | offer_id=38718 | offer_url=https://www.cian.ru/sale/flat/294313002/
2026-01-14 14:24:53,832 - WARNING - 404 image found | offer_id=38725 | offer_url=https://www.cian.ru/sale/flat/323649217/
2026-01-14 14:24:53,833 - WARNING - 404 image found | offer_id=38728 | offer_url=https://www.cian.ru/sale/flat/323635373/
2026-01-14 14:24:53,834 - WARNING - 404 image found | offer_id=38736 | offer_url=https://www.cian.ru/sale/flat/323621634/
2026-01-14 14:24:53,834 - WARNING - 404 image found | offer_id=38713 | offer_url=https://www.cian.ru/sale/flat/302636869/
2026-01-14 14:24:53,835 - WARNING - 404 image found | offer_id=38738 | offer_url=https://www.cian.ru/sale/flat/323616476/
2026-01-14 14:24:53,836 - WARNING - 404 image found | offer_id=38741 | offer_url=https://www.cian.ru/sale/flat/323602363/
2026-01-14 14:24:53,837 - WARNING - 404 image found | offer_id=38732 | offer_url=https://www.cian.ru/sale/flat/323622563/
2026-01-14 14:24:53,838 - WARNING - 404 image found | offer_id=38740 | offer_url=https://www.cian.ru/sale/flat/323615276/
2026-01-14 14:24:53,840 - WARNING - 404 image found | offer_id=38746 | offer_url=https://www.cian.ru/sale/flat/323580074/
2026-01-14 14:24:53,841 - WARNING - 404 image found | offer_id=38744 | offer_url=https://www.cian.ru/sale/flat/323595302/
2026-01-14 14:24:53,842 - WARNING - 404 image found | offer_id=38739 | offer_url=https://www.cian.ru/sale/flat/323616115/
2026-01-14 14:24:53,842 - WARNING - 404 image found | offer_id=38719 | offer_url=https://www.cian.ru/sale/flat/291787595/
2026-01-14 14:24:53,847 - WARNING - 404 image found | offer_id=38748 | offer_url=https://www.cian.ru/sale/flat/323579233/
2026-01-14 14:24:53,847 - WARNING - 404 image found | offer_id=38753 | offer_url=https://www.cian.ru/sale/flat/323573457/
2026-01-14 14:24:53,848 - WARNING - 404 image found | offer_id=38754 | offer_url=https://www.cian.ru/sale/flat/323571094/
2026-01-14 14:24:53,848 - WARNING - 404 image found | offer_id=38743 | offer_url=https://www.cian.ru/sale/flat/323601070/
2026-01-14 14:24:53,851 - WARNING - 404 image found | offer_id=38749 | offer_url=https://www.cian.ru/sale/flat/323578722/
2026-01-14 14:24:53,852 - WARNING - 404 image found | offer_id=38756 | offer_url=https://www.cian.ru/sale/flat/323562544/
2026-01-14 14:24:53,853 - WARNING - 404 image found | offer_id=38759 | offer_url=https://www.cian.ru/sale/flat/323553374/
2026-01-14 14:24:53,854 - WARNING - 404 image found | offer_id=38755 | offer_url=https://www.cian.ru/sale/flat/323562600/
2026-01-14 14:24:53,856 - WARNING - 404 image found | offer_id=38762 | offer_url=https://www.cian.ru/sale/flat/323536637/
2026-01-14 14:24:53,856 - WARNING - 404 image found | offer_id=38752 | offer_url=https://www.cian.ru/sale/flat/323575381/
2026-01-14 14:24:53,858 - WARNING - 404 image found | offer_id=38758 | offer_url=https://www.cian.ru/sale/flat/323556354/
2026-01-14 14:24:53,860 - WARNING - 404 image found | offer_id=38764 | offer_url=https://www.cian.ru/sale/flat/323518353/
2026-01-14 14:24:53,863 - WARNING - 404 image found | offer_id=38768 | offer_url=https://www.cian.ru/sale/flat/323515285/
2026-01-14 14:24:53,864 - WARNING - 404 image found | offer_id=38766 | offer_url=https://www.cian.ru/sale/flat/323517768/
2026-01-14 14:24:53,865 - WARNING - 404 image found | offer_id=38776 | offer_url=https://www.cian.ru/sale/flat/323484719/
2026-01-14 14:24:53,867 - WARNING - 404 image found | offer_id=38767 | offer_url=https://www.cian.ru/sale/flat/323516263/
2026-01-14 14:24:53,868 - WARNING - 404 image found | offer_id=38774 | offer_url=https://www.cian.ru/sale/flat/323486535/
2026-01-14 14:24:53,869 - WARNING - 404 image found | offer_id=38777 | offer_url=https://www.cian.ru/sale/flat/323481378/
2026-01-14 14:24:53,870 - WARNING - 404 image found | offer_id=38782 | offer_url=https://www.cian.ru/sale/flat/323447642/
2026-01-14 14:24:53,874 - WARNING - 404 image found | offer_id=38783 | offer_url=https://www.cian.ru/sale/flat/323447433/
2026-01-14 14:24:53,874 - WARNING - 404 image found | offer_id=38781 | offer_url=https://www.cian.ru/sale/flat/323455851/
2026-01-14 14:24:53,875 - WARNING - 404 image found | offer_id=38785 | offer_url=https://www.cian.ru/sale/flat/323445181/
2026-01-14 14:24:53,876 - WARNING - 404 image found | offer_id=38788 | offer_url=https://www.cian.ru/sale/flat/323434788/
2026-01-14 14:24:53,881 - WARNING - 404 image found | offer_id=38797 | offer_url=https://www.cian.ru/sale/flat/323400981/
2026-01-14 14:24:53,882 - WARNING - 404 image found | offer_id=38770 | offer_url=https://www.cian.ru/sale/flat/323510795/
2026-01-14 14:24:53,882 - WARNING - 404 image found | offer_id=38789 | offer_url=https://www.cian.ru/sale/flat/323434677/
2026-01-14 14:24:53,884 - WARNING - 404 image found | offer_id=38793 | offer_url=https://www.cian.ru/sale/flat/323416159/
2026-01-14 14:24:53,884 - WARNING - 404 image found | offer_id=38803 | offer_url=https://www.cian.ru/sale/flat/323387239/
2026-01-14 14:24:53,885 - WARNING - 404 image found | offer_id=38805 | offer_url=https://www.cian.ru/sale/flat/323373921/
2026-01-14 14:24:53,886 - WARNING - 404 image found | offer_id=38804 | offer_url=https://www.cian.ru/sale/flat/323375247/
2026-01-14 14:24:53,887 - WARNING - 404 image found | offer_id=38790 | offer_url=https://www.cian.ru/sale/flat/323430352/
2026-01-14 14:24:53,888 - WARNING - 404 image found | offer_id=38801 | offer_url=https://www.cian.ru/sale/flat/323392925/
2026-01-14 14:24:53,888 - WARNING - 404 image found | offer_id=38808 | offer_url=https://www.cian.ru/sale/flat/323360592/
2026-01-14 14:24:53,890 - WARNING - 404 image found | offer_id=38809 | offer_url=https://www.cian.ru/sale/flat/323360494/
2026-01-14 14:24:53,890 - WARNING - 404 image found | offer_id=38800 | offer_url=https://www.cian.ru/sale/flat/323392985/
2026-01-14 14:24:53,891 - WARNING - 404 image found | offer_id=38812 | offer_url=https://www.cian.ru/sale/flat/323337033/
2026-01-14 14:24:53,894 - WARNING - 404 image found | offer_id=38807 | offer_url=https://www.cian.ru/sale/flat/323363295/
2026-01-14 14:24:53,896 - WARNING - 404 image found | offer_id=38817 | offer_url=https://www.cian.ru/sale/flat/323319704/
2026-01-14 14:24:53,897 - WARNING - 404 image found | offer_id=38819 | offer_url=https://www.cian.ru/sale/flat/323364965/
2026-01-14 14:24:53,897 - WARNING - 404 image found | offer_id=38813 | offer_url=https://www.cian.ru/sale/flat/323333015/
2026-01-14 14:24:53,898 - WARNING - 404 image found | offer_id=38787 | offer_url=https://www.cian.ru/sale/flat/323439757/
2026-01-14 14:24:53,898 - WARNING - 404 image found | offer_id=38820 | offer_url=https://www.cian.ru/sale/flat/323314734/
2026-01-14 14:24:53,900 - WARNING - 404 image found | offer_id=38822 | offer_url=https://www.cian.ru/sale/flat/323307984/
2026-01-14 14:24:53,902 - WARNING - 404 image found | offer_id=38823 | offer_url=https://www.cian.ru/sale/flat/323337967/
2026-01-14 14:24:53,902 - WARNING - 404 image found | offer_id=38827 | offer_url=https://www.cian.ru/sale/flat/323302528/
2026-01-14 14:24:53,903 - WARNING - 404 image found | offer_id=38818 | offer_url=https://www.cian.ru/sale/flat/323315055/
2026-01-14 14:24:53,907 - WARNING - 404 image found | offer_id=38829 | offer_url=https://www.cian.ru/sale/flat/323280384/
2026-01-14 14:24:53,909 - WARNING - 404 image found | offer_id=38834 | offer_url=https://www.cian.ru/sale/flat/323265518/
2026-01-14 14:24:53,909 - WARNING - 404 image found | offer_id=38835 | offer_url=https://www.cian.ru/sale/flat/323263593/
2026-01-14 14:24:53,911 - WARNING - 404 image found | offer_id=38842 | offer_url=https://www.cian.ru/sale/flat/323230002/
2026-01-14 14:24:53,912 - WARNING - 404 image found | offer_id=38832 | offer_url=https://www.cian.ru/sale/flat/323267006/
2026-01-14 14:24:53,915 - WARNING - 404 image found | offer_id=38843 | offer_url=https://www.cian.ru/sale/flat/323229292/
2026-01-14 14:24:53,917 - WARNING - 404 image found | offer_id=38824 | offer_url=https://www.cian.ru/sale/flat/323299718/
2026-01-14 14:24:53,918 - WARNING - 404 image found | offer_id=38840 | offer_url=https://www.cian.ru/sale/flat/323234779/
2026-01-14 14:24:53,923 - WARNING - 404 image found | offer_id=38853 | offer_url=https://www.cian.ru/sale/flat/323189426/
2026-01-14 14:24:53,923 - WARNING - 404 image found | offer_id=38855 | offer_url=https://www.cian.ru/sale/flat/323186086/
2026-01-14 14:24:53,925 - WARNING - 404 image found | offer_id=38848 | offer_url=https://www.cian.ru/sale/flat/323199112/
2026-01-14 14:24:53,926 - WARNING - 404 image found | offer_id=38831 | offer_url=https://www.cian.ru/sale/flat/323269365/
2026-01-14 14:24:53,927 - WARNING - 404 image found | offer_id=38844 | offer_url=https://www.cian.ru/sale/flat/323225562/
2026-01-14 14:24:53,927 - WARNING - 404 image found | offer_id=38845 | offer_url=https://www.cian.ru/sale/flat/323224087/
2026-01-14 14:24:53,927 - WARNING - 404 image found | offer_id=38846 | offer_url=https://www.cian.ru/sale/flat/323208752/
2026-01-14 14:24:53,928 - WARNING - 404 image found | offer_id=38849 | offer_url=https://www.cian.ru/sale/flat/323199069/
2026-01-14 14:24:53,928 - WARNING - 404 image found | offer_id=38851 | offer_url=https://www.cian.ru/sale/flat/323196992/
2026-01-14 14:24:53,929 - WARNING - 404 image found | offer_id=38860 | offer_url=https://www.cian.ru/sale/flat/323156335/
2026-01-14 14:24:53,931 - WARNING - 404 image found | offer_id=38857 | offer_url=https://www.cian.ru/sale/flat/323174938/
2026-01-14 14:24:53,932 - WARNING - 404 image found | offer_id=38861 | offer_url=https://www.cian.ru/sale/flat/323171962/
2026-01-14 14:24:53,934 - WARNING - 404 image found | offer_id=38838 | offer_url=https://www.cian.ru/sale/flat/323241311/
2026-01-14 14:24:53,938 - WARNING - 404 image found | offer_id=38858 | offer_url=https://www.cian.ru/sale/flat/323177696/
2026-01-14 14:24:53,938 - WARNING - 404 image found | offer_id=38859 | offer_url=https://www.cian.ru/sale/flat/323166867/
2026-01-14 14:24:53,939 - WARNING - 404 image found | offer_id=38864 | offer_url=https://www.cian.ru/sale/flat/323149568/
2026-01-14 14:24:53,944 - WARNING - 404 image found | offer_id=38871 | offer_url=https://www.cian.ru/sale/flat/323128405/
2026-01-14 14:24:53,945 - WARNING - 404 image found | offer_id=38867 | offer_url=https://www.cian.ru/sale/flat/323136048/
2026-01-14 14:24:53,947 - WARNING - 404 image found | offer_id=38870 | offer_url=https://www.cian.ru/sale/flat/323130905/
2026-01-14 14:24:53,948 - WARNING - 404 image found | offer_id=38883 | offer_url=https://www.cian.ru/sale/flat/323081846/
2026-01-14 14:24:53,948 - WARNING - 404 image found | offer_id=38879 | offer_url=https://www.cian.ru/sale/flat/323095660/
2026-01-14 14:24:53,949 - WARNING - 404 image found | offer_id=38869 | offer_url=https://www.cian.ru/sale/flat/323133485/
2026-01-14 14:24:53,953 - WARNING - 404 image found | offer_id=38882 | offer_url=https://www.cian.ru/sale/flat/323083542/
2026-01-14 14:24:53,957 - WARNING - 404 image found | offer_id=38814 | offer_url=https://www.cian.ru/sale/flat/323335759/
2026-01-14 14:24:53,958 - WARNING - 404 image found | offer_id=38887 | offer_url=https://www.cian.ru/sale/flat/323052573/
2026-01-14 14:24:53,959 - WARNING - 404 image found | offer_id=38873 | offer_url=https://www.cian.ru/sale/flat/323116590/
2026-01-14 14:24:53,959 - WARNING - 404 image found | offer_id=38892 | offer_url=https://www.cian.ru/sale/flat/323035354/
2026-01-14 14:24:53,959 - WARNING - 404 image found | offer_id=38875 | offer_url=https://www.cian.ru/sale/flat/323097549/
2026-01-14 14:24:53,959 - WARNING - 404 image found | offer_id=38874 | offer_url=https://www.cian.ru/sale/flat/323098865/
2026-01-14 14:24:53,959 - WARNING - 404 image found | offer_id=38877 | offer_url=https://www.cian.ru/sale/flat/323096290/
2026-01-14 14:24:53,963 - WARNING - 404 image found | offer_id=38897 | offer_url=https://www.cian.ru/sale/flat/323033500/
2026-01-14 14:24:53,963 - WARNING - 404 image found | offer_id=38893 | offer_url=https://www.cian.ru/sale/flat/323035124/
2026-01-14 14:24:53,965 - WARNING - 404 image found | offer_id=38889 | offer_url=https://www.cian.ru/sale/flat/323051362/
2026-01-14 14:24:53,966 - WARNING - 404 image found | offer_id=38896 | offer_url=https://www.cian.ru/sale/flat/323031002/
2026-01-14 14:24:53,967 - WARNING - 404 image found | offer_id=38886 | offer_url=https://www.cian.ru/sale/flat/323055881/
2026-01-14 14:24:53,969 - WARNING - 404 image found | offer_id=38898 | offer_url=https://www.cian.ru/sale/flat/323024816/
2026-01-14 14:24:53,970 - WARNING - 404 image found | offer_id=38905 | offer_url=https://www.cian.ru/sale/flat/323002805/
2026-01-14 14:24:53,971 - WARNING - 404 image found | offer_id=38904 | offer_url=https://www.cian.ru/sale/flat/323006184/
2026-01-14 14:24:53,972 - WARNING - 404 image found | offer_id=38907 | offer_url=https://www.cian.ru/sale/flat/322993904/
2026-01-14 14:24:53,974 - WARNING - 404 image found | offer_id=38901 | offer_url=https://www.cian.ru/sale/flat/323015792/
2026-01-14 14:24:53,976 - WARNING - 404 image found | offer_id=38878 | offer_url=https://www.cian.ru/sale/flat/323096242/
2026-01-14 14:24:53,977 - WARNING - 404 image found | offer_id=38909 | offer_url=https://www.cian.ru/sale/flat/322976741/
2026-01-14 14:24:53,977 - WARNING - 404 image found | offer_id=38911 | offer_url=https://www.cian.ru/sale/flat/322970337/
2026-01-14 14:24:53,977 - WARNING - 404 image found | offer_id=38906 | offer_url=https://www.cian.ru/sale/flat/323000783/
2026-01-14 14:24:53,978 - WARNING - 404 image found | offer_id=38903 | offer_url=https://www.cian.ru/sale/flat/323006561/
2026-01-14 14:24:53,980 - WARNING - 404 image found | offer_id=38915 | offer_url=https://www.cian.ru/sale/flat/322935024/
2026-01-14 14:24:53,981 - WARNING - 404 image found | offer_id=38918 | offer_url=https://www.cian.ru/sale/flat/322927197/
2026-01-14 14:24:53,982 - WARNING - 404 image found | offer_id=38921 | offer_url=https://www.cian.ru/sale/flat/322918113/
2026-01-14 14:24:53,983 - WARNING - 404 image found | offer_id=38912 | offer_url=https://www.cian.ru/sale/flat/322974021/
2026-01-14 14:24:53,984 - WARNING - 404 image found | offer_id=38910 | offer_url=https://www.cian.ru/sale/flat/322974500/
2026-01-14 14:24:53,985 - WARNING - 404 image found | offer_id=38908 | offer_url=https://www.cian.ru/sale/flat/322977981/
2026-01-14 14:24:53,986 - WARNING - 404 image found | offer_id=38923 | offer_url=https://www.cian.ru/sale/flat/322900084/
2026-01-14 14:24:53,986 - WARNING - 404 image found | offer_id=38920 | offer_url=https://www.cian.ru/sale/flat/322921198/
2026-01-14 14:24:53,987 - WARNING - 404 image found | offer_id=38919 | offer_url=https://www.cian.ru/sale/flat/322918472/
2026-01-14 14:24:53,994 - WARNING - 404 image found | offer_id=38925 | offer_url=https://www.cian.ru/sale/flat/322896452/
2026-01-14 14:24:54,000 - WARNING - 404 image found | offer_id=38941 | offer_url=https://www.cian.ru/sale/flat/322829413/
2026-01-14 14:24:54,001 - WARNING - 404 image found | offer_id=38934 | offer_url=https://www.cian.ru/sale/flat/322859777/
2026-01-14 14:24:54,003 - WARNING - 404 image found | offer_id=38916 | offer_url=https://www.cian.ru/sale/flat/322948272/
2026-01-14 14:24:54,003 - WARNING - 404 image found | offer_id=38939 | offer_url=https://www.cian.ru/sale/flat/322832205/
2026-01-14 14:24:54,003 - WARNING - 404 image found | offer_id=38944 | offer_url=https://www.cian.ru/sale/flat/322817565/
2026-01-14 14:24:54,004 - WARNING - 404 image found | offer_id=38929 | offer_url=https://www.cian.ru/sale/flat/322879623/
2026-01-14 14:24:54,005 - WARNING - 404 image found | offer_id=38936 | offer_url=https://www.cian.ru/sale/flat/322850891/
2026-01-14 14:24:54,006 - WARNING - 404 image found | offer_id=38931 | offer_url=https://www.cian.ru/sale/flat/322873604/
2026-01-14 14:24:54,018 - WARNING - 404 image found | offer_id=38947 | offer_url=https://www.cian.ru/sale/flat/322802808/
2026-01-14 14:24:54,018 - WARNING - 404 image found | offer_id=38957 | offer_url=https://www.cian.ru/sale/flat/322777505/
2026-01-14 14:24:54,018 - WARNING - 404 image found | offer_id=38933 | offer_url=https://www.cian.ru/sale/flat/322859986/
2026-01-14 14:24:54,019 - WARNING - 404 image found | offer_id=38951 | offer_url=https://www.cian.ru/sale/flat/322788897/
2026-01-14 14:24:54,019 - WARNING - 404 image found | offer_id=38960 | offer_url=https://www.cian.ru/sale/flat/322739045/
2026-01-14 14:24:54,019 - WARNING - 404 image found | offer_id=38956 | offer_url=https://www.cian.ru/sale/flat/322765574/
2026-01-14 14:24:54,019 - WARNING - 404 image found | offer_id=38961 | offer_url=https://www.cian.ru/sale/flat/322739043/
2026-01-14 14:24:54,022 - WARNING - 404 image found | offer_id=38966 | offer_url=https://www.cian.ru/sale/flat/322699439/
2026-01-14 14:24:54,023 - WARNING - 404 image found | offer_id=38972 | offer_url=https://www.cian.ru/sale/flat/322607558/
2026-01-14 14:24:54,023 - WARNING - 404 image found | offer_id=38970 | offer_url=https://www.cian.ru/sale/flat/322640950/
2026-01-14 14:24:54,024 - WARNING - 404 image found | offer_id=38978 | offer_url=https://www.cian.ru/sale/flat/322562967/
2026-01-14 14:24:54,024 - WARNING - 404 image found | offer_id=38977 | offer_url=https://www.cian.ru/sale/flat/322571681/
2026-01-14 14:24:54,028 - WARNING - 404 image found | offer_id=38964 | offer_url=https://www.cian.ru/sale/flat/322723932/
2026-01-14 14:24:54,029 - WARNING - 404 image found | offer_id=38963 | offer_url=https://www.cian.ru/sale/flat/322729775/
2026-01-14 14:24:54,035 - WARNING - 404 image found | offer_id=38513 | offer_url=https://www.cian.ru/sale/flat/321976704/
2026-01-14 14:24:54,036 - WARNING - 404 image found | offer_id=38967 | offer_url=https://www.cian.ru/sale/flat/322703571/
2026-01-14 14:24:54,038 - WARNING - 404 image found | offer_id=38992 | offer_url=https://www.cian.ru/sale/flat/322483750/
2026-01-14 14:24:54,038 - WARNING - 404 image found | offer_id=38987 | offer_url=https://www.cian.ru/sale/flat/322511568/
2026-01-14 14:24:54,039 - WARNING - 404 image found | offer_id=38979 | offer_url=https://www.cian.ru/sale/flat/322577674/
2026-01-14 14:24:54,041 - WARNING - 404 image found | offer_id=38982 | offer_url=https://www.cian.ru/sale/flat/322548154/
2026-01-14 14:24:54,042 - WARNING - 404 image found | offer_id=39000 | offer_url=https://www.cian.ru/sale/flat/322408065/
2026-01-14 14:24:54,043 - WARNING - 404 image found | offer_id=38991 | offer_url=https://www.cian.ru/sale/flat/322486840/
2026-01-14 14:24:54,044 - WARNING - 404 image found | offer_id=38981 | offer_url=https://www.cian.ru/sale/flat/322553187/
2026-01-14 14:24:54,044 - WARNING - 404 image found | offer_id=39003 | offer_url=https://www.cian.ru/sale/flat/322395115/
2026-01-14 14:24:54,045 - WARNING - 404 image found | offer_id=38990 | offer_url=https://www.cian.ru/sale/flat/322498089/
2026-01-14 14:24:54,045 - WARNING - 404 image found | offer_id=38997 | offer_url=https://www.cian.ru/sale/flat/322427356/
2026-01-14 14:24:54,047 - WARNING - 404 image found | offer_id=39002 | offer_url=https://www.cian.ru/sale/flat/322398254/
2026-01-14 14:24:54,051 - WARNING - 404 image found | offer_id=38986 | offer_url=https://www.cian.ru/sale/flat/322527379/
2026-01-14 14:24:54,057 - WARNING - 404 image found | offer_id=39007 | offer_url=https://www.cian.ru/sale/flat/322371728/
2026-01-14 14:24:54,059 - WARNING - 404 image found | offer_id=39016 | offer_url=https://www.cian.ru/sale/flat/322290191/
2026-01-14 14:24:54,059 - WARNING - 404 image found | offer_id=39010 | offer_url=https://www.cian.ru/sale/flat/322361566/
2026-01-14 14:24:54,062 - WARNING - 404 image found | offer_id=39005 | offer_url=https://www.cian.ru/sale/flat/322376656/
2026-01-14 14:24:54,064 - WARNING - 404 image found | offer_id=39009 | offer_url=https://www.cian.ru/sale/flat/322365145/
2026-01-14 14:24:54,066 - WARNING - 404 image found | offer_id=39025 | offer_url=https://www.cian.ru/sale/flat/322155625/
2026-01-14 14:24:54,077 - WARNING - 404 image found | offer_id=39020 | offer_url=https://www.cian.ru/sale/flat/322250658/
2026-01-14 14:24:54,078 - WARNING - 404 image found | offer_id=39029 | offer_url=https://www.cian.ru/sale/flat/322121999/
2026-01-14 14:24:54,078 - WARNING - 404 image found | offer_id=39032 | offer_url=https://www.cian.ru/sale/flat/322097498/
2026-01-14 14:24:54,078 - WARNING - 404 image found | offer_id=39027 | offer_url=https://www.cian.ru/sale/flat/322135306/
2026-01-14 14:24:54,079 - WARNING - 404 image found | offer_id=39033 | offer_url=https://www.cian.ru/sale/flat/322091816/
2026-01-14 14:24:54,090 - WARNING - 404 image found | offer_id=39031 | offer_url=https://www.cian.ru/sale/flat/322098908/
2026-01-14 14:24:54,098 - WARNING - 404 image found | offer_id=39030 | offer_url=https://www.cian.ru/sale/flat/322101135/
2026-01-14 14:24:54,149 - WARNING - 404 image found | offer_id=38999 | offer_url=https://www.cian.ru/sale/flat/322413233/
2026-01-14 14:24:54,158 - INFO - checked=10000, 404=5898, deleted=5799, deactivated=1, speed=311.6/s
2026-01-14 14:24:54,158 - INFO - Batch #21, last_id=39034
2026-01-14 14:24:54,184 - WARNING - 404 image found | offer_id=39052 | offer_url=https://www.cian.ru/sale/flat/321871422/
2026-01-14 14:24:54,185 - WARNING - 404 image found | offer_id=39041 | offer_url=https://www.cian.ru/sale/flat/322040058/
2026-01-14 14:24:54,187 - WARNING - 404 image found | offer_id=39054 | offer_url=https://www.cian.ru/sale/flat/321838968/
2026-01-14 14:24:54,187 - WARNING - 404 image found | offer_id=39037 | offer_url=https://www.cian.ru/sale/flat/322058192/
2026-01-14 14:24:54,188 - WARNING - 404 image found | offer_id=39058 | offer_url=https://www.cian.ru/sale/flat/321758112/
2026-01-14 14:24:54,188 - WARNING - 404 image found | offer_id=39059 | offer_url=https://www.cian.ru/sale/flat/321755958/
2026-01-14 14:24:54,189 - WARNING - 404 image found | offer_id=39038 | offer_url=https://www.cian.ru/sale/flat/322056689/
2026-01-14 14:24:54,189 - WARNING - 404 image found | offer_id=39049 | offer_url=https://www.cian.ru/sale/flat/321908495/
2026-01-14 14:24:54,190 - WARNING - 404 image found | offer_id=39043 | offer_url=https://www.cian.ru/sale/flat/321996394/
2026-01-14 14:24:54,191 - WARNING - 404 image found | offer_id=39044 | offer_url=https://www.cian.ru/sale/flat/321953706/
2026-01-14 14:24:54,191 - WARNING - 404 image found | offer_id=39039 | offer_url=https://www.cian.ru/sale/flat/322042433/
2026-01-14 14:24:54,192 - WARNING - 404 image found | offer_id=39057 | offer_url=https://www.cian.ru/sale/flat/321787694/
2026-01-14 14:24:54,192 - WARNING - 404 image found | offer_id=39055 | offer_url=https://www.cian.ru/sale/flat/321824679/
2026-01-14 14:24:54,195 - WARNING - 404 image found | offer_id=39061 | offer_url=https://www.cian.ru/sale/flat/321751327/
2026-01-14 14:24:54,197 - WARNING - 404 image found | offer_id=39063 | offer_url=https://www.cian.ru/sale/flat/321749903/
2026-01-14 14:24:54,197 - WARNING - 404 image found | offer_id=39053 | offer_url=https://www.cian.ru/sale/flat/321864485/
2026-01-14 14:24:54,198 - WARNING - 404 image found | offer_id=39064 | offer_url=https://www.cian.ru/sale/flat/321735956/
2026-01-14 14:24:54,202 - WARNING - 404 image found | offer_id=39062 | offer_url=https://www.cian.ru/sale/flat/321750861/
2026-01-14 14:24:54,203 - WARNING - 404 image found | offer_id=39065 | offer_url=https://www.cian.ru/sale/flat/321715426/
2026-01-14 14:24:54,205 - WARNING - 404 image found | offer_id=39071 | offer_url=https://www.cian.ru/sale/flat/321655568/
2026-01-14 14:24:54,205 - WARNING - 404 image found | offer_id=39073 | offer_url=https://www.cian.ru/sale/flat/321608077/
2026-01-14 14:24:54,206 - WARNING - 404 image found | offer_id=39074 | offer_url=https://www.cian.ru/sale/flat/321592052/
2026-01-14 14:24:54,206 - WARNING - 404 image found | offer_id=39069 | offer_url=https://www.cian.ru/sale/flat/321708514/
2026-01-14 14:24:54,210 - WARNING - 404 image found | offer_id=39080 | offer_url=https://www.cian.ru/sale/flat/321482780/
2026-01-14 14:24:54,212 - WARNING - 404 image found | offer_id=39066 | offer_url=https://www.cian.ru/sale/flat/321699435/
2026-01-14 14:24:54,212 - WARNING - 404 image found | offer_id=39068 | offer_url=https://www.cian.ru/sale/flat/321665237/
2026-01-14 14:24:54,213 - WARNING - 404 image found | offer_id=39078 | offer_url=https://www.cian.ru/sale/flat/321484199/
2026-01-14 14:24:54,213 - WARNING - 404 image found | offer_id=39087 | offer_url=https://www.cian.ru/sale/flat/321375943/
2026-01-14 14:24:54,217 - WARNING - 404 image found | offer_id=39085 | offer_url=https://www.cian.ru/sale/flat/321427414/
2026-01-14 14:24:54,217 - WARNING - 404 image found | offer_id=39086 | offer_url=https://www.cian.ru/sale/flat/321426879/
2026-01-14 14:24:54,218 - WARNING - 404 image found | offer_id=39084 | offer_url=https://www.cian.ru/sale/flat/321426960/
2026-01-14 14:24:54,222 - WARNING - 404 image found | offer_id=39098 | offer_url=https://www.cian.ru/sale/flat/321183594/
2026-01-14 14:24:54,223 - WARNING - 404 image found | offer_id=39082 | offer_url=https://www.cian.ru/sale/flat/321472849/
2026-01-14 14:24:54,225 - WARNING - 404 image found | offer_id=39081 | offer_url=https://www.cian.ru/sale/flat/321470640/
2026-01-14 14:24:54,225 - WARNING - 404 image found | offer_id=39097 | offer_url=https://www.cian.ru/sale/flat/321186610/
2026-01-14 14:24:54,228 - WARNING - 404 image found | offer_id=39095 | offer_url=https://www.cian.ru/sale/flat/321200372/
2026-01-14 14:24:54,229 - WARNING - 404 image found | offer_id=39089 | offer_url=https://www.cian.ru/sale/flat/321285603/
2026-01-14 14:24:54,230 - WARNING - 404 image found | offer_id=39060 | offer_url=https://www.cian.ru/sale/flat/321753852/
2026-01-14 14:24:54,231 - WARNING - 404 image found | offer_id=39102 | offer_url=https://www.cian.ru/sale/flat/321150820/
2026-01-14 14:24:54,231 - WARNING - 404 image found | offer_id=39106 | offer_url=https://www.cian.ru/sale/flat/321102108/
2026-01-14 14:24:54,232 - WARNING - 404 image found | offer_id=39107 | offer_url=https://www.cian.ru/sale/flat/321079634/
2026-01-14 14:24:54,233 - WARNING - 404 image found | offer_id=39103 | offer_url=https://www.cian.ru/sale/flat/321127736/
2026-01-14 14:24:54,234 - WARNING - 404 image found | offer_id=39114 | offer_url=https://www.cian.ru/sale/flat/320995892/
2026-01-14 14:24:54,243 - WARNING - 404 image found | offer_id=39120 | offer_url=https://www.cian.ru/sale/flat/320800126/
2026-01-14 14:24:54,244 - WARNING - 404 image found | offer_id=39110 | offer_url=https://www.cian.ru/sale/flat/321034017/
2026-01-14 14:24:54,248 - WARNING - 404 image found | offer_id=39108 | offer_url=https://www.cian.ru/sale/flat/321106222/
2026-01-14 14:24:54,249 - WARNING - 404 image found | offer_id=39096 | offer_url=https://www.cian.ru/sale/flat/321191658/
2026-01-14 14:24:54,249 - WARNING - 404 image found | offer_id=39127 | offer_url=https://www.cian.ru/sale/flat/320695444/
2026-01-14 14:24:54,250 - WARNING - 404 image found | offer_id=39115 | offer_url=https://www.cian.ru/sale/flat/320982356/
2026-01-14 14:24:54,251 - WARNING - 404 image found | offer_id=39117 | offer_url=https://www.cian.ru/sale/flat/320906083/
2026-01-14 14:24:54,253 - WARNING - 404 image found | offer_id=39126 | offer_url=https://www.cian.ru/sale/flat/320703331/
2026-01-14 14:24:54,256 - WARNING - 404 image found | offer_id=39136 | offer_url=https://www.cian.ru/sale/flat/320414323/
2026-01-14 14:24:54,260 - WARNING - 404 image found | offer_id=39130 | offer_url=https://www.cian.ru/sale/flat/320671336/
2026-01-14 14:24:54,261 - WARNING - 404 image found | offer_id=39137 | offer_url=https://www.cian.ru/sale/flat/320410512/
2026-01-14 14:24:54,262 - WARNING - 404 image found | offer_id=39141 | offer_url=https://www.cian.ru/sale/flat/320318051/
2026-01-14 14:24:54,263 - WARNING - 404 image found | offer_id=39139 | offer_url=https://www.cian.ru/sale/flat/320329486/
2026-01-14 14:24:54,266 - WARNING - 404 image found | offer_id=39133 | offer_url=https://www.cian.ru/sale/flat/320509654/
2026-01-14 14:24:54,267 - WARNING - 404 image found | offer_id=39143 | offer_url=https://www.cian.ru/sale/flat/320291109/
2026-01-14 14:24:54,268 - WARNING - 404 image found | offer_id=39145 | offer_url=https://www.cian.ru/sale/flat/320264723/
2026-01-14 14:24:54,269 - WARNING - 404 image found | offer_id=39151 | offer_url=https://www.cian.ru/sale/flat/320123938/
2026-01-14 14:24:54,270 - WARNING - 404 image found | offer_id=39140 | offer_url=https://www.cian.ru/sale/flat/320339539/
2026-01-14 14:24:54,271 - WARNING - 404 image found | offer_id=39142 | offer_url=https://www.cian.ru/sale/flat/320312477/
2026-01-14 14:24:54,272 - WARNING - 404 image found | offer_id=39148 | offer_url=https://www.cian.ru/sale/flat/320219005/
2026-01-14 14:24:54,273 - WARNING - 404 image found | offer_id=39147 | offer_url=https://www.cian.ru/sale/flat/320247456/
2026-01-14 14:24:54,276 - WARNING - 404 image found | offer_id=39157 | offer_url=https://www.cian.ru/sale/flat/319994883/
2026-01-14 14:24:54,283 - WARNING - 404 image found | offer_id=39154 | offer_url=https://www.cian.ru/sale/flat/320062726/
2026-01-14 14:24:54,286 - WARNING - 404 image found | offer_id=39158 | offer_url=https://www.cian.ru/sale/flat/319987637/
2026-01-14 14:24:54,287 - WARNING - 404 image found | offer_id=39161 | offer_url=https://www.cian.ru/sale/flat/319755359/
2026-01-14 14:24:54,288 - WARNING - 404 image found | offer_id=39163 | offer_url=https://www.cian.ru/sale/flat/319656918/
2026-01-14 14:24:54,289 - WARNING - 404 image found | offer_id=39159 | offer_url=https://www.cian.ru/sale/flat/319802448/
2026-01-14 14:24:54,289 - WARNING - 404 image found | offer_id=39113 | offer_url=https://www.cian.ru/sale/flat/321014016/
2026-01-14 14:24:54,290 - WARNING - 404 image found | offer_id=39165 | offer_url=https://www.cian.ru/sale/flat/319613349/
2026-01-14 14:24:54,293 - WARNING - 404 image found | offer_id=39170 | offer_url=https://www.cian.ru/sale/flat/319424452/
2026-01-14 14:24:54,294 - WARNING - 404 image found | offer_id=39180 | offer_url=https://www.cian.ru/sale/flat/318949320/
2026-01-14 14:24:54,294 - WARNING - 404 image found | offer_id=39178 | offer_url=https://www.cian.ru/sale/flat/319149234/
2026-01-14 14:24:54,296 - WARNING - 404 image found | offer_id=39166 | offer_url=https://www.cian.ru/sale/flat/319563562/
2026-01-14 14:24:54,300 - WARNING - 404 image found | offer_id=39177 | offer_url=https://www.cian.ru/sale/flat/319191758/
2026-01-14 14:24:54,301 - WARNING - 404 image found | offer_id=39181 | offer_url=https://www.cian.ru/sale/flat/318967359/
2026-01-14 14:24:54,302 - WARNING - 404 image found | offer_id=39184 | offer_url=https://www.cian.ru/sale/flat/318809627/
2026-01-14 14:24:54,303 - WARNING - 404 image found | offer_id=39186 | offer_url=https://www.cian.ru/sale/flat/318655492/
2026-01-14 14:24:54,304 - WARNING - 404 image found | offer_id=39182 | offer_url=https://www.cian.ru/sale/flat/318902495/
2026-01-14 14:24:54,305 - WARNING - 404 image found | offer_id=39155 | offer_url=https://www.cian.ru/sale/flat/320019792/
2026-01-14 14:24:54,309 - WARNING - 404 image found | offer_id=39187 | offer_url=https://www.cian.ru/sale/flat/318570521/
2026-01-14 14:24:54,312 - WARNING - 404 image found | offer_id=39198 | offer_url=https://www.cian.ru/sale/flat/317604957/
2026-01-14 14:24:54,313 - WARNING - 404 image found | offer_id=39072 | offer_url=https://www.cian.ru/sale/flat/321607310/
2026-01-14 14:24:54,314 - WARNING - 404 image found | offer_id=39199 | offer_url=https://www.cian.ru/sale/flat/317470519/
2026-01-14 14:24:54,319 - WARNING - 404 image found | offer_id=39200 | offer_url=https://www.cian.ru/sale/flat/317383140/
2026-01-14 14:24:54,320 - WARNING - 404 image found | offer_id=39206 | offer_url=https://www.cian.ru/sale/flat/316948609/
2026-01-14 14:24:54,320 - WARNING - 404 image found | offer_id=39203 | offer_url=https://www.cian.ru/sale/flat/317082303/
2026-01-14 14:24:54,321 - WARNING - 404 image found | offer_id=39189 | offer_url=https://www.cian.ru/sale/flat/318301431/
2026-01-14 14:24:54,321 - WARNING - 404 image found | offer_id=39146 | offer_url=https://www.cian.ru/sale/flat/320249221/
2026-01-14 14:24:54,322 - WARNING - 404 image found | offer_id=39209 | offer_url=https://www.cian.ru/sale/flat/316210449/
2026-01-14 14:24:54,325 - WARNING - 404 image found | offer_id=39211 | offer_url=https://www.cian.ru/sale/flat/315958987/
2026-01-14 14:24:54,325 - WARNING - 404 image found | offer_id=39202 | offer_url=https://www.cian.ru/sale/flat/317118992/
2026-01-14 14:24:54,331 - WARNING - 404 image found | offer_id=39223 | offer_url=https://www.cian.ru/sale/flat/314622110/
2026-01-14 14:24:54,332 - WARNING - 404 image found | offer_id=39219 | offer_url=https://www.cian.ru/sale/flat/315210581/
2026-01-14 14:24:54,334 - WARNING - 404 image found | offer_id=39220 | offer_url=https://www.cian.ru/sale/flat/314792240/
2026-01-14 14:24:54,351 - WARNING - 404 image found | offer_id=39239 | offer_url=https://www.cian.ru/sale/flat/310062003/
2026-01-14 14:24:54,351 - WARNING - 404 image found | offer_id=39218 | offer_url=https://www.cian.ru/sale/flat/314974275/
2026-01-14 14:24:54,351 - WARNING - 404 image found | offer_id=39244 | offer_url=https://www.cian.ru/sale/flat/307738903/
2026-01-14 14:24:54,352 - WARNING - 404 image found | offer_id=39242 | offer_url=https://www.cian.ru/sale/flat/309125760/
2026-01-14 14:24:54,353 - WARNING - 404 image found | offer_id=39125 | offer_url=https://www.cian.ru/sale/flat/320725480/
2026-01-14 14:24:54,354 - WARNING - 404 image found | offer_id=39248 | offer_url=https://www.cian.ru/sale/flat/305366764/
2026-01-14 14:24:54,355 - WARNING - 404 image found | offer_id=39247 | offer_url=https://www.cian.ru/sale/flat/305931250/
2026-01-14 14:24:54,357 - WARNING - 404 image found | offer_id=39256 | offer_url=https://www.cian.ru/sale/flat/298777887/
2026-01-14 14:24:54,359 - WARNING - 404 image found | offer_id=39257 | offer_url=https://www.cian.ru/sale/flat/297230115/
2026-01-14 14:24:54,364 - WARNING - 404 image found | offer_id=39262 | offer_url=https://www.cian.ru/sale/flat/293235647/
2026-01-14 14:24:54,365 - WARNING - 404 image found | offer_id=39260 | offer_url=https://www.cian.ru/sale/flat/294871545/
2026-01-14 14:24:54,373 - WARNING - 404 image found | offer_id=39264 | offer_url=https://www.cian.ru/sale/flat/292377417/
2026-01-14 14:24:54,374 - WARNING - 404 image found | offer_id=39278 | offer_url=https://www.cian.ru/sale/flat/323593149/
2026-01-14 14:24:54,375 - WARNING - 404 image found | offer_id=39279 | offer_url=https://www.cian.ru/sale/flat/323592803/
2026-01-14 14:24:54,376 - WARNING - 404 image found | offer_id=39263 | offer_url=https://www.cian.ru/sale/flat/292588680/
2026-01-14 14:24:54,376 - WARNING - 404 image found | offer_id=39272 | offer_url=https://www.cian.ru/sale/flat/323626763/
2026-01-14 14:24:54,377 - WARNING - 404 image found | offer_id=39274 | offer_url=https://www.cian.ru/sale/flat/323621873/
2026-01-14 14:24:54,378 - WARNING - 404 image found | offer_id=39269 | offer_url=https://www.cian.ru/sale/flat/323655485/
2026-01-14 14:24:54,380 - WARNING - 404 image found | offer_id=39235 | offer_url=https://www.cian.ru/sale/flat/311375928/
2026-01-14 14:24:54,380 - WARNING - 404 image found | offer_id=39266 | offer_url=https://www.cian.ru/sale/flat/255019240/
2026-01-14 14:24:54,381 - WARNING - 404 image found | offer_id=39282 | offer_url=https://www.cian.ru/sale/flat/323568365/
2026-01-14 14:24:54,382 - WARNING - 404 image found | offer_id=39277 | offer_url=https://www.cian.ru/sale/flat/323597842/
2026-01-14 14:24:54,382 - WARNING - 404 image found | offer_id=39273 | offer_url=https://www.cian.ru/sale/flat/323623545/
2026-01-14 14:24:54,383 - WARNING - 404 image found | offer_id=39271 | offer_url=https://www.cian.ru/sale/flat/323633472/
2026-01-14 14:24:54,397 - WARNING - 404 image found | offer_id=39296 | offer_url=https://www.cian.ru/sale/flat/323481428/
2026-01-14 14:24:54,397 - WARNING - 404 image found | offer_id=39289 | offer_url=https://www.cian.ru/sale/flat/323523765/
2026-01-14 14:24:54,397 - WARNING - 404 image found | offer_id=39286 | offer_url=https://www.cian.ru/sale/flat/323537724/
2026-01-14 14:24:54,399 - WARNING - 404 image found | offer_id=39281 | offer_url=https://www.cian.ru/sale/flat/323577746/
2026-01-14 14:24:54,399 - WARNING - 404 image found | offer_id=39285 | offer_url=https://www.cian.ru/sale/flat/323549866/
2026-01-14 14:24:54,399 - WARNING - 404 image found | offer_id=39254 | offer_url=https://www.cian.ru/sale/flat/301528537/
2026-01-14 14:24:54,400 - WARNING - 404 image found | offer_id=39294 | offer_url=https://www.cian.ru/sale/flat/323487110/
2026-01-14 14:24:54,400 - WARNING - 404 image found | offer_id=39300 | offer_url=https://www.cian.ru/sale/flat/323456064/
2026-01-14 14:24:54,401 - WARNING - 404 image found | offer_id=39303 | offer_url=https://www.cian.ru/sale/flat/323419525/
2026-01-14 14:24:54,401 - WARNING - 404 image found | offer_id=39305 | offer_url=https://www.cian.ru/sale/flat/323418645/
2026-01-14 14:24:54,403 - WARNING - 404 image found | offer_id=39307 | offer_url=https://www.cian.ru/sale/flat/323398582/
2026-01-14 14:24:54,403 - WARNING - 404 image found | offer_id=39304 | offer_url=https://www.cian.ru/sale/flat/323418734/
2026-01-14 14:24:54,403 - WARNING - 404 image found | offer_id=39306 | offer_url=https://www.cian.ru/sale/flat/323400965/
2026-01-14 14:24:54,404 - WARNING - 404 image found | offer_id=39295 | offer_url=https://www.cian.ru/sale/flat/323481451/
2026-01-14 14:24:54,404 - WARNING - 404 image found | offer_id=39301 | offer_url=https://www.cian.ru/sale/flat/323450487/
2026-01-14 14:24:54,416 - WARNING - 404 image found | offer_id=39291 | offer_url=https://www.cian.ru/sale/flat/323523644/
2026-01-14 14:24:54,417 - WARNING - 404 image found | offer_id=39320 | offer_url=https://www.cian.ru/sale/flat/323349128/
2026-01-14 14:24:54,418 - WARNING - 404 image found | offer_id=39311 | offer_url=https://www.cian.ru/sale/flat/323378089/
2026-01-14 14:24:54,420 - WARNING - 404 image found | offer_id=39322 | offer_url=https://www.cian.ru/sale/flat/323356402/
2026-01-14 14:24:54,421 - WARNING - 404 image found | offer_id=39309 | offer_url=https://www.cian.ru/sale/flat/323394978/
2026-01-14 14:24:54,422 - WARNING - 404 image found | offer_id=39324 | offer_url=https://www.cian.ru/sale/flat/323322458/
2026-01-14 14:24:54,423 - WARNING - 404 image found | offer_id=39315 | offer_url=https://www.cian.ru/sale/flat/323369158/
2026-01-14 14:24:54,423 - WARNING - 404 image found | offer_id=39310 | offer_url=https://www.cian.ru/sale/flat/323392920/
2026-01-14 14:24:54,424 - WARNING - 404 image found | offer_id=39321 | offer_url=https://www.cian.ru/sale/flat/323340194/
2026-01-14 14:24:54,424 - WARNING - 404 image found | offer_id=39316 | offer_url=https://www.cian.ru/sale/flat/323364960/
2026-01-14 14:24:54,425 - WARNING - 404 image found | offer_id=39228 | offer_url=https://www.cian.ru/sale/flat/313440385/
2026-01-14 14:24:54,427 - WARNING - 404 image found | offer_id=39328 | offer_url=https://www.cian.ru/sale/flat/323315570/
2026-01-14 14:24:54,437 - WARNING - 404 image found | offer_id=39344 | offer_url=https://www.cian.ru/sale/flat/323260423/
2026-01-14 14:24:54,438 - WARNING - 404 image found | offer_id=39335 | offer_url=https://www.cian.ru/sale/flat/323284299/
2026-01-14 14:24:54,442 - WARNING - 404 image found | offer_id=39331 | offer_url=https://www.cian.ru/sale/flat/323307777/
2026-01-14 14:24:54,442 - WARNING - 404 image found | offer_id=39232 | offer_url=https://www.cian.ru/sale/flat/312665871/
2026-01-14 14:24:54,442 - WARNING - 404 image found | offer_id=39332 | offer_url=https://www.cian.ru/sale/flat/323306141/
2026-01-14 14:24:54,443 - WARNING - 404 image found | offer_id=39323 | offer_url=https://www.cian.ru/sale/flat/323322652/
2026-01-14 14:24:54,444 - WARNING - 404 image found | offer_id=39342 | offer_url=https://www.cian.ru/sale/flat/323262206/
2026-01-14 14:24:54,444 - WARNING - 404 image found | offer_id=39339 | offer_url=https://www.cian.ru/sale/flat/323267782/
2026-01-14 14:24:54,444 - WARNING - 404 image found | offer_id=39349 | offer_url=https://www.cian.ru/sale/flat/323231044/
2026-01-14 14:24:54,447 - WARNING - 404 image found | offer_id=39354 | offer_url=https://www.cian.ru/sale/flat/323206898/
2026-01-14 14:24:54,449 - WARNING - 404 image found | offer_id=39308 | offer_url=https://www.cian.ru/sale/flat/323397299/
2026-01-14 14:24:54,451 - WARNING - 404 image found | offer_id=39347 | offer_url=https://www.cian.ru/sale/flat/323266806/
2026-01-14 14:24:54,453 - WARNING - 404 image found | offer_id=39358 | offer_url=https://www.cian.ru/sale/flat/323192518/
2026-01-14 14:24:54,454 - WARNING - 404 image found | offer_id=39350 | offer_url=https://www.cian.ru/sale/flat/323259429/
2026-01-14 14:24:54,454 - WARNING - 404 image found | offer_id=39353 | offer_url=https://www.cian.ru/sale/flat/323207273/
2026-01-14 14:24:54,455 - WARNING - 404 image found | offer_id=39361 | offer_url=https://www.cian.ru/sale/flat/323181089/
2026-01-14 14:24:54,455 - WARNING - 404 image found | offer_id=39345 | offer_url=https://www.cian.ru/sale/flat/323251692/
2026-01-14 14:24:54,456 - WARNING - 404 image found | offer_id=39343 | offer_url=https://www.cian.ru/sale/flat/323262917/
2026-01-14 14:24:54,457 - WARNING - 404 image found | offer_id=39351 | offer_url=https://www.cian.ru/sale/flat/323230329/
2026-01-14 14:24:54,458 - WARNING - 404 image found | offer_id=39360 | offer_url=https://www.cian.ru/sale/flat/323184386/
2026-01-14 14:24:54,459 - WARNING - 404 image found | offer_id=39355 | offer_url=https://www.cian.ru/sale/flat/323203496/
2026-01-14 14:24:54,461 - WARNING - 404 image found | offer_id=39362 | offer_url=https://www.cian.ru/sale/flat/323177671/
2026-01-14 14:24:54,463 - WARNING - 404 image found | offer_id=39366 | offer_url=https://www.cian.ru/sale/flat/323162355/
2026-01-14 14:24:54,463 - WARNING - 404 image found | offer_id=39369 | offer_url=https://www.cian.ru/sale/flat/323156674/
2026-01-14 14:24:54,466 - WARNING - 404 image found | offer_id=39365 | offer_url=https://www.cian.ru/sale/flat/323164801/
2026-01-14 14:24:54,469 - WARNING - 404 image found | offer_id=39373 | offer_url=https://www.cian.ru/sale/flat/323114948/
2026-01-14 14:24:54,469 - WARNING - 404 image found | offer_id=39367 | offer_url=https://www.cian.ru/sale/flat/323159289/
2026-01-14 14:24:54,471 - WARNING - 404 image found | offer_id=39376 | offer_url=https://www.cian.ru/sale/flat/323097667/
2026-01-14 14:24:54,473 - WARNING - 404 image found | offer_id=39363 | offer_url=https://www.cian.ru/sale/flat/323172919/
2026-01-14 14:24:54,474 - WARNING - 404 image found | offer_id=39377 | offer_url=https://www.cian.ru/sale/flat/323093232/
2026-01-14 14:24:54,475 - WARNING - 404 image found | offer_id=39382 | offer_url=https://www.cian.ru/sale/flat/323044176/
2026-01-14 14:24:54,477 - WARNING - 404 image found | offer_id=39386 | offer_url=https://www.cian.ru/sale/flat/323037461/
2026-01-14 14:24:54,478 - WARNING - 404 image found | offer_id=39388 | offer_url=https://www.cian.ru/sale/flat/323033932/
2026-01-14 14:24:54,480 - WARNING - 404 image found | offer_id=39381 | offer_url=https://www.cian.ru/sale/flat/323070658/
2026-01-14 14:24:54,483 - WARNING - 404 image found | offer_id=39390 | offer_url=https://www.cian.ru/sale/flat/323032670/
2026-01-14 14:24:54,485 - WARNING - 404 image found | offer_id=39393 | offer_url=https://www.cian.ru/sale/flat/322980634/
2026-01-14 14:24:54,485 - WARNING - 404 image found | offer_id=39399 | offer_url=https://www.cian.ru/sale/flat/322927466/
2026-01-14 14:24:54,488 - WARNING - 404 image found | offer_id=39378 | offer_url=https://www.cian.ru/sale/flat/323096288/
2026-01-14 14:24:54,489 - WARNING - 404 image found | offer_id=39394 | offer_url=https://www.cian.ru/sale/flat/322979202/
2026-01-14 14:24:54,489 - WARNING - 404 image found | offer_id=39383 | offer_url=https://www.cian.ru/sale/flat/323071613/
2026-01-14 14:24:54,490 - WARNING - 404 image found | offer_id=39401 | offer_url=https://www.cian.ru/sale/flat/322910032/
2026-01-14 14:24:54,491 - WARNING - 404 image found | offer_id=39389 | offer_url=https://www.cian.ru/sale/flat/323033748/
2026-01-14 14:24:54,491 - WARNING - 404 image found | offer_id=39400 | offer_url=https://www.cian.ru/sale/flat/322916259/
2026-01-14 14:24:54,494 - WARNING - 404 image found | offer_id=39402 | offer_url=https://www.cian.ru/sale/flat/322909419/
2026-01-14 14:24:54,495 - WARNING - 404 image found | offer_id=39409 | offer_url=https://www.cian.ru/sale/flat/322875518/
2026-01-14 14:24:54,496 - WARNING - 404 image found | offer_id=39405 | offer_url=https://www.cian.ru/sale/flat/322895208/
2026-01-14 14:24:54,501 - WARNING - 404 image found | offer_id=39420 | offer_url=https://www.cian.ru/sale/flat/322675056/
2026-01-14 14:24:54,503 - WARNING - 404 image found | offer_id=39414 | offer_url=https://www.cian.ru/sale/flat/322795571/
2026-01-14 14:24:54,503 - WARNING - 404 image found | offer_id=39403 | offer_url=https://www.cian.ru/sale/flat/322895722/
2026-01-14 14:24:54,508 - WARNING - 404 image found | offer_id=39424 | offer_url=https://www.cian.ru/sale/flat/322639978/
2026-01-14 14:24:54,509 - WARNING - 404 image found | offer_id=39421 | offer_url=https://www.cian.ru/sale/flat/322665663/
2026-01-14 14:24:54,509 - WARNING - 404 image found | offer_id=39419 | offer_url=https://www.cian.ru/sale/flat/322690474/
2026-01-14 14:24:54,511 - WARNING - 404 image found | offer_id=39427 | offer_url=https://www.cian.ru/sale/flat/322617301/
2026-01-14 14:24:54,512 - WARNING - 404 image found | offer_id=39431 | offer_url=https://www.cian.ru/sale/flat/322532897/
2026-01-14 14:24:54,513 - WARNING - 404 image found | offer_id=39375 | offer_url=https://www.cian.ru/sale/flat/323100388/
2026-01-14 14:24:54,514 - WARNING - 404 image found | offer_id=39433 | offer_url=https://www.cian.ru/sale/flat/322497634/
2026-01-14 14:24:54,514 - WARNING - 404 image found | offer_id=39423 | offer_url=https://www.cian.ru/sale/flat/322641246/
2026-01-14 14:24:54,515 - WARNING - 404 image found | offer_id=39435 | offer_url=https://www.cian.ru/sale/flat/322474523/
2026-01-14 14:24:54,517 - WARNING - 404 image found | offer_id=39432 | offer_url=https://www.cian.ru/sale/flat/322502321/
2026-01-14 14:24:54,518 - WARNING - 404 image found | offer_id=39441 | offer_url=https://www.cian.ru/sale/flat/322425098/
2026-01-14 14:24:54,519 - WARNING - 404 image found | offer_id=39415 | offer_url=https://www.cian.ru/sale/flat/322737518/
2026-01-14 14:24:54,519 - WARNING - 404 image found | offer_id=39436 | offer_url=https://www.cian.ru/sale/flat/322471015/
2026-01-14 14:24:54,520 - WARNING - 404 image found | offer_id=39442 | offer_url=https://www.cian.ru/sale/flat/322419718/
2026-01-14 14:24:54,521 - WARNING - 404 image found | offer_id=39447 | offer_url=https://www.cian.ru/sale/flat/322324231/
2026-01-14 14:24:54,526 - WARNING - 404 image found | offer_id=39444 | offer_url=https://www.cian.ru/sale/flat/322371369/
2026-01-14 14:24:54,527 - WARNING - 404 image found | offer_id=39333 | offer_url=https://www.cian.ru/sale/flat/323301412/
2026-01-14 14:24:54,527 - WARNING - 404 image found | offer_id=39443 | offer_url=https://www.cian.ru/sale/flat/322389170/
2026-01-14 14:24:54,533 - WARNING - 404 image found | offer_id=39449 | offer_url=https://www.cian.ru/sale/flat/322274058/
2026-01-14 14:24:54,533 - WARNING - 404 image found | offer_id=39457 | offer_url=https://www.cian.ru/sale/flat/322038297/
2026-01-14 14:24:54,534 - WARNING - 404 image found | offer_id=39455 | offer_url=https://www.cian.ru/sale/flat/322118934/
2026-01-14 14:24:54,535 - WARNING - 404 image found | offer_id=39456 | offer_url=https://www.cian.ru/sale/flat/322060370/
2026-01-14 14:24:54,536 - WARNING - 404 image found | offer_id=39463 | offer_url=https://www.cian.ru/sale/flat/321901674/
2026-01-14 14:24:54,536 - WARNING - 404 image found | offer_id=39467 | offer_url=https://www.cian.ru/sale/flat/321823911/
2026-01-14 14:24:54,537 - WARNING - 404 image found | offer_id=39459 | offer_url=https://www.cian.ru/sale/flat/321992225/
2026-01-14 14:24:54,538 - WARNING - 404 image found | offer_id=39452 | offer_url=https://www.cian.ru/sale/flat/322199110/
2026-01-14 14:24:54,538 - WARNING - 404 image found | offer_id=39464 | offer_url=https://www.cian.ru/sale/flat/321885334/
2026-01-14 14:24:54,538 - WARNING - 404 image found | offer_id=39454 | offer_url=https://www.cian.ru/sale/flat/322124619/
2026-01-14 14:24:54,541 - WARNING - 404 image found | offer_id=39471 | offer_url=https://www.cian.ru/sale/flat/321734909/
2026-01-14 14:24:54,548 - WARNING - 404 image found | offer_id=39468 | offer_url=https://www.cian.ru/sale/flat/321809425/
2026-01-14 14:24:54,548 - WARNING - 404 image found | offer_id=39474 | offer_url=https://www.cian.ru/sale/flat/321648337/
2026-01-14 14:24:54,548 - WARNING - 404 image found | offer_id=39472 | offer_url=https://www.cian.ru/sale/flat/321717588/
2026-01-14 14:24:54,550 - WARNING - 404 image found | offer_id=39469 | offer_url=https://www.cian.ru/sale/flat/321801900/
2026-01-14 14:24:54,550 - WARNING - 404 image found | offer_id=39477 | offer_url=https://www.cian.ru/sale/flat/321620349/
2026-01-14 14:24:54,552 - WARNING - 404 image found | offer_id=39478 | offer_url=https://www.cian.ru/sale/flat/321611234/
2026-01-14 14:24:54,552 - WARNING - 404 image found | offer_id=39476 | offer_url=https://www.cian.ru/sale/flat/321620451/
2026-01-14 14:24:54,553 - WARNING - 404 image found | offer_id=39473 | offer_url=https://www.cian.ru/sale/flat/321669820/
2026-01-14 14:24:54,557 - WARNING - 404 image found | offer_id=39481 | offer_url=https://www.cian.ru/sale/flat/321589388/
2026-01-14 14:24:54,557 - WARNING - 404 image found | offer_id=39480 | offer_url=https://www.cian.ru/sale/flat/321609248/
2026-01-14 14:24:54,558 - WARNING - 404 image found | offer_id=39479 | offer_url=https://www.cian.ru/sale/flat/321590783/
2026-01-14 14:24:54,559 - WARNING - 404 image found | offer_id=39485 | offer_url=https://www.cian.ru/sale/flat/321510526/
2026-01-14 14:24:54,561 - WARNING - 404 image found | offer_id=39445 | offer_url=https://www.cian.ru/sale/flat/322326456/
2026-01-14 14:24:54,562 - WARNING - 404 image found | offer_id=39489 | offer_url=https://www.cian.ru/sale/flat/321431507/
2026-01-14 14:24:54,577 - WARNING - 404 image found | offer_id=39484 | offer_url=https://www.cian.ru/sale/flat/321519822/
2026-01-14 14:24:54,578 - WARNING - 404 image found | offer_id=39494 | offer_url=https://www.cian.ru/sale/flat/321293868/
2026-01-14 14:24:54,578 - WARNING - 404 image found | offer_id=39495 | offer_url=https://www.cian.ru/sale/flat/321384388/
2026-01-14 14:24:54,578 - WARNING - 404 image found | offer_id=39493 | offer_url=https://www.cian.ru/sale/flat/321354620/
2026-01-14 14:24:54,578 - WARNING - 404 image found | offer_id=39500 | offer_url=https://www.cian.ru/sale/flat/321230873/
2026-01-14 14:24:54,579 - WARNING - 404 image found | offer_id=39487 | offer_url=https://www.cian.ru/sale/flat/321474374/
2026-01-14 14:24:54,579 - WARNING - 404 image found | offer_id=39498 | offer_url=https://www.cian.ru/sale/flat/321210228/
2026-01-14 14:24:54,580 - WARNING - 404 image found | offer_id=39507 | offer_url=https://www.cian.ru/sale/flat/320840198/
2026-01-14 14:24:54,581 - WARNING - 404 image found | offer_id=39511 | offer_url=https://www.cian.ru/sale/flat/320696214/
2026-01-14 14:24:54,581 - WARNING - 404 image found | offer_id=39502 | offer_url=https://www.cian.ru/sale/flat/321106752/
2026-01-14 14:24:54,582 - WARNING - 404 image found | offer_id=39497 | offer_url=https://www.cian.ru/sale/flat/321214988/
2026-01-14 14:24:54,583 - WARNING - 404 image found | offer_id=39514 | offer_url=https://www.cian.ru/sale/flat/320667928/
2026-01-14 14:24:54,584 - WARNING - 404 image found | offer_id=39515 | offer_url=https://www.cian.ru/sale/flat/320579533/
2026-01-14 14:24:54,591 - WARNING - 404 image found | offer_id=39505 | offer_url=https://www.cian.ru/sale/flat/320950961/
2026-01-14 14:24:54,594 - WARNING - 404 image found | offer_id=39348 | offer_url=https://www.cian.ru/sale/flat/323233571/
2026-01-14 14:24:54,596 - WARNING - 404 image found | offer_id=39520 | offer_url=https://www.cian.ru/sale/flat/320127830/
2026-01-14 14:24:54,598 - WARNING - 404 image found | offer_id=39518 | offer_url=https://www.cian.ru/sale/flat/320429850/
2026-01-14 14:24:54,599 - WARNING - 404 image found | offer_id=39531 | offer_url=https://www.cian.ru/sale/flat/319641526/
2026-01-14 14:24:54,600 - WARNING - 404 image found | offer_id=39521 | offer_url=https://www.cian.ru/sale/flat/320007116/
2026-01-14 14:24:54,602 - WARNING - 404 image found | offer_id=39537 | offer_url=https://www.cian.ru/sale/flat/319014063/
2026-01-14 14:24:54,602 - WARNING - 404 image found | offer_id=39523 | offer_url=https://www.cian.ru/sale/flat/319986997/
2026-01-14 14:24:54,602 - WARNING - 404 image found | offer_id=39527 | offer_url=https://www.cian.ru/sale/flat/319835781/
2026-01-14 14:24:54,605 - WARNING - 404 image found | offer_id=39536 | offer_url=https://www.cian.ru/sale/flat/319032664/
2026-01-14 14:24:54,610 - WARNING - 404 image found | offer_id=39526 | offer_url=https://www.cian.ru/sale/flat/319923210/
2026-01-14 14:24:54,613 - WARNING - 404 image found | offer_id=39538 | offer_url=https://www.cian.ru/sale/flat/318861371/
2026-01-14 14:24:54,615 - WARNING - 404 image found | offer_id=39519 | offer_url=https://www.cian.ru/sale/flat/320205669/
2026-01-14 14:24:54,616 - WARNING - 404 image found | offer_id=39525 | offer_url=https://www.cian.ru/sale/flat/319971268/
2026-01-14 14:24:54,619 - WARNING - 404 image found | offer_id=39549 | offer_url=https://www.cian.ru/sale/flat/318032546/
2026-01-14 14:24:54,620 - WARNING - 404 image found | offer_id=39544 | offer_url=https://www.cian.ru/sale/flat/318519256/
2026-01-14 14:24:54,626 - WARNING - 404 image found | offer_id=39562 | offer_url=https://www.cian.ru/sale/flat/315835204/
2026-01-14 14:24:54,627 - WARNING - 404 image found | offer_id=39558 | offer_url=https://www.cian.ru/sale/flat/316862079/
2026-01-14 14:24:54,640 - WARNING - 404 image found | offer_id=39557 | offer_url=https://www.cian.ru/sale/flat/316791539/
2026-01-14 14:24:54,678 - INFO - checked=10500, 404=6170, deleted=6099, deactivated=1, speed=321.9/s
2026-01-14 14:24:54,678 - INFO - Batch #22, last_id=39565
2026-01-14 14:24:54,706 - WARNING - 404 image found | offer_id=39585 | offer_url=https://www.cian.ru/sale/flat/302795285/
2026-01-14 14:24:54,707 - WARNING - 404 image found | offer_id=39578 | offer_url=https://www.cian.ru/sale/flat/311678543/
2026-01-14 14:24:54,709 - WARNING - 404 image found | offer_id=39571 | offer_url=https://www.cian.ru/sale/flat/314796269/
2026-01-14 14:24:54,710 - WARNING - 404 image found | offer_id=39583 | offer_url=https://www.cian.ru/sale/flat/305468758/
2026-01-14 14:24:54,711 - WARNING - 404 image found | offer_id=39586 | offer_url=https://www.cian.ru/sale/flat/302723480/
2026-01-14 14:24:54,712 - WARNING - 404 image found | offer_id=39581 | offer_url=https://www.cian.ru/sale/flat/310147793/
2026-01-14 14:24:54,712 - WARNING - 404 image found | offer_id=39574 | offer_url=https://www.cian.ru/sale/flat/314447542/
2026-01-14 14:24:54,713 - WARNING - 404 image found | offer_id=39569 | offer_url=https://www.cian.ru/sale/flat/315212117/
2026-01-14 14:24:54,714 - WARNING - 404 image found | offer_id=39596 | offer_url=https://www.cian.ru/sale/flat/276841967/
2026-01-14 14:24:54,715 - WARNING - 404 image found | offer_id=39572 | offer_url=https://www.cian.ru/sale/flat/315000463/
2026-01-14 14:24:54,720 - WARNING - 404 image found | offer_id=39599 | offer_url=https://www.cian.ru/sale/flat/323657082/
2026-01-14 14:24:54,721 - WARNING - 404 image found | offer_id=39590 | offer_url=https://www.cian.ru/sale/flat/297135868/
2026-01-14 14:24:54,721 - WARNING - 404 image found | offer_id=39595 | offer_url=https://www.cian.ru/sale/flat/286569753/
2026-01-14 14:24:54,721 - WARNING - 404 image found | offer_id=39598 | offer_url=https://www.cian.ru/sale/flat/323657158/
2026-01-14 14:24:54,722 - WARNING - 404 image found | offer_id=39589 | offer_url=https://www.cian.ru/sale/flat/297415701/
2026-01-14 14:24:54,722 - WARNING - 404 image found | offer_id=39600 | offer_url=https://www.cian.ru/sale/flat/323654205/
2026-01-14 14:24:54,723 - WARNING - 404 image found | offer_id=39597 | offer_url=https://www.cian.ru/sale/flat/323660324/
2026-01-14 14:24:54,724 - WARNING - 404 image found | offer_id=39593 | offer_url=https://www.cian.ru/sale/flat/292710991/
2026-01-14 14:24:54,727 - WARNING - 404 image found | offer_id=39608 | offer_url=https://www.cian.ru/sale/flat/323578264/
2026-01-14 14:24:54,731 - WARNING - 404 image found | offer_id=39603 | offer_url=https://www.cian.ru/sale/flat/323650741/
2026-01-14 14:24:54,732 - WARNING - 404 image found | offer_id=39607 | offer_url=https://www.cian.ru/sale/flat/323597610/
2026-01-14 14:24:54,733 - WARNING - 404 image found | offer_id=39609 | offer_url=https://www.cian.ru/sale/flat/323576325/
2026-01-14 14:24:54,733 - WARNING - 404 image found | offer_id=39616 | offer_url=https://www.cian.ru/sale/flat/323562833/
2026-01-14 14:24:54,735 - WARNING - 404 image found | offer_id=39617 | offer_url=https://www.cian.ru/sale/flat/323561357/
2026-01-14 14:24:54,737 - WARNING - 404 image found | offer_id=39606 | offer_url=https://www.cian.ru/sale/flat/323616460/
2026-01-14 14:24:54,738 - WARNING - 404 image found | offer_id=39604 | offer_url=https://www.cian.ru/sale/flat/323637414/
2026-01-14 14:24:54,738 - WARNING - 404 image found | offer_id=39614 | offer_url=https://www.cian.ru/sale/flat/323568123/
2026-01-14 14:24:54,739 - WARNING - 404 image found | offer_id=39613 | offer_url=https://www.cian.ru/sale/flat/323571667/
2026-01-14 14:24:54,740 - WARNING - 404 image found | offer_id=39621 | offer_url=https://www.cian.ru/sale/flat/323531665/
2026-01-14 14:24:54,741 - WARNING - 404 image found | offer_id=39618 | offer_url=https://www.cian.ru/sale/flat/323551445/
2026-01-14 14:24:54,742 - WARNING - 404 image found | offer_id=39620 | offer_url=https://www.cian.ru/sale/flat/323534298/
2026-01-14 14:24:54,742 - WARNING - 404 image found | offer_id=39623 | offer_url=https://www.cian.ru/sale/flat/323524055/
2026-01-14 14:24:54,747 - WARNING - 404 image found | offer_id=39630 | offer_url=https://www.cian.ru/sale/flat/323479371/
2026-01-14 14:24:54,749 - WARNING - 404 image found | offer_id=39624 | offer_url=https://www.cian.ru/sale/flat/323515240/
2026-01-14 14:24:54,750 - WARNING - 404 image found | offer_id=39634 | offer_url=https://www.cian.ru/sale/flat/323459805/
2026-01-14 14:24:54,754 - WARNING - 404 image found | offer_id=39592 | offer_url=https://www.cian.ru/sale/flat/293053907/
2026-01-14 14:24:54,756 - WARNING - 404 image found | offer_id=39635 | offer_url=https://www.cian.ru/sale/flat/323453034/
2026-01-14 14:24:54,757 - WARNING - 404 image found | offer_id=39638 | offer_url=https://www.cian.ru/sale/flat/323419567/
2026-01-14 14:24:54,757 - WARNING - 404 image found | offer_id=39639 | offer_url=https://www.cian.ru/sale/flat/323418778/
2026-01-14 14:24:54,758 - WARNING - 404 image found | offer_id=39636 | offer_url=https://www.cian.ru/sale/flat/323434026/
2026-01-14 14:24:54,761 - WARNING - 404 image found | offer_id=39647 | offer_url=https://www.cian.ru/sale/flat/323392258/
2026-01-14 14:24:54,762 - WARNING - 404 image found | offer_id=39646 | offer_url=https://www.cian.ru/sale/flat/323399426/
2026-01-14 14:24:54,763 - WARNING - 404 image found | offer_id=39648 | offer_url=https://www.cian.ru/sale/flat/323391088/
2026-01-14 14:24:54,763 - WARNING - 404 image found | offer_id=39655 | offer_url=https://www.cian.ru/sale/flat/323335918/
2026-01-14 14:24:54,764 - WARNING - 404 image found | offer_id=39656 | offer_url=https://www.cian.ru/sale/flat/323331086/
2026-01-14 14:24:54,764 - WARNING - 404 image found | offer_id=39651 | offer_url=https://www.cian.ru/sale/flat/323364952/
2026-01-14 14:24:54,765 - WARNING - 404 image found | offer_id=39657 | offer_url=https://www.cian.ru/sale/flat/323326823/
2026-01-14 14:24:54,765 - WARNING - 404 image found | offer_id=39650 | offer_url=https://www.cian.ru/sale/flat/323378083/
2026-01-14 14:24:54,767 - WARNING - 404 image found | offer_id=39660 | offer_url=https://www.cian.ru/sale/flat/323323033/
2026-01-14 14:24:54,769 - WARNING - 404 image found | offer_id=39658 | offer_url=https://www.cian.ru/sale/flat/323323871/
2026-01-14 14:24:54,770 - WARNING - 404 image found | offer_id=39666 | offer_url=https://www.cian.ru/sale/flat/323282305/
2026-01-14 14:24:54,771 - WARNING - 404 image found | offer_id=39663 | offer_url=https://www.cian.ru/sale/flat/323296088/
2026-01-14 14:24:54,772 - WARNING - 404 image found | offer_id=39667 | offer_url=https://www.cian.ru/sale/flat/323280341/
2026-01-14 14:24:54,777 - WARNING - 404 image found | offer_id=39653 | offer_url=https://www.cian.ru/sale/flat/323360210/
2026-01-14 14:24:54,779 - WARNING - 404 image found | offer_id=39674 | offer_url=https://www.cian.ru/sale/flat/323223365/
2026-01-14 14:24:54,781 - WARNING - 404 image found | offer_id=39682 | offer_url=https://www.cian.ru/sale/flat/323172446/
2026-01-14 14:24:54,783 - WARNING - 404 image found | offer_id=39675 | offer_url=https://www.cian.ru/sale/flat/323219529/
2026-01-14 14:24:54,784 - WARNING - 404 image found | offer_id=39643 | offer_url=https://www.cian.ru/sale/flat/323406473/
2026-01-14 14:24:54,785 - WARNING - 404 image found | offer_id=39671 | offer_url=https://www.cian.ru/sale/flat/323265827/
2026-01-14 14:24:54,786 - WARNING - 404 image found | offer_id=39683 | offer_url=https://www.cian.ru/sale/flat/323171378/
2026-01-14 14:24:54,786 - WARNING - 404 image found | offer_id=39685 | offer_url=https://www.cian.ru/sale/flat/323168977/
2026-01-14 14:24:54,787 - WARNING - 404 image found | offer_id=39687 | offer_url=https://www.cian.ru/sale/flat/323162599/
2026-01-14 14:24:54,788 - WARNING - 404 image found | offer_id=39670 | offer_url=https://www.cian.ru/sale/flat/323267018/
2026-01-14 14:24:54,789 - WARNING - 404 image found | offer_id=39665 | offer_url=https://www.cian.ru/sale/flat/323298557/
2026-01-14 14:24:54,790 - WARNING - 404 image found | offer_id=39686 | offer_url=https://www.cian.ru/sale/flat/323164166/
2026-01-14 14:24:54,791 - WARNING - 404 image found | offer_id=39680 | offer_url=https://www.cian.ru/sale/flat/323177688/
2026-01-14 14:24:54,793 - WARNING - 404 image found | offer_id=39668 | offer_url=https://www.cian.ru/sale/flat/323287070/
2026-01-14 14:24:54,795 - WARNING - 404 image found | offer_id=39692 | offer_url=https://www.cian.ru/sale/flat/323089994/
2026-01-14 14:24:54,795 - WARNING - 404 image found | offer_id=39698 | offer_url=https://www.cian.ru/sale/flat/323047523/
2026-01-14 14:24:54,798 - WARNING - 404 image found | offer_id=39693 | offer_url=https://www.cian.ru/sale/flat/323082364/
2026-01-14 14:24:54,798 - WARNING - 404 image found | offer_id=39702 | offer_url=https://www.cian.ru/sale/flat/323014220/
2026-01-14 14:24:54,803 - WARNING - 404 image found | offer_id=39706 | offer_url=https://www.cian.ru/sale/flat/323015462/
2026-01-14 14:24:54,807 - WARNING - 404 image found | offer_id=39704 | offer_url=https://www.cian.ru/sale/flat/323001984/
2026-01-14 14:24:54,809 - WARNING - 404 image found | offer_id=39696 | offer_url=https://www.cian.ru/sale/flat/323052620/
2026-01-14 14:24:54,810 - WARNING - 404 image found | offer_id=39701 | offer_url=https://www.cian.ru/sale/flat/323017619/
2026-01-14 14:24:54,810 - WARNING - 404 image found | offer_id=39708 | offer_url=https://www.cian.ru/sale/flat/322967493/
2026-01-14 14:24:54,810 - WARNING - 404 image found | offer_id=39721 | offer_url=https://www.cian.ru/sale/flat/322872783/
2026-01-14 14:24:54,811 - WARNING - 404 image found | offer_id=39715 | offer_url=https://www.cian.ru/sale/flat/322913516/
2026-01-14 14:24:54,812 - WARNING - 404 image found | offer_id=39723 | offer_url=https://www.cian.ru/sale/flat/322859982/
2026-01-14 14:24:54,813 - WARNING - 404 image found | offer_id=39703 | offer_url=https://www.cian.ru/sale/flat/323033711/
2026-01-14 14:24:54,816 - WARNING - 404 image found | offer_id=39714 | offer_url=https://www.cian.ru/sale/flat/322927241/
2026-01-14 14:24:54,818 - WARNING - 404 image found | offer_id=39726 | offer_url=https://www.cian.ru/sale/flat/322855636/
2026-01-14 14:24:54,818 - WARNING - 404 image found | offer_id=39724 | offer_url=https://www.cian.ru/sale/flat/322858837/
2026-01-14 14:24:54,819 - WARNING - 404 image found | offer_id=39725 | offer_url=https://www.cian.ru/sale/flat/322858201/
2026-01-14 14:24:54,819 - WARNING - 404 image found | offer_id=39727 | offer_url=https://www.cian.ru/sale/flat/322854193/
2026-01-14 14:24:54,829 - WARNING - 404 image found | offer_id=39742 | offer_url=https://www.cian.ru/sale/flat/322775284/
2026-01-14 14:24:54,830 - WARNING - 404 image found | offer_id=39720 | offer_url=https://www.cian.ru/sale/flat/322874877/
2026-01-14 14:24:54,831 - WARNING - 404 image found | offer_id=39731 | offer_url=https://www.cian.ru/sale/flat/322818394/
2026-01-14 14:24:54,833 - WARNING - 404 image found | offer_id=39743 | offer_url=https://www.cian.ru/sale/flat/322739822/
2026-01-14 14:24:54,835 - WARNING - 404 image found | offer_id=39748 | offer_url=https://www.cian.ru/sale/flat/322721721/
2026-01-14 14:24:54,836 - WARNING - 404 image found | offer_id=39740 | offer_url=https://www.cian.ru/sale/flat/322764034/
2026-01-14 14:24:54,838 - WARNING - 404 image found | offer_id=39697 | offer_url=https://www.cian.ru/sale/flat/323051662/
2026-01-14 14:24:54,838 - WARNING - 404 image found | offer_id=39738 | offer_url=https://www.cian.ru/sale/flat/322778066/
2026-01-14 14:24:54,839 - WARNING - 404 image found | offer_id=39736 | offer_url=https://www.cian.ru/sale/flat/322780410/
2026-01-14 14:24:54,839 - WARNING - 404 image found | offer_id=39734 | offer_url=https://www.cian.ru/sale/flat/322788690/
2026-01-14 14:24:54,839 - WARNING - 404 image found | offer_id=39735 | offer_url=https://www.cian.ru/sale/flat/322786014/
2026-01-14 14:24:54,840 - WARNING - 404 image found | offer_id=39749 | offer_url=https://www.cian.ru/sale/flat/322710347/
2026-01-14 14:24:54,840 - WARNING - 404 image found | offer_id=39737 | offer_url=https://www.cian.ru/sale/flat/322778177/
2026-01-14 14:24:54,841 - WARNING - 404 image found | offer_id=39751 | offer_url=https://www.cian.ru/sale/flat/322695094/
2026-01-14 14:24:54,841 - WARNING - 404 image found | offer_id=39744 | offer_url=https://www.cian.ru/sale/flat/322730330/
2026-01-14 14:24:54,842 - WARNING - 404 image found | offer_id=39747 | offer_url=https://www.cian.ru/sale/flat/322720332/
2026-01-14 14:24:54,848 - WARNING - 404 image found | offer_id=39753 | offer_url=https://www.cian.ru/sale/flat/322693689/
2026-01-14 14:24:54,849 - WARNING - 404 image found | offer_id=39754 | offer_url=https://www.cian.ru/sale/flat/322690939/
2026-01-14 14:24:54,851 - WARNING - 404 image found | offer_id=39756 | offer_url=https://www.cian.ru/sale/flat/322689515/
2026-01-14 14:24:54,855 - WARNING - 404 image found | offer_id=39710 | offer_url=https://www.cian.ru/sale/flat/322956932/
2026-01-14 14:24:54,857 - WARNING - 404 image found | offer_id=39759 | offer_url=https://www.cian.ru/sale/flat/322660988/
2026-01-14 14:24:54,859 - WARNING - 404 image found | offer_id=39769 | offer_url=https://www.cian.ru/sale/flat/322481370/
2026-01-14 14:24:54,860 - WARNING - 404 image found | offer_id=39770 | offer_url=https://www.cian.ru/sale/flat/322473006/
2026-01-14 14:24:54,861 - WARNING - 404 image found | offer_id=39763 | offer_url=https://www.cian.ru/sale/flat/322570784/
2026-01-14 14:24:54,861 - WARNING - 404 image found | offer_id=39729 | offer_url=https://www.cian.ru/sale/flat/322843233/
2026-01-14 14:24:54,862 - WARNING - 404 image found | offer_id=39762 | offer_url=https://www.cian.ru/sale/flat/322573531/
2026-01-14 14:24:54,862 - WARNING - 404 image found | offer_id=39752 | offer_url=https://www.cian.ru/sale/flat/322694083/
2026-01-14 14:24:54,863 - WARNING - 404 image found | offer_id=39765 | offer_url=https://www.cian.ru/sale/flat/322538162/
2026-01-14 14:24:54,863 - WARNING - 404 image found | offer_id=39764 | offer_url=https://www.cian.ru/sale/flat/322569822/
2026-01-14 14:24:54,864 - WARNING - 404 image found | offer_id=39767 | offer_url=https://www.cian.ru/sale/flat/322520118/
2026-01-14 14:24:54,864 - WARNING - 404 image found | offer_id=39774 | offer_url=https://www.cian.ru/sale/flat/322414350/
2026-01-14 14:24:54,864 - WARNING - 404 image found | offer_id=39773 | offer_url=https://www.cian.ru/sale/flat/322444253/
2026-01-14 14:24:54,865 - WARNING - 404 image found | offer_id=39772 | offer_url=https://www.cian.ru/sale/flat/322443384/
2026-01-14 14:24:54,867 - WARNING - 404 image found | offer_id=39775 | offer_url=https://www.cian.ru/sale/flat/322441034/
2026-01-14 14:24:54,867 - WARNING - 404 image found | offer_id=39776 | offer_url=https://www.cian.ru/sale/flat/322392562/
2026-01-14 14:24:54,871 - WARNING - 404 image found | offer_id=39778 | offer_url=https://www.cian.ru/sale/flat/322365517/
2026-01-14 14:24:54,874 - WARNING - 404 image found | offer_id=39779 | offer_url=https://www.cian.ru/sale/flat/322353004/
2026-01-14 14:24:54,875 - WARNING - 404 image found | offer_id=39780 | offer_url=https://www.cian.ru/sale/flat/322344832/
2026-01-14 14:24:54,878 - WARNING - 404 image found | offer_id=39781 | offer_url=https://www.cian.ru/sale/flat/322324008/
2026-01-14 14:24:54,883 - WARNING - 404 image found | offer_id=39785 | offer_url=https://www.cian.ru/sale/flat/322208451/
2026-01-14 14:24:54,884 - WARNING - 404 image found | offer_id=39797 | offer_url=https://www.cian.ru/sale/flat/322071616/
2026-01-14 14:24:54,884 - WARNING - 404 image found | offer_id=39790 | offer_url=https://www.cian.ru/sale/flat/322170939/
2026-01-14 14:24:54,885 - WARNING - 404 image found | offer_id=39787 | offer_url=https://www.cian.ru/sale/flat/322188150/
2026-01-14 14:24:54,885 - WARNING - 404 image found | offer_id=39796 | offer_url=https://www.cian.ru/sale/flat/322099242/
2026-01-14 14:24:54,887 - WARNING - 404 image found | offer_id=39791 | offer_url=https://www.cian.ru/sale/flat/322154230/
2026-01-14 14:24:54,887 - WARNING - 404 image found | offer_id=39783 | offer_url=https://www.cian.ru/sale/flat/322252029/
2026-01-14 14:24:54,888 - WARNING - 404 image found | offer_id=39792 | offer_url=https://www.cian.ru/sale/flat/322134666/
2026-01-14 14:24:54,889 - WARNING - 404 image found | offer_id=39799 | offer_url=https://www.cian.ru/sale/flat/322053404/
2026-01-14 14:24:54,898 - WARNING - 404 image found | offer_id=39805 | offer_url=https://www.cian.ru/sale/flat/321932911/
2026-01-14 14:24:54,898 - WARNING - 404 image found | offer_id=39806 | offer_url=https://www.cian.ru/sale/flat/321931967/
2026-01-14 14:24:54,903 - WARNING - 404 image found | offer_id=39793 | offer_url=https://www.cian.ru/sale/flat/322133905/
2026-01-14 14:24:54,904 - WARNING - 404 image found | offer_id=39800 | offer_url=https://www.cian.ru/sale/flat/322044672/
2026-01-14 14:24:54,906 - WARNING - 404 image found | offer_id=39809 | offer_url=https://www.cian.ru/sale/flat/321868484/
2026-01-14 14:24:54,907 - WARNING - 404 image found | offer_id=39815 | offer_url=https://www.cian.ru/sale/flat/321742899/
2026-01-14 14:24:54,907 - WARNING - 404 image found | offer_id=39807 | offer_url=https://www.cian.ru/sale/flat/321868785/
2026-01-14 14:24:54,907 - WARNING - 404 image found | offer_id=39822 | offer_url=https://www.cian.ru/sale/flat/321634675/
2026-01-14 14:24:54,908 - WARNING - 404 image found | offer_id=39813 | offer_url=https://www.cian.ru/sale/flat/321794559/
2026-01-14 14:24:54,909 - WARNING - 404 image found | offer_id=39816 | offer_url=https://www.cian.ru/sale/flat/321710685/
2026-01-14 14:24:54,909 - WARNING - 404 image found | offer_id=39808 | offer_url=https://www.cian.ru/sale/flat/321905998/
2026-01-14 14:24:54,909 - WARNING - 404 image found | offer_id=39818 | offer_url=https://www.cian.ru/sale/flat/321673173/
2026-01-14 14:24:54,910 - WARNING - 404 image found | offer_id=39821 | offer_url=https://www.cian.ru/sale/flat/321639871/
2026-01-14 14:24:54,910 - WARNING - 404 image found | offer_id=39820 | offer_url=https://www.cian.ru/sale/flat/321661204/
2026-01-14 14:24:54,913 - WARNING - 404 image found | offer_id=39819 | offer_url=https://www.cian.ru/sale/flat/321669569/
2026-01-14 14:24:54,916 - WARNING - 404 image found | offer_id=39817 | offer_url=https://www.cian.ru/sale/flat/321696789/
2026-01-14 14:24:54,917 - WARNING - 404 image found | offer_id=39823 | offer_url=https://www.cian.ru/sale/flat/321630643/
2026-01-14 14:24:54,924 - WARNING - 404 image found | offer_id=39825 | offer_url=https://www.cian.ru/sale/flat/321607802/
2026-01-14 14:24:54,926 - WARNING - 404 image found | offer_id=39771 | offer_url=https://www.cian.ru/sale/flat/322471396/
2026-01-14 14:24:54,927 - WARNING - 404 image found | offer_id=39833 | offer_url=https://www.cian.ru/sale/flat/321487705/
2026-01-14 14:24:54,928 - WARNING - 404 image found | offer_id=39835 | offer_url=https://www.cian.ru/sale/flat/321473098/
2026-01-14 14:24:54,928 - WARNING - 404 image found | offer_id=39838 | offer_url=https://www.cian.ru/sale/flat/321419196/
2026-01-14 14:24:54,933 - WARNING - 404 image found | offer_id=39853 | offer_url=https://www.cian.ru/sale/flat/321067845/
2026-01-14 14:24:54,934 - WARNING - 404 image found | offer_id=39847 | offer_url=https://www.cian.ru/sale/flat/321268607/
2026-01-14 14:24:54,934 - WARNING - 404 image found | offer_id=39841 | offer_url=https://www.cian.ru/sale/flat/321388096/
2026-01-14 14:24:54,942 - WARNING - 404 image found | offer_id=39831 | offer_url=https://www.cian.ru/sale/flat/321511371/
2026-01-14 14:24:54,942 - WARNING - 404 image found | offer_id=39857 | offer_url=https://www.cian.ru/sale/flat/320968597/
2026-01-14 14:24:54,944 - WARNING - 404 image found | offer_id=39856 | offer_url=https://www.cian.ru/sale/flat/321050667/
2026-01-14 14:24:54,948 - WARNING - 404 image found | offer_id=39861 | offer_url=https://www.cian.ru/sale/flat/320881499/
2026-01-14 14:24:54,949 - WARNING - 404 image found | offer_id=39842 | offer_url=https://www.cian.ru/sale/flat/321335597/
2026-01-14 14:24:54,950 - WARNING - 404 image found | offer_id=39862 | offer_url=https://www.cian.ru/sale/flat/320984738/
2026-01-14 14:24:54,951 - WARNING - 404 image found | offer_id=39858 | offer_url=https://www.cian.ru/sale/flat/320964122/
2026-01-14 14:24:54,952 - WARNING - 404 image found | offer_id=39757 | offer_url=https://www.cian.ru/sale/flat/322662593/
2026-01-14 14:24:54,956 - WARNING - 404 image found | offer_id=39874 | offer_url=https://www.cian.ru/sale/flat/320566060/
2026-01-14 14:24:54,956 - WARNING - 404 image found | offer_id=39870 | offer_url=https://www.cian.ru/sale/flat/320627174/
2026-01-14 14:24:54,957 - WARNING - 404 image found | offer_id=39868 | offer_url=https://www.cian.ru/sale/flat/320724508/
2026-01-14 14:24:54,959 - WARNING - 404 image found | offer_id=39875 | offer_url=https://www.cian.ru/sale/flat/320560338/
2026-01-14 14:24:54,960 - WARNING - 404 image found | offer_id=39876 | offer_url=https://www.cian.ru/sale/flat/320556811/
2026-01-14 14:24:54,962 - WARNING - 404 image found | offer_id=39866 | offer_url=https://www.cian.ru/sale/flat/320740789/
2026-01-14 14:24:54,966 - WARNING - 404 image found | offer_id=39879 | offer_url=https://www.cian.ru/sale/flat/320292253/
2026-01-14 14:24:54,967 - WARNING - 404 image found | offer_id=39882 | offer_url=https://www.cian.ru/sale/flat/320088562/
2026-01-14 14:24:54,967 - WARNING - 404 image found | offer_id=39888 | offer_url=https://www.cian.ru/sale/flat/320035735/
2026-01-14 14:24:54,970 - WARNING - 404 image found | offer_id=39891 | offer_url=https://www.cian.ru/sale/flat/319977426/
2026-01-14 14:24:54,971 - WARNING - 404 image found | offer_id=39893 | offer_url=https://www.cian.ru/sale/flat/319835850/
2026-01-14 14:24:54,972 - WARNING - 404 image found | offer_id=39895 | offer_url=https://www.cian.ru/sale/flat/319724452/
2026-01-14 14:24:54,973 - WARNING - 404 image found | offer_id=39890 | offer_url=https://www.cian.ru/sale/flat/319978923/
2026-01-14 14:24:54,975 - WARNING - 404 image found | offer_id=39883 | offer_url=https://www.cian.ru/sale/flat/320213384/
2026-01-14 14:24:54,977 - WARNING - 404 image found | offer_id=39768 | offer_url=https://www.cian.ru/sale/flat/322519642/
2026-01-14 14:24:54,980 - WARNING - 404 image found | offer_id=39896 | offer_url=https://www.cian.ru/sale/flat/319706696/
2026-01-14 14:24:54,983 - WARNING - 404 image found | offer_id=39902 | offer_url=https://www.cian.ru/sale/flat/319351005/
2026-01-14 14:24:54,985 - WARNING - 404 image found | offer_id=39908 | offer_url=https://www.cian.ru/sale/flat/319100209/
2026-01-14 14:24:54,986 - WARNING - 404 image found | offer_id=39911 | offer_url=https://www.cian.ru/sale/flat/318738587/
2026-01-14 14:24:54,987 - WARNING - 404 image found | offer_id=39900 | offer_url=https://www.cian.ru/sale/flat/319381758/
2026-01-14 14:24:54,987 - WARNING - 404 image found | offer_id=39899 | offer_url=https://www.cian.ru/sale/flat/319438174/
2026-01-14 14:24:54,988 - WARNING - 404 image found | offer_id=39915 | offer_url=https://www.cian.ru/sale/flat/318252224/
2026-01-14 14:24:54,989 - WARNING - 404 image found | offer_id=39910 | offer_url=https://www.cian.ru/sale/flat/318884483/
2026-01-14 14:24:54,989 - WARNING - 404 image found | offer_id=39913 | offer_url=https://www.cian.ru/sale/flat/318752802/
2026-01-14 14:24:54,992 - WARNING - 404 image found | offer_id=39923 | offer_url=https://www.cian.ru/sale/flat/317361083/
2026-01-14 14:24:54,994 - WARNING - 404 image found | offer_id=39920 | offer_url=https://www.cian.ru/sale/flat/317547384/
2026-01-14 14:24:55,008 - WARNING - 404 image found | offer_id=39927 | offer_url=https://www.cian.ru/sale/flat/316136758/
2026-01-14 14:24:55,008 - WARNING - 404 image found | offer_id=39928 | offer_url=https://www.cian.ru/sale/flat/315886111/
2026-01-14 14:24:55,009 - WARNING - 404 image found | offer_id=39935 | offer_url=https://www.cian.ru/sale/flat/314138813/
2026-01-14 14:24:55,009 - WARNING - 404 image found | offer_id=39929 | offer_url=https://www.cian.ru/sale/flat/315705457/
2026-01-14 14:24:55,009 - WARNING - 404 image found | offer_id=39924 | offer_url=https://www.cian.ru/sale/flat/317293265/
2026-01-14 14:24:55,011 - WARNING - 404 image found | offer_id=39926 | offer_url=https://www.cian.ru/sale/flat/316816099/
2026-01-14 14:24:55,011 - WARNING - 404 image found | offer_id=39937 | offer_url=https://www.cian.ru/sale/flat/313829210/
2026-01-14 14:24:55,011 - WARNING - 404 image found | offer_id=39941 | offer_url=https://www.cian.ru/sale/flat/311769477/
2026-01-14 14:24:55,012 - WARNING - 404 image found | offer_id=39947 | offer_url=https://www.cian.ru/sale/flat/309139385/
2026-01-14 14:24:55,015 - WARNING - 404 image found | offer_id=39942 | offer_url=https://www.cian.ru/sale/flat/310091521/
2026-01-14 14:24:55,016 - WARNING - 404 image found | offer_id=39943 | offer_url=https://www.cian.ru/sale/flat/313302517/
2026-01-14 14:24:55,022 - WARNING - 404 image found | offer_id=39936 | offer_url=https://www.cian.ru/sale/flat/314151907/
2026-01-14 14:24:55,022 - WARNING - 404 image found | offer_id=39938 | offer_url=https://www.cian.ru/sale/flat/313526095/
2026-01-14 14:24:55,023 - WARNING - 404 image found | offer_id=39939 | offer_url=https://www.cian.ru/sale/flat/313521142/
2026-01-14 14:24:55,023 - WARNING - 404 image found | offer_id=39948 | offer_url=https://www.cian.ru/sale/flat/308556253/
2026-01-14 14:24:55,027 - WARNING - 404 image found | offer_id=39930 | offer_url=https://www.cian.ru/sale/flat/315649448/
2026-01-14 14:24:55,032 - WARNING - 404 image found | offer_id=39871 | offer_url=https://www.cian.ru/sale/flat/320616529/
2026-01-14 14:24:55,032 - WARNING - 404 image found | offer_id=39955 | offer_url=https://www.cian.ru/sale/flat/299779119/
2026-01-14 14:24:55,033 - WARNING - 404 image found | offer_id=39962 | offer_url=https://www.cian.ru/sale/flat/283029783/
2026-01-14 14:24:55,033 - WARNING - 404 image found | offer_id=39965 | offer_url=https://www.cian.ru/sale/flat/323663113/
2026-01-14 14:24:55,035 - WARNING - 404 image found | offer_id=39956 | offer_url=https://www.cian.ru/sale/flat/294781496/
2026-01-14 14:24:55,038 - WARNING - 404 image found | offer_id=39954 | offer_url=https://www.cian.ru/sale/flat/304620395/
2026-01-14 14:24:55,038 - WARNING - 404 image found | offer_id=39967 | offer_url=https://www.cian.ru/sale/flat/323649175/
2026-01-14 14:24:55,040 - WARNING - 404 image found | offer_id=39950 | offer_url=https://www.cian.ru/sale/flat/306955230/
2026-01-14 14:24:55,041 - WARNING - 404 image found | offer_id=39966 | offer_url=https://www.cian.ru/sale/flat/323656460/
2026-01-14 14:24:55,044 - WARNING - 404 image found | offer_id=39961 | offer_url=https://www.cian.ru/sale/flat/286324758/
2026-01-14 14:24:55,046 - WARNING - 404 image found | offer_id=39975 | offer_url=https://www.cian.ru/sale/flat/323618141/
2026-01-14 14:24:55,046 - WARNING - 404 image found | offer_id=39977 | offer_url=https://www.cian.ru/sale/flat/323611482/
2026-01-14 14:24:55,048 - WARNING - 404 image found | offer_id=39978 | offer_url=https://www.cian.ru/sale/flat/323607470/
2026-01-14 14:24:55,050 - WARNING - 404 image found | offer_id=39976 | offer_url=https://www.cian.ru/sale/flat/323614456/
2026-01-14 14:24:55,051 - WARNING - 404 image found | offer_id=39982 | offer_url=https://www.cian.ru/sale/flat/323574613/
2026-01-14 14:24:55,054 - WARNING - 404 image found | offer_id=39971 | offer_url=https://www.cian.ru/sale/flat/323626247/
2026-01-14 14:24:55,054 - WARNING - 404 image found | offer_id=39973 | offer_url=https://www.cian.ru/sale/flat/323621207/
2026-01-14 14:24:55,054 - WARNING - 404 image found | offer_id=39958 | offer_url=https://www.cian.ru/sale/flat/301998495/
2026-01-14 14:24:55,054 - WARNING - 404 image found | offer_id=39974 | offer_url=https://www.cian.ru/sale/flat/323621231/
2026-01-14 14:24:55,056 - WARNING - 404 image found | offer_id=39984 | offer_url=https://www.cian.ru/sale/flat/323544608/
2026-01-14 14:24:55,056 - WARNING - 404 image found | offer_id=39979 | offer_url=https://www.cian.ru/sale/flat/323589677/
2026-01-14 14:24:55,057 - WARNING - 404 image found | offer_id=39969 | offer_url=https://www.cian.ru/sale/flat/323642853/
2026-01-14 14:24:55,058 - WARNING - 404 image found | offer_id=39980 | offer_url=https://www.cian.ru/sale/flat/323578785/
2026-01-14 14:24:55,059 - WARNING - 404 image found | offer_id=39750 | offer_url=https://www.cian.ru/sale/flat/322697353/
2026-01-14 14:24:55,061 - WARNING - 404 image found | offer_id=39988 | offer_url=https://www.cian.ru/sale/flat/323522813/
2026-01-14 14:24:55,064 - WARNING - 404 image found | offer_id=39992 | offer_url=https://www.cian.ru/sale/flat/323505323/
2026-01-14 14:24:55,064 - WARNING - 404 image found | offer_id=39997 | offer_url=https://www.cian.ru/sale/flat/323481426/
2026-01-14 14:24:55,065 - WARNING - 404 image found | offer_id=39995 | offer_url=https://www.cian.ru/sale/flat/323486749/
2026-01-14 14:24:55,066 - WARNING - 404 image found | offer_id=39994 | offer_url=https://www.cian.ru/sale/flat/323493398/
2026-01-14 14:24:55,068 - WARNING - 404 image found | offer_id=39999 | offer_url=https://www.cian.ru/sale/flat/323476254/
2026-01-14 14:24:55,069 - WARNING - 404 image found | offer_id=40000 | offer_url=https://www.cian.ru/sale/flat/323474923/
2026-01-14 14:24:55,071 - WARNING - 404 image found | offer_id=39991 | offer_url=https://www.cian.ru/sale/flat/323514010/
2026-01-14 14:24:55,074 - WARNING - 404 image found | offer_id=40004 | offer_url=https://www.cian.ru/sale/flat/323460209/
2026-01-14 14:24:55,076 - WARNING - 404 image found | offer_id=40001 | offer_url=https://www.cian.ru/sale/flat/323473503/
2026-01-14 14:24:55,077 - WARNING - 404 image found | offer_id=40012 | offer_url=https://www.cian.ru/sale/flat/323392890/
2026-01-14 14:24:55,077 - WARNING - 404 image found | offer_id=40010 | offer_url=https://www.cian.ru/sale/flat/323418779/
2026-01-14 14:24:55,079 - WARNING - 404 image found | offer_id=39998 | offer_url=https://www.cian.ru/sale/flat/323479658/
2026-01-14 14:24:55,082 - WARNING - 404 image found | offer_id=40015 | offer_url=https://www.cian.ru/sale/flat/323391916/
2026-01-14 14:24:55,082 - WARNING - 404 image found | offer_id=40011 | offer_url=https://www.cian.ru/sale/flat/323405557/
2026-01-14 14:24:55,083 - WARNING - 404 image found | offer_id=40016 | offer_url=https://www.cian.ru/sale/flat/323378090/
2026-01-14 14:24:55,084 - WARNING - 404 image found | offer_id=40025 | offer_url=https://www.cian.ru/sale/flat/323330668/
2026-01-14 14:24:55,086 - WARNING - 404 image found | offer_id=40021 | offer_url=https://www.cian.ru/sale/flat/323358999/
2026-01-14 14:24:55,086 - WARNING - 404 image found | offer_id=40029 | offer_url=https://www.cian.ru/sale/flat/323321728/
2026-01-14 14:24:55,087 - WARNING - 404 image found | offer_id=40026 | offer_url=https://www.cian.ru/sale/flat/323342540/
2026-01-14 14:24:55,088 - WARNING - 404 image found | offer_id=40027 | offer_url=https://www.cian.ru/sale/flat/323330404/
2026-01-14 14:24:55,088 - WARNING - 404 image found | offer_id=40024 | offer_url=https://www.cian.ru/sale/flat/323341240/
2026-01-14 14:24:55,089 - WARNING - 404 image found | offer_id=40031 | offer_url=https://www.cian.ru/sale/flat/323305506/
2026-01-14 14:24:55,092 - WARNING - 404 image found | offer_id=40020 | offer_url=https://www.cian.ru/sale/flat/323361721/
2026-01-14 14:24:55,097 - WARNING - 404 image found | offer_id=40022 | offer_url=https://www.cian.ru/sale/flat/323352266/
2026-01-14 14:24:55,097 - WARNING - 404 image found | offer_id=40008 | offer_url=https://www.cian.ru/sale/flat/323420911/
2026-01-14 14:24:55,100 - WARNING - 404 image found | offer_id=40033 | offer_url=https://www.cian.ru/sale/flat/323293566/
2026-01-14 14:24:55,114 - WARNING - 404 image found | offer_id=40053 | offer_url=https://www.cian.ru/sale/flat/323176058/
2026-01-14 14:24:55,115 - WARNING - 404 image found | offer_id=40039 | offer_url=https://www.cian.ru/sale/flat/323235011/
2026-01-14 14:24:55,115 - WARNING - 404 image found | offer_id=40044 | offer_url=https://www.cian.ru/sale/flat/323203494/
2026-01-14 14:24:55,115 - WARNING - 404 image found | offer_id=40046 | offer_url=https://www.cian.ru/sale/flat/323201686/
2026-01-14 14:24:55,118 - WARNING - 404 image found | offer_id=40049 | offer_url=https://www.cian.ru/sale/flat/323198879/
2026-01-14 14:24:55,118 - WARNING - 404 image found | offer_id=40056 | offer_url=https://www.cian.ru/sale/flat/323134405/
2026-01-14 14:24:55,118 - WARNING - 404 image found | offer_id=40042 | offer_url=https://www.cian.ru/sale/flat/323217577/
2026-01-14 14:24:55,118 - WARNING - 404 image found | offer_id=40048 | offer_url=https://www.cian.ru/sale/flat/323199650/
2026-01-14 14:24:55,118 - WARNING - 404 image found | offer_id=40052 | offer_url=https://www.cian.ru/sale/flat/323181871/
2026-01-14 14:24:55,119 - WARNING - 404 image found | offer_id=40051 | offer_url=https://www.cian.ru/sale/flat/323177672/
2026-01-14 14:24:55,119 - WARNING - 404 image found | offer_id=39972 | offer_url=https://www.cian.ru/sale/flat/323622162/
2026-01-14 14:24:55,119 - WARNING - 404 image found | offer_id=40045 | offer_url=https://www.cian.ru/sale/flat/323203031/
2026-01-14 14:24:55,119 - WARNING - 404 image found | offer_id=40043 | offer_url=https://www.cian.ru/sale/flat/323208479/
2026-01-14 14:24:55,121 - WARNING - 404 image found | offer_id=40057 | offer_url=https://www.cian.ru/sale/flat/323166242/
2026-01-14 14:24:55,121 - WARNING - 404 image found | offer_id=40060 | offer_url=https://www.cian.ru/sale/flat/323100412/
2026-01-14 14:24:55,121 - WARNING - 404 image found | offer_id=40062 | offer_url=https://www.cian.ru/sale/flat/323039975/
2026-01-14 14:24:55,122 - WARNING - 404 image found | offer_id=40063 | offer_url=https://www.cian.ru/sale/flat/323095659/
2026-01-14 14:24:55,122 - WARNING - 404 image found | offer_id=40065 | offer_url=https://www.cian.ru/sale/flat/323020944/
2026-01-14 14:24:55,135 - WARNING - 404 image found | offer_id=40058 | offer_url=https://www.cian.ru/sale/flat/323129827/
2026-01-14 14:24:55,139 - WARNING - 404 image found | offer_id=40084 | offer_url=https://www.cian.ru/sale/flat/322880666/
2026-01-14 14:24:55,140 - WARNING - 404 image found | offer_id=40090 | offer_url=https://www.cian.ru/sale/flat/322880161/
2026-01-14 14:24:55,140 - WARNING - 404 image found | offer_id=40069 | offer_url=https://www.cian.ru/sale/flat/322980384/
2026-01-14 14:24:55,141 - WARNING - 404 image found | offer_id=40088 | offer_url=https://www.cian.ru/sale/flat/322870004/
2026-01-14 14:24:55,142 - WARNING - 404 image found | offer_id=40089 | offer_url=https://www.cian.ru/sale/flat/322860050/
2026-01-14 14:24:55,142 - WARNING - 404 image found | offer_id=40091 | offer_url=https://www.cian.ru/sale/flat/322859985/
2026-01-14 14:24:55,143 - WARNING - 404 image found | offer_id=40074 | offer_url=https://www.cian.ru/sale/flat/322934621/
2026-01-14 14:24:55,144 - WARNING - 404 image found | offer_id=40082 | offer_url=https://www.cian.ru/sale/flat/322895917/
2026-01-14 14:24:55,145 - WARNING - 404 image found | offer_id=40093 | offer_url=https://www.cian.ru/sale/flat/322848250/
2026-01-14 14:24:55,146 - WARNING - 404 image found | offer_id=40076 | offer_url=https://www.cian.ru/sale/flat/322932982/
2026-01-14 14:24:55,146 - WARNING - 404 image found | offer_id=40073 | offer_url=https://www.cian.ru/sale/flat/322959116/
2026-01-14 14:24:55,150 - WARNING - 404 image found | offer_id=40094 | offer_url=https://www.cian.ru/sale/flat/322812570/
2026-01-14 14:24:55,152 - WARNING - 404 image found | offer_id=40086 | offer_url=https://www.cian.ru/sale/flat/322877101/
2026-01-14 14:24:55,152 - WARNING - 404 image found | offer_id=40095 | offer_url=https://www.cian.ru/sale/flat/322798134/
2026-01-14 14:24:55,162 - WARNING - 404 image found | offer_id=40080 | offer_url=https://www.cian.ru/sale/flat/322900170/
2026-01-14 14:24:55,173 - WARNING - 404 image found | offer_id=40085 | offer_url=https://www.cian.ru/sale/flat/322887191/
2026-01-14 14:24:55,184 - WARNING - 404 image found | offer_id=40071 | offer_url=https://www.cian.ru/sale/flat/322966893/
2026-01-14 14:24:55,257 - WARNING - 404 image found | offer_id=40037 | offer_url=https://www.cian.ru/sale/flat/323265282/
2026-01-14 14:24:55,274 - INFO - checked=11000, 404=6466, deleted=6399, deactivated=1, speed=331.2/s
2026-01-14 14:24:55,274 - INFO - Batch #23, last_id=40095
2026-01-14 14:24:55,299 - WARNING - 404 image found | offer_id=40097 | offer_url=https://www.cian.ru/sale/flat/322795164/
2026-01-14 14:24:55,301 - WARNING - 404 image found | offer_id=40117 | offer_url=https://www.cian.ru/sale/flat/322598635/
2026-01-14 14:24:55,303 - WARNING - 404 image found | offer_id=40110 | offer_url=https://www.cian.ru/sale/flat/322641771/
2026-01-14 14:24:55,303 - WARNING - 404 image found | offer_id=40108 | offer_url=https://www.cian.ru/sale/flat/322700990/
2026-01-14 14:24:55,306 - WARNING - 404 image found | offer_id=40113 | offer_url=https://www.cian.ru/sale/flat/322614940/
2026-01-14 14:24:55,307 - WARNING - 404 image found | offer_id=40109 | offer_url=https://www.cian.ru/sale/flat/322661692/
2026-01-14 14:24:55,308 - WARNING - 404 image found | offer_id=40098 | offer_url=https://www.cian.ru/sale/flat/322837163/
2026-01-14 14:24:55,309 - WARNING - 404 image found | offer_id=40099 | offer_url=https://www.cian.ru/sale/flat/322793839/
2026-01-14 14:24:55,310 - WARNING - 404 image found | offer_id=40118 | offer_url=https://www.cian.ru/sale/flat/322580528/
2026-01-14 14:24:55,311 - WARNING - 404 image found | offer_id=40121 | offer_url=https://www.cian.ru/sale/flat/322494426/
2026-01-14 14:24:55,314 - WARNING - 404 image found | offer_id=40115 | offer_url=https://www.cian.ru/sale/flat/322599216/
2026-01-14 14:24:55,316 - WARNING - 404 image found | offer_id=40134 | offer_url=https://www.cian.ru/sale/flat/322346161/
2026-01-14 14:24:55,318 - WARNING - 404 image found | offer_id=40132 | offer_url=https://www.cian.ru/sale/flat/322370414/
2026-01-14 14:24:55,319 - WARNING - 404 image found | offer_id=40129 | offer_url=https://www.cian.ru/sale/flat/322396636/
2026-01-14 14:24:55,321 - WARNING - 404 image found | offer_id=40140 | offer_url=https://www.cian.ru/sale/flat/322262901/
2026-01-14 14:24:55,322 - WARNING - 404 image found | offer_id=40143 | offer_url=https://www.cian.ru/sale/flat/322208525/
2026-01-14 14:24:55,327 - WARNING - 404 image found | offer_id=40154 | offer_url=https://www.cian.ru/sale/flat/322035571/
2026-01-14 14:24:55,331 - WARNING - 404 image found | offer_id=40146 | offer_url=https://www.cian.ru/sale/flat/322198163/
2026-01-14 14:24:55,331 - WARNING - 404 image found | offer_id=40149 | offer_url=https://www.cian.ru/sale/flat/322117545/
2026-01-14 14:24:55,341 - WARNING - 404 image found | offer_id=40155 | offer_url=https://www.cian.ru/sale/flat/322052725/
2026-01-14 14:24:55,341 - WARNING - 404 image found | offer_id=40142 | offer_url=https://www.cian.ru/sale/flat/322246742/
2026-01-14 14:24:55,341 - WARNING - 404 image found | offer_id=40169 | offer_url=https://www.cian.ru/sale/flat/321806032/
2026-01-14 14:24:55,342 - WARNING - 404 image found | offer_id=40144 | offer_url=https://www.cian.ru/sale/flat/322207704/
2026-01-14 14:24:55,342 - WARNING - 404 image found | offer_id=40162 | offer_url=https://www.cian.ru/sale/flat/321935695/
2026-01-14 14:24:55,342 - WARNING - 404 image found | offer_id=40160 | offer_url=https://www.cian.ru/sale/flat/321957467/
2026-01-14 14:24:55,343 - WARNING - 404 image found | offer_id=40158 | offer_url=https://www.cian.ru/sale/flat/321994545/
2026-01-14 14:24:55,343 - WARNING - 404 image found | offer_id=40161 | offer_url=https://www.cian.ru/sale/flat/321936644/
2026-01-14 14:24:55,344 - WARNING - 404 image found | offer_id=40163 | offer_url=https://www.cian.ru/sale/flat/321930054/
2026-01-14 14:24:55,344 - WARNING - 404 image found | offer_id=40150 | offer_url=https://www.cian.ru/sale/flat/322108450/
2026-01-14 14:24:55,345 - WARNING - 404 image found | offer_id=40151 | offer_url=https://www.cian.ru/sale/flat/322071847/
2026-01-14 14:24:55,345 - WARNING - 404 image found | offer_id=40112 | offer_url=https://www.cian.ru/sale/flat/322619335/
2026-01-14 14:24:55,345 - WARNING - 404 image found | offer_id=40170 | offer_url=https://www.cian.ru/sale/flat/321802351/
2026-01-14 14:24:55,346 - WARNING - 404 image found | offer_id=40167 | offer_url=https://www.cian.ru/sale/flat/321868586/
2026-01-14 14:24:55,346 - WARNING - 404 image found | offer_id=40165 | offer_url=https://www.cian.ru/sale/flat/321883672/
2026-01-14 14:24:55,347 - WARNING - 404 image found | offer_id=40168 | offer_url=https://www.cian.ru/sale/flat/321861928/
2026-01-14 14:24:55,347 - WARNING - 404 image found | offer_id=40164 | offer_url=https://www.cian.ru/sale/flat/321906257/
2026-01-14 14:24:55,353 - WARNING - 404 image found | offer_id=40171 | offer_url=https://www.cian.ru/sale/flat/321802483/
2026-01-14 14:24:55,353 - WARNING - 404 image found | offer_id=40153 | offer_url=https://www.cian.ru/sale/flat/322057460/
2026-01-14 14:24:55,354 - WARNING - 404 image found | offer_id=40173 | offer_url=https://www.cian.ru/sale/flat/321792528/
2026-01-14 14:24:55,359 - WARNING - 404 image found | offer_id=40137 | offer_url=https://www.cian.ru/sale/flat/322305220/
2026-01-14 14:24:55,362 - WARNING - 404 image found | offer_id=40180 | offer_url=https://www.cian.ru/sale/flat/321673744/
2026-01-14 14:24:55,364 - WARNING - 404 image found | offer_id=40181 | offer_url=https://www.cian.ru/sale/flat/321636347/
2026-01-14 14:24:55,365 - WARNING - 404 image found | offer_id=40178 | offer_url=https://www.cian.ru/sale/flat/321697022/
2026-01-14 14:24:55,370 - WARNING - 404 image found | offer_id=40187 | offer_url=https://www.cian.ru/sale/flat/321591824/
2026-01-14 14:24:55,372 - WARNING - 404 image found | offer_id=40185 | offer_url=https://www.cian.ru/sale/flat/321628382/
2026-01-14 14:24:55,374 - WARNING - 404 image found | offer_id=40184 | offer_url=https://www.cian.ru/sale/flat/321607569/
2026-01-14 14:24:55,380 - WARNING - 404 image found | offer_id=40172 | offer_url=https://www.cian.ru/sale/flat/321794900/
2026-01-14 14:24:55,380 - WARNING - 404 image found | offer_id=40203 | offer_url=https://www.cian.ru/sale/flat/321285696/
2026-01-14 14:24:55,382 - WARNING - 404 image found | offer_id=40200 | offer_url=https://www.cian.ru/sale/flat/321319223/
2026-01-14 14:24:55,382 - WARNING - 404 image found | offer_id=40196 | offer_url=https://www.cian.ru/sale/flat/321439850/
2026-01-14 14:24:55,382 - WARNING - 404 image found | offer_id=40174 | offer_url=https://www.cian.ru/sale/flat/321789806/
2026-01-14 14:24:55,382 - WARNING - 404 image found | offer_id=40194 | offer_url=https://www.cian.ru/sale/flat/321441086/
2026-01-14 14:24:55,383 - WARNING - 404 image found | offer_id=40205 | offer_url=https://www.cian.ru/sale/flat/321273867/
2026-01-14 14:24:55,384 - WARNING - 404 image found | offer_id=40208 | offer_url=https://www.cian.ru/sale/flat/321186597/
2026-01-14 14:24:55,387 - WARNING - 404 image found | offer_id=40206 | offer_url=https://www.cian.ru/sale/flat/321191600/
2026-01-14 14:24:55,388 - WARNING - 404 image found | offer_id=40195 | offer_url=https://www.cian.ru/sale/flat/321404847/
2026-01-14 14:24:55,389 - WARNING - 404 image found | offer_id=40212 | offer_url=https://www.cian.ru/sale/flat/321151920/
2026-01-14 14:24:55,390 - WARNING - 404 image found | offer_id=40204 | offer_url=https://www.cian.ru/sale/flat/321276297/
2026-01-14 14:24:55,393 - WARNING - 404 image found | offer_id=40179 | offer_url=https://www.cian.ru/sale/flat/321693448/
2026-01-14 14:24:55,394 - WARNING - 404 image found | offer_id=40207 | offer_url=https://www.cian.ru/sale/flat/321175067/
2026-01-14 14:24:55,394 - WARNING - 404 image found | offer_id=40211 | offer_url=https://www.cian.ru/sale/flat/321142301/
2026-01-14 14:24:55,395 - WARNING - 404 image found | offer_id=40182 | offer_url=https://www.cian.ru/sale/flat/321618640/
2026-01-14 14:24:55,398 - WARNING - 404 image found | offer_id=40209 | offer_url=https://www.cian.ru/sale/flat/321162776/
2026-01-14 14:24:55,402 - WARNING - 404 image found | offer_id=40221 | offer_url=https://www.cian.ru/sale/flat/320791592/
2026-01-14 14:24:55,406 - WARNING - 404 image found | offer_id=40220 | offer_url=https://www.cian.ru/sale/flat/320795354/
2026-01-14 14:24:55,408 - WARNING - 404 image found | offer_id=40225 | offer_url=https://www.cian.ru/sale/flat/320777930/
2026-01-14 14:24:55,409 - WARNING - 404 image found | offer_id=40229 | offer_url=https://www.cian.ru/sale/flat/320718601/
2026-01-14 14:24:55,410 - WARNING - 404 image found | offer_id=40240 | offer_url=https://www.cian.ru/sale/flat/320274044/
2026-01-14 14:24:55,411 - WARNING - 404 image found | offer_id=40226 | offer_url=https://www.cian.ru/sale/flat/320763761/
2026-01-14 14:24:55,413 - WARNING - 404 image found | offer_id=40219 | offer_url=https://www.cian.ru/sale/flat/320880072/
2026-01-14 14:24:55,414 - WARNING - 404 image found | offer_id=40235 | offer_url=https://www.cian.ru/sale/flat/320596555/
2026-01-14 14:24:55,414 - WARNING - 404 image found | offer_id=40227 | offer_url=https://www.cian.ru/sale/flat/320750655/
2026-01-14 14:24:55,420 - WARNING - 404 image found | offer_id=40256 | offer_url=https://www.cian.ru/sale/flat/319520319/
2026-01-14 14:24:55,421 - WARNING - 404 image found | offer_id=40249 | offer_url=https://www.cian.ru/sale/flat/319917495/
2026-01-14 14:24:55,424 - WARNING - 404 image found | offer_id=40243 | offer_url=https://www.cian.ru/sale/flat/320171002/
2026-01-14 14:24:55,425 - WARNING - 404 image found | offer_id=40239 | offer_url=https://www.cian.ru/sale/flat/320277326/
2026-01-14 14:24:55,427 - WARNING - 404 image found | offer_id=40264 | offer_url=https://www.cian.ru/sale/flat/318780602/
2026-01-14 14:24:55,430 - WARNING - 404 image found | offer_id=40258 | offer_url=https://www.cian.ru/sale/flat/319322950/
2026-01-14 14:24:55,432 - WARNING - 404 image found | offer_id=40266 | offer_url=https://www.cian.ru/sale/flat/318423318/
2026-01-14 14:24:55,432 - WARNING - 404 image found | offer_id=40257 | offer_url=https://www.cian.ru/sale/flat/319460297/
2026-01-14 14:24:55,432 - WARNING - 404 image found | offer_id=40252 | offer_url=https://www.cian.ru/sale/flat/319787565/
2026-01-14 14:24:55,432 - WARNING - 404 image found | offer_id=40245 | offer_url=https://www.cian.ru/sale/flat/320142013/
2026-01-14 14:24:55,432 - WARNING - 404 image found | offer_id=40254 | offer_url=https://www.cian.ru/sale/flat/319601833/
2026-01-14 14:24:55,433 - WARNING - 404 image found | offer_id=40261 | offer_url=https://www.cian.ru/sale/flat/319032710/
2026-01-14 14:24:55,435 - WARNING - 404 image found | offer_id=40259 | offer_url=https://www.cian.ru/sale/flat/319229257/
2026-01-14 14:24:55,437 - WARNING - 404 image found | offer_id=40268 | offer_url=https://www.cian.ru/sale/flat/318114212/
2026-01-14 14:24:55,439 - WARNING - 404 image found | offer_id=40263 | offer_url=https://www.cian.ru/sale/flat/318818204/
2026-01-14 14:24:55,448 - WARNING - 404 image found | offer_id=40282 | offer_url=https://www.cian.ru/sale/flat/315969447/
2026-01-14 14:24:55,448 - WARNING - 404 image found | offer_id=40273 | offer_url=https://www.cian.ru/sale/flat/317582038/
2026-01-14 14:24:55,448 - WARNING - 404 image found | offer_id=40277 | offer_url=https://www.cian.ru/sale/flat/316677777/
2026-01-14 14:24:55,448 - WARNING - 404 image found | offer_id=40272 | offer_url=https://www.cian.ru/sale/flat/317626205/
2026-01-14 14:24:55,452 - WARNING - 404 image found | offer_id=40289 | offer_url=https://www.cian.ru/sale/flat/312216656/
2026-01-14 14:24:55,453 - WARNING - 404 image found | offer_id=40286 | offer_url=https://www.cian.ru/sale/flat/313757497/
2026-01-14 14:24:55,454 - WARNING - 404 image found | offer_id=40287 | offer_url=https://www.cian.ru/sale/flat/313446823/
2026-01-14 14:24:55,454 - WARNING - 404 image found | offer_id=40293 | offer_url=https://www.cian.ru/sale/flat/306268948/
2026-01-14 14:24:55,456 - WARNING - 404 image found | offer_id=40281 | offer_url=https://www.cian.ru/sale/flat/316053341/
2026-01-14 14:24:55,458 - WARNING - 404 image found | offer_id=40298 | offer_url=https://www.cian.ru/sale/flat/302216026/
2026-01-14 14:24:55,459 - WARNING - 404 image found | offer_id=40284 | offer_url=https://www.cian.ru/sale/flat/315728900/
2026-01-14 14:24:55,462 - WARNING - 404 image found | offer_id=40242 | offer_url=https://www.cian.ru/sale/flat/320198667/
2026-01-14 14:24:55,466 - WARNING - 404 image found | offer_id=40300 | offer_url=https://www.cian.ru/sale/flat/294738070/
2026-01-14 14:24:55,466 - WARNING - 404 image found | offer_id=40301 | offer_url=https://www.cian.ru/sale/flat/241328479/
2026-01-14 14:24:55,469 - WARNING - 404 image found | offer_id=40306 | offer_url=https://www.cian.ru/sale/flat/323608310/
2026-01-14 14:24:55,470 - WARNING - 404 image found | offer_id=40303 | offer_url=https://www.cian.ru/sale/flat/323662449/
2026-01-14 14:24:55,471 - WARNING - 404 image found | offer_id=40309 | offer_url=https://www.cian.ru/sale/flat/323601528/
2026-01-14 14:24:55,472 - WARNING - 404 image found | offer_id=40311 | offer_url=https://www.cian.ru/sale/flat/323595503/
2026-01-14 14:24:55,472 - WARNING - 404 image found | offer_id=40302 | offer_url=https://www.cian.ru/sale/flat/323663346/
2026-01-14 14:24:55,473 - WARNING - 404 image found | offer_id=40305 | offer_url=https://www.cian.ru/sale/flat/323626185/
2026-01-14 14:24:55,474 - WARNING - 404 image found | offer_id=40291 | offer_url=https://www.cian.ru/sale/flat/309988410/
2026-01-14 14:24:55,475 - WARNING - 404 image found | offer_id=40318 | offer_url=https://www.cian.ru/sale/flat/323544085/
2026-01-14 14:24:55,478 - WARNING - 404 image found | offer_id=40317 | offer_url=https://www.cian.ru/sale/flat/323556463/
2026-01-14 14:24:55,479 - WARNING - 404 image found | offer_id=40319 | offer_url=https://www.cian.ru/sale/flat/323542766/
2026-01-14 14:24:55,481 - WARNING - 404 image found | offer_id=40313 | offer_url=https://www.cian.ru/sale/flat/323562512/
2026-01-14 14:24:55,484 - WARNING - 404 image found | offer_id=40325 | offer_url=https://www.cian.ru/sale/flat/323515301/
2026-01-14 14:24:55,487 - WARNING - 404 image found | offer_id=40320 | offer_url=https://www.cian.ru/sale/flat/323541636/
2026-01-14 14:24:55,488 - WARNING - 404 image found | offer_id=40332 | offer_url=https://www.cian.ru/sale/flat/323407427/
2026-01-14 14:24:55,488 - WARNING - 404 image found | offer_id=40328 | offer_url=https://www.cian.ru/sale/flat/323477209/
2026-01-14 14:24:55,492 - WARNING - 404 image found | offer_id=40330 | offer_url=https://www.cian.ru/sale/flat/323430164/
2026-01-14 14:24:55,493 - WARNING - 404 image found | offer_id=40327 | offer_url=https://www.cian.ru/sale/flat/323490262/
2026-01-14 14:24:55,494 - WARNING - 404 image found | offer_id=40335 | offer_url=https://www.cian.ru/sale/flat/323364940/
2026-01-14 14:24:55,495 - WARNING - 404 image found | offer_id=40334 | offer_url=https://www.cian.ru/sale/flat/323378070/
2026-01-14 14:24:55,496 - WARNING - 404 image found | offer_id=40333 | offer_url=https://www.cian.ru/sale/flat/323383261/
2026-01-14 14:24:55,497 - WARNING - 404 image found | offer_id=40324 | offer_url=https://www.cian.ru/sale/flat/323518455/
2026-01-14 14:24:55,500 - WARNING - 404 image found | offer_id=40340 | offer_url=https://www.cian.ru/sale/flat/323340171/
2026-01-14 14:24:55,501 - WARNING - 404 image found | offer_id=40341 | offer_url=https://www.cian.ru/sale/flat/323325122/
2026-01-14 14:24:55,501 - WARNING - 404 image found | offer_id=40342 | offer_url=https://www.cian.ru/sale/flat/323319547/
2026-01-14 14:24:55,505 - WARNING - 404 image found | offer_id=40346 | offer_url=https://www.cian.ru/sale/flat/323292079/
2026-01-14 14:24:55,507 - WARNING - 404 image found | offer_id=40351 | offer_url=https://www.cian.ru/sale/flat/323251225/
2026-01-14 14:24:55,508 - WARNING - 404 image found | offer_id=40347 | offer_url=https://www.cian.ru/sale/flat/323279073/
2026-01-14 14:24:55,509 - WARNING - 404 image found | offer_id=40353 | offer_url=https://www.cian.ru/sale/flat/323223644/
2026-01-14 14:24:55,511 - WARNING - 404 image found | offer_id=40345 | offer_url=https://www.cian.ru/sale/flat/323304916/
2026-01-14 14:24:55,511 - WARNING - 404 image found | offer_id=40280 | offer_url=https://www.cian.ru/sale/flat/316131933/
2026-01-14 14:24:55,517 - WARNING - 404 image found | offer_id=40356 | offer_url=https://www.cian.ru/sale/flat/323195396/
2026-01-14 14:24:55,518 - WARNING - 404 image found | offer_id=40362 | offer_url=https://www.cian.ru/sale/flat/323143961/
2026-01-14 14:24:55,523 - WARNING - 404 image found | offer_id=40314 | offer_url=https://www.cian.ru/sale/flat/323559283/
2026-01-14 14:24:55,523 - WARNING - 404 image found | offer_id=40354 | offer_url=https://www.cian.ru/sale/flat/323219074/
2026-01-14 14:24:55,523 - WARNING - 404 image found | offer_id=40358 | offer_url=https://www.cian.ru/sale/flat/323177699/
2026-01-14 14:24:55,523 - WARNING - 404 image found | offer_id=40360 | offer_url=https://www.cian.ru/sale/flat/323195188/
2026-01-14 14:24:55,525 - WARNING - 404 image found | offer_id=40368 | offer_url=https://www.cian.ru/sale/flat/323120838/
2026-01-14 14:24:55,528 - WARNING - 404 image found | offer_id=40367 | offer_url=https://www.cian.ru/sale/flat/323123320/
2026-01-14 14:24:55,529 - WARNING - 404 image found | offer_id=40363 | offer_url=https://www.cian.ru/sale/flat/323139074/
2026-01-14 14:24:55,530 - WARNING - 404 image found | offer_id=40377 | offer_url=https://www.cian.ru/sale/flat/323052569/
2026-01-14 14:24:55,531 - WARNING - 404 image found | offer_id=40369 | offer_url=https://www.cian.ru/sale/flat/323095916/
2026-01-14 14:24:55,532 - WARNING - 404 image found | offer_id=40373 | offer_url=https://www.cian.ru/sale/flat/323077919/
2026-01-14 14:24:55,533 - WARNING - 404 image found | offer_id=40375 | offer_url=https://www.cian.ru/sale/flat/323056286/
2026-01-14 14:24:55,537 - WARNING - 404 image found | offer_id=40383 | offer_url=https://www.cian.ru/sale/flat/322966628/
2026-01-14 14:24:55,540 - WARNING - 404 image found | offer_id=40365 | offer_url=https://www.cian.ru/sale/flat/323135799/
2026-01-14 14:24:55,543 - WARNING - 404 image found | offer_id=40394 | offer_url=https://www.cian.ru/sale/flat/322852044/
2026-01-14 14:24:55,544 - WARNING - 404 image found | offer_id=40384 | offer_url=https://www.cian.ru/sale/flat/322931523/
2026-01-14 14:24:55,545 - WARNING - 404 image found | offer_id=40395 | offer_url=https://www.cian.ru/sale/flat/322843394/
2026-01-14 14:24:55,547 - WARNING - 404 image found | offer_id=40392 | offer_url=https://www.cian.ru/sale/flat/322874871/
2026-01-14 14:24:55,550 - WARNING - 404 image found | offer_id=40397 | offer_url=https://www.cian.ru/sale/flat/322819807/
2026-01-14 14:24:55,551 - WARNING - 404 image found | offer_id=40389 | offer_url=https://www.cian.ru/sale/flat/322907475/
2026-01-14 14:24:55,552 - WARNING - 404 image found | offer_id=40390 | offer_url=https://www.cian.ru/sale/flat/322876042/
2026-01-14 14:24:55,552 - WARNING - 404 image found | offer_id=40385 | offer_url=https://www.cian.ru/sale/flat/322927754/
2026-01-14 14:24:55,553 - WARNING - 404 image found | offer_id=40387 | offer_url=https://www.cian.ru/sale/flat/322924478/
2026-01-14 14:24:55,553 - WARNING - 404 image found | offer_id=40398 | offer_url=https://www.cian.ru/sale/flat/322807262/
2026-01-14 14:24:55,553 - WARNING - 404 image found | offer_id=40399 | offer_url=https://www.cian.ru/sale/flat/322806141/
2026-01-14 14:24:55,554 - WARNING - 404 image found | offer_id=40403 | offer_url=https://www.cian.ru/sale/flat/322794793/
2026-01-14 14:24:55,555 - WARNING - 404 image found | offer_id=40396 | offer_url=https://www.cian.ru/sale/flat/322835040/
2026-01-14 14:24:55,556 - WARNING - 404 image found | offer_id=40402 | offer_url=https://www.cian.ru/sale/flat/322794804/
2026-01-14 14:24:55,559 - WARNING - 404 image found | offer_id=40405 | offer_url=https://www.cian.ru/sale/flat/322762473/
2026-01-14 14:24:55,565 - WARNING - 404 image found | offer_id=40407 | offer_url=https://www.cian.ru/sale/flat/322730629/
2026-01-14 14:24:55,568 - WARNING - 404 image found | offer_id=40412 | offer_url=https://www.cian.ru/sale/flat/322650185/
2026-01-14 14:24:55,574 - WARNING - 404 image found | offer_id=40422 | offer_url=https://www.cian.ru/sale/flat/322456788/
2026-01-14 14:24:55,575 - WARNING - 404 image found | offer_id=40414 | offer_url=https://www.cian.ru/sale/flat/322622629/
2026-01-14 14:24:55,576 - WARNING - 404 image found | offer_id=40424 | offer_url=https://www.cian.ru/sale/flat/322440580/
2026-01-14 14:24:55,582 - WARNING - 404 image found | offer_id=40416 | offer_url=https://www.cian.ru/sale/flat/322580688/
2026-01-14 14:24:55,582 - WARNING - 404 image found | offer_id=40419 | offer_url=https://www.cian.ru/sale/flat/322503316/
2026-01-14 14:24:55,582 - WARNING - 404 image found | offer_id=40418 | offer_url=https://www.cian.ru/sale/flat/322558242/
2026-01-14 14:24:55,582 - WARNING - 404 image found | offer_id=40421 | offer_url=https://www.cian.ru/sale/flat/322482150/
2026-01-14 14:24:55,583 - WARNING - 404 image found | offer_id=40388 | offer_url=https://www.cian.ru/sale/flat/322918131/
2026-01-14 14:24:55,584 - WARNING - 404 image found | offer_id=40415 | offer_url=https://www.cian.ru/sale/flat/322642754/
2026-01-14 14:24:55,585 - WARNING - 404 image found | offer_id=40432 | offer_url=https://www.cian.ru/sale/flat/322236412/
2026-01-14 14:24:55,587 - WARNING - 404 image found | offer_id=40430 | offer_url=https://www.cian.ru/sale/flat/322312483/
2026-01-14 14:24:55,589 - WARNING - 404 image found | offer_id=40426 | offer_url=https://www.cian.ru/sale/flat/322356823/
2026-01-14 14:24:55,590 - WARNING - 404 image found | offer_id=40433 | offer_url=https://www.cian.ru/sale/flat/322280059/
2026-01-14 14:24:55,591 - WARNING - 404 image found | offer_id=40441 | offer_url=https://www.cian.ru/sale/flat/322002445/
2026-01-14 14:24:55,591 - WARNING - 404 image found | offer_id=40440 | offer_url=https://www.cian.ru/sale/flat/322015012/
2026-01-14 14:24:55,594 - WARNING - 404 image found | offer_id=40442 | offer_url=https://www.cian.ru/sale/flat/321974202/
2026-01-14 14:24:55,595 - WARNING - 404 image found | offer_id=40436 | offer_url=https://www.cian.ru/sale/flat/322202909/
2026-01-14 14:24:55,600 - WARNING - 404 image found | offer_id=40445 | offer_url=https://www.cian.ru/sale/flat/321924889/
2026-01-14 14:24:55,602 - WARNING - 404 image found | offer_id=40450 | offer_url=https://www.cian.ru/sale/flat/321805151/
2026-01-14 14:24:55,608 - WARNING - 404 image found | offer_id=40454 | offer_url=https://www.cian.ru/sale/flat/321777461/
2026-01-14 14:24:55,609 - WARNING - 404 image found | offer_id=40457 | offer_url=https://www.cian.ru/sale/flat/321729730/
2026-01-14 14:24:55,610 - WARNING - 404 image found | offer_id=40452 | offer_url=https://www.cian.ru/sale/flat/321822475/
2026-01-14 14:24:55,610 - WARNING - 404 image found | offer_id=40464 | offer_url=https://www.cian.ru/sale/flat/321504313/
2026-01-14 14:24:55,611 - WARNING - 404 image found | offer_id=40465 | offer_url=https://www.cian.ru/sale/flat/321478721/
2026-01-14 14:24:55,613 - WARNING - 404 image found | offer_id=40467 | offer_url=https://www.cian.ru/sale/flat/321417401/
2026-01-14 14:24:55,613 - WARNING - 404 image found | offer_id=40466 | offer_url=https://www.cian.ru/sale/flat/321478270/
2026-01-14 14:24:55,614 - WARNING - 404 image found | offer_id=40469 | offer_url=https://www.cian.ru/sale/flat/321340285/
2026-01-14 14:24:55,615 - WARNING - 404 image found | offer_id=40471 | offer_url=https://www.cian.ru/sale/flat/321120504/
2026-01-14 14:24:55,616 - WARNING - 404 image found | offer_id=40468 | offer_url=https://www.cian.ru/sale/flat/321342849/
2026-01-14 14:24:55,618 - WARNING - 404 image found | offer_id=40474 | offer_url=https://www.cian.ru/sale/flat/321071005/
2026-01-14 14:24:55,627 - WARNING - 404 image found | offer_id=40475 | offer_url=https://www.cian.ru/sale/flat/321059802/
2026-01-14 14:24:55,628 - WARNING - 404 image found | offer_id=40486 | offer_url=https://www.cian.ru/sale/flat/320085074/
2026-01-14 14:24:55,629 - WARNING - 404 image found | offer_id=40459 | offer_url=https://www.cian.ru/sale/flat/321662491/
2026-01-14 14:24:55,631 - WARNING - 404 image found | offer_id=40481 | offer_url=https://www.cian.ru/sale/flat/320558689/
2026-01-14 14:24:55,632 - WARNING - 404 image found | offer_id=40477 | offer_url=https://www.cian.ru/sale/flat/320848618/
2026-01-14 14:24:55,632 - WARNING - 404 image found | offer_id=40470 | offer_url=https://www.cian.ru/sale/flat/321265141/
2026-01-14 14:24:55,632 - WARNING - 404 image found | offer_id=40473 | offer_url=https://www.cian.ru/sale/flat/321104001/
2026-01-14 14:24:55,633 - WARNING - 404 image found | offer_id=40401 | offer_url=https://www.cian.ru/sale/flat/322795536/
2026-01-14 14:24:55,633 - WARNING - 404 image found | offer_id=40493 | offer_url=https://www.cian.ru/sale/flat/319856898/
2026-01-14 14:24:55,636 - WARNING - 404 image found | offer_id=40496 | offer_url=https://www.cian.ru/sale/flat/319544515/
2026-01-14 14:24:55,639 - WARNING - 404 image found | offer_id=40494 | offer_url=https://www.cian.ru/sale/flat/319564002/
2026-01-14 14:24:55,643 - WARNING - 404 image found | offer_id=40501 | offer_url=https://www.cian.ru/sale/flat/318947697/
2026-01-14 14:24:55,648 - WARNING - 404 image found | offer_id=40491 | offer_url=https://www.cian.ru/sale/flat/319902325/
2026-01-14 14:24:55,648 - WARNING - 404 image found | offer_id=40503 | offer_url=https://www.cian.ru/sale/flat/318851700/
2026-01-14 14:24:55,649 - WARNING - 404 image found | offer_id=40484 | offer_url=https://www.cian.ru/sale/flat/320554474/
2026-01-14 14:24:55,650 - WARNING - 404 image found | offer_id=40502 | offer_url=https://www.cian.ru/sale/flat/319148846/
2026-01-14 14:24:55,651 - WARNING - 404 image found | offer_id=40504 | offer_url=https://www.cian.ru/sale/flat/318836150/
2026-01-14 14:24:55,652 - WARNING - 404 image found | offer_id=40505 | offer_url=https://www.cian.ru/sale/flat/318826509/
2026-01-14 14:24:55,652 - WARNING - 404 image found | offer_id=40321 | offer_url=https://www.cian.ru/sale/flat/323530257/
2026-01-14 14:24:55,653 - WARNING - 404 image found | offer_id=40487 | offer_url=https://www.cian.ru/sale/flat/320017010/
2026-01-14 14:24:55,653 - WARNING - 404 image found | offer_id=40497 | offer_url=https://www.cian.ru/sale/flat/319385236/
2026-01-14 14:24:55,653 - WARNING - 404 image found | offer_id=40498 | offer_url=https://www.cian.ru/sale/flat/319246186/
2026-01-14 14:24:55,655 - WARNING - 404 image found | offer_id=40508 | offer_url=https://www.cian.ru/sale/flat/318579835/
2026-01-14 14:24:55,657 - WARNING - 404 image found | offer_id=40514 | offer_url=https://www.cian.ru/sale/flat/318215493/
2026-01-14 14:24:55,658 - WARNING - 404 image found | offer_id=40509 | offer_url=https://www.cian.ru/sale/flat/318572223/
2026-01-14 14:24:55,663 - WARNING - 404 image found | offer_id=40518 | offer_url=https://www.cian.ru/sale/flat/317573653/
2026-01-14 14:24:55,665 - WARNING - 404 image found | offer_id=40519 | offer_url=https://www.cian.ru/sale/flat/316644185/
2026-01-14 14:24:55,665 - WARNING - 404 image found | offer_id=40516 | offer_url=https://www.cian.ru/sale/flat/317729103/
2026-01-14 14:24:55,669 - WARNING - 404 image found | offer_id=40526 | offer_url=https://www.cian.ru/sale/flat/314793548/
2026-01-14 14:24:55,670 - WARNING - 404 image found | offer_id=40515 | offer_url=https://www.cian.ru/sale/flat/317861400/
2026-01-14 14:24:55,670 - WARNING - 404 image found | offer_id=40527 | offer_url=https://www.cian.ru/sale/flat/314761961/
2026-01-14 14:24:55,671 - WARNING - 404 image found | offer_id=40520 | offer_url=https://www.cian.ru/sale/flat/316633842/
2026-01-14 14:24:55,671 - WARNING - 404 image found | offer_id=40476 | offer_url=https://www.cian.ru/sale/flat/321008226/
2026-01-14 14:24:55,672 - WARNING - 404 image found | offer_id=40528 | offer_url=https://www.cian.ru/sale/flat/314580732/
2026-01-14 14:24:55,676 - WARNING - 404 image found | offer_id=40532 | offer_url=https://www.cian.ru/sale/flat/305811786/
2026-01-14 14:24:55,678 - WARNING - 404 image found | offer_id=40529 | offer_url=https://www.cian.ru/sale/flat/313252516/
2026-01-14 14:24:55,681 - WARNING - 404 image found | offer_id=40535 | offer_url=https://www.cian.ru/sale/flat/301265121/
2026-01-14 14:24:55,681 - WARNING - 404 image found | offer_id=40530 | offer_url=https://www.cian.ru/sale/flat/312128740/
2026-01-14 14:24:55,682 - WARNING - 404 image found | offer_id=40539 | offer_url=https://www.cian.ru/sale/flat/295969606/
2026-01-14 14:24:55,682 - WARNING - 404 image found | offer_id=40538 | offer_url=https://www.cian.ru/sale/flat/290821545/
2026-01-14 14:24:55,683 - WARNING - 404 image found | offer_id=40540 | offer_url=https://www.cian.ru/sale/flat/278258775/
2026-01-14 14:24:55,688 - WARNING - 404 image found | offer_id=40548 | offer_url=https://www.cian.ru/sale/flat/323616058/
2026-01-14 14:24:55,690 - WARNING - 404 image found | offer_id=40554 | offer_url=https://www.cian.ru/sale/flat/323595151/
2026-01-14 14:24:55,693 - WARNING - 404 image found | offer_id=40555 | offer_url=https://www.cian.ru/sale/flat/323576590/
2026-01-14 14:24:55,694 - WARNING - 404 image found | offer_id=40541 | offer_url=https://www.cian.ru/sale/flat/262849719/
2026-01-14 14:24:55,695 - WARNING - 404 image found | offer_id=40550 | offer_url=https://www.cian.ru/sale/flat/323607725/
2026-01-14 14:24:55,700 - WARNING - 404 image found | offer_id=40557 | offer_url=https://www.cian.ru/sale/flat/323570955/
2026-01-14 14:24:55,702 - WARNING - 404 image found | offer_id=40547 | offer_url=https://www.cian.ru/sale/flat/323616913/
2026-01-14 14:24:55,703 - WARNING - 404 image found | offer_id=40561 | offer_url=https://www.cian.ru/sale/flat/323557078/
2026-01-14 14:24:55,704 - WARNING - 404 image found | offer_id=40566 | offer_url=https://www.cian.ru/sale/flat/323537575/
2026-01-14 14:24:55,706 - WARNING - 404 image found | offer_id=40569 | offer_url=https://www.cian.ru/sale/flat/323521731/
2026-01-14 14:24:55,707 - WARNING - 404 image found | offer_id=40568 | offer_url=https://www.cian.ru/sale/flat/323539533/
2026-01-14 14:24:55,709 - WARNING - 404 image found | offer_id=40573 | offer_url=https://www.cian.ru/sale/flat/323483295/
2026-01-14 14:24:55,710 - WARNING - 404 image found | offer_id=40572 | offer_url=https://www.cian.ru/sale/flat/323490266/
2026-01-14 14:24:55,711 - WARNING - 404 image found | offer_id=40577 | offer_url=https://www.cian.ru/sale/flat/323449162/
2026-01-14 14:24:55,713 - WARNING - 404 image found | offer_id=40580 | offer_url=https://www.cian.ru/sale/flat/323440532/
2026-01-14 14:24:55,714 - WARNING - 404 image found | offer_id=40583 | offer_url=https://www.cian.ru/sale/flat/323419597/
2026-01-14 14:24:55,716 - WARNING - 404 image found | offer_id=40576 | offer_url=https://www.cian.ru/sale/flat/323449609/
2026-01-14 14:24:55,717 - WARNING - 404 image found | offer_id=40586 | offer_url=https://www.cian.ru/sale/flat/323398875/
2026-01-14 14:24:55,717 - WARNING - 404 image found | offer_id=40585 | offer_url=https://www.cian.ru/sale/flat/323418780/
2026-01-14 14:24:55,718 - WARNING - 404 image found | offer_id=40563 | offer_url=https://www.cian.ru/sale/flat/323540171/
2026-01-14 14:24:55,718 - WARNING - 404 image found | offer_id=40558 | offer_url=https://www.cian.ru/sale/flat/323566998/
2026-01-14 14:24:55,720 - WARNING - 404 image found | offer_id=40589 | offer_url=https://www.cian.ru/sale/flat/323364973/
2026-01-14 14:24:55,721 - WARNING - 404 image found | offer_id=40594 | offer_url=https://www.cian.ru/sale/flat/323337894/
2026-01-14 14:24:55,721 - WARNING - 404 image found | offer_id=40584 | offer_url=https://www.cian.ru/sale/flat/323419522/
2026-01-14 14:24:55,725 - WARNING - 404 image found | offer_id=40593 | offer_url=https://www.cian.ru/sale/flat/323348883/
2026-01-14 14:24:55,726 - WARNING - 404 image found | offer_id=40599 | offer_url=https://www.cian.ru/sale/flat/323317692/
2026-01-14 14:24:55,730 - WARNING - 404 image found | offer_id=40595 | offer_url=https://www.cian.ru/sale/flat/323332602/
2026-01-14 14:24:55,731 - WARNING - 404 image found | offer_id=40590 | offer_url=https://www.cian.ru/sale/flat/323361575/
2026-01-14 14:24:55,732 - WARNING - 404 image found | offer_id=40592 | offer_url=https://www.cian.ru/sale/flat/323352563/
2026-01-14 14:24:55,732 - WARNING - 404 image found | offer_id=40603 | offer_url=https://www.cian.ru/sale/flat/323268008/
2026-01-14 14:24:55,735 - WARNING - 404 image found | offer_id=40609 | offer_url=https://www.cian.ru/sale/flat/323206940/
2026-01-14 14:24:55,736 - WARNING - 404 image found | offer_id=40587 | offer_url=https://www.cian.ru/sale/flat/323376756/
2026-01-14 14:24:55,738 - WARNING - 404 image found | offer_id=40605 | offer_url=https://www.cian.ru/sale/flat/323266341/
2026-01-14 14:24:55,739 - WARNING - 404 image found | offer_id=40606 | offer_url=https://www.cian.ru/sale/flat/323232113/
2026-01-14 14:24:55,741 - WARNING - 404 image found | offer_id=40608 | offer_url=https://www.cian.ru/sale/flat/323230139/
2026-01-14 14:24:55,744 - WARNING - 404 image found | offer_id=40597 | offer_url=https://www.cian.ru/sale/flat/323321789/
2026-01-14 14:24:55,744 - WARNING - 404 image found | offer_id=40607 | offer_url=https://www.cian.ru/sale/flat/323231943/
2026-01-14 14:24:55,749 - WARNING - 404 image found | offer_id=40611 | offer_url=https://www.cian.ru/sale/flat/323194815/
2026-01-14 14:24:55,790 - WARNING - 404 image found | offer_id=40601 | offer_url=https://www.cian.ru/sale/flat/323304298/
2026-01-14 14:24:55,791 - WARNING - 404 image found | offer_id=40610 | offer_url=https://www.cian.ru/sale/flat/323202535/
2026-01-14 14:24:56,350 - WARNING - 404 image found | offer_id=40105 | offer_url=https://www.cian.ru/sale/flat/322719052/
2026-01-14 14:24:56,361 - INFO - checked=11500, 404=6741, deleted=6699, deactivated=1, speed=335.3/s
2026-01-14 14:24:56,361 - INFO - Batch #24, last_id=40613
2026-01-14 14:24:56,392 - WARNING - 404 image found | offer_id=40626 | offer_url=https://www.cian.ru/sale/flat/323097880/
2026-01-14 14:24:56,393 - WARNING - 404 image found | offer_id=40618 | offer_url=https://www.cian.ru/sale/flat/323138743/
2026-01-14 14:24:56,393 - WARNING - 404 image found | offer_id=40629 | offer_url=https://www.cian.ru/sale/flat/323095619/
2026-01-14 14:24:56,393 - WARNING - 404 image found | offer_id=40630 | offer_url=https://www.cian.ru/sale/flat/323093141/
2026-01-14 14:24:56,394 - WARNING - 404 image found | offer_id=40620 | offer_url=https://www.cian.ru/sale/flat/323117887/
2026-01-14 14:24:56,394 - WARNING - 404 image found | offer_id=40623 | offer_url=https://www.cian.ru/sale/flat/323135352/
2026-01-14 14:24:56,394 - WARNING - 404 image found | offer_id=40624 | offer_url=https://www.cian.ru/sale/flat/323105697/
2026-01-14 14:24:56,396 - WARNING - 404 image found | offer_id=40619 | offer_url=https://www.cian.ru/sale/flat/323133747/
2026-01-14 14:24:56,397 - WARNING - 404 image found | offer_id=40639 | offer_url=https://www.cian.ru/sale/flat/322946812/
2026-01-14 14:24:56,397 - WARNING - 404 image found | offer_id=40621 | offer_url=https://www.cian.ru/sale/flat/323115935/
2026-01-14 14:24:56,397 - WARNING - 404 image found | offer_id=40631 | offer_url=https://www.cian.ru/sale/flat/323082938/
2026-01-14 14:24:56,397 - WARNING - 404 image found | offer_id=40615 | offer_url=https://www.cian.ru/sale/flat/323175951/
2026-01-14 14:24:56,399 - WARNING - 404 image found | offer_id=40633 | offer_url=https://www.cian.ru/sale/flat/323076444/
2026-01-14 14:24:56,399 - WARNING - 404 image found | offer_id=40641 | offer_url=https://www.cian.ru/sale/flat/322899862/
