2025-12-01 16:30:46,562 - asyncio - DEBUG - Using proactor: IocpProactor
2025-12-01 16:30:46,593 - zendriver.core.config - DEBUG - C:\Program Files\Google/Chrome/Application\chrome.exe is a valid candidate... 
2025-12-01 16:30:46,594 - zendriver.core.config - DEBUG - C:\Program Files\Google/Chrome Beta/Application\chrome.exe is not a valid candidate because don't exist or not executable 
2025-12-01 16:30:46,594 - zendriver.core.config - DEBUG - C:\Program Files\Google/Chrome Canary/Application\chrome.exe is not a valid candidate because don't exist or not executable 
2025-12-01 16:30:46,594 - zendriver.core.config - DEBUG - C:\Program Files\Google/Chrome SxS/Application\chrome.exe is not a valid candidate because don't exist or not executable 
2025-12-01 16:30:46,595 - zendriver.core.config - DEBUG - C:\Program Files (x86)\Google/Chrome/Application\chrome.exe is not a valid candidate because don't exist or not executable 
2025-12-01 16:30:46,595 - zendriver.core.config - DEBUG - C:\Program Files (x86)\Google/Chrome Beta/Application\chrome.exe is not a valid candidate because don't exist or not executable 
2025-12-01 16:30:46,595 - zendriver.core.config - DEBUG - C:\Program Files (x86)\Google/Chrome Canary/Application\chrome.exe is not a valid candidate because don't exist or not executable 
2025-12-01 16:30:46,595 - zendriver.core.config - DEBUG - C:\Program Files (x86)\Google/Chrome SxS/Application\chrome.exe is not a valid candidate because don't exist or not executable 
2025-12-01 16:30:46,595 - zendriver.core.config - DEBUG - C:\Users\Strum\AppData\Local\Google/Chrome/Application\chrome.exe is not a valid candidate because don't exist or not executable 
2025-12-01 16:30:46,596 - zendriver.core.config - DEBUG - C:\Users\Strum\AppData\Local\Google/Chrome Beta/Application\chrome.exe is not a valid candidate because don't exist or not executable 
2025-12-01 16:30:46,596 - zendriver.core.config - DEBUG - C:\Users\Strum\AppData\Local\Google/Chrome Canary/Application\chrome.exe is not a valid candidate because don't exist or not executable 
2025-12-01 16:30:46,596 - zendriver.core.config - DEBUG - C:\Users\Strum\AppData\Local\Google/Chrome SxS/Application\chrome.exe is not a valid candidate because don't exist or not executable 
2025-12-01 16:30:46,596 - zendriver.core.config - DEBUG - C:\Program Files\Google/Chrome/Application\chrome.exe is a valid candidate... 
2025-12-01 16:30:46,596 - zendriver.core.config - DEBUG - C:\Program Files\Google/Chrome Beta/Application\chrome.exe is not a valid candidate because don't exist or not executable 
2025-12-01 16:30:46,596 - zendriver.core.config - DEBUG - C:\Program Files\Google/Chrome Canary/Application\chrome.exe is not a valid candidate because don't exist or not executable 
2025-12-01 16:30:46,597 - zendriver.core.config - DEBUG - C:\Program Files\Google/Chrome SxS/Application\chrome.exe is not a valid candidate because don't exist or not executable 
2025-12-01 16:30:46,603 - zendriver.core.browser - DEBUG - Session object initialized: {'config': Config
	browser_executable_path = C:\Program Files\Google\Chrome\Application\chrome.exe
	sandbox = True
	autodiscover_targets = True
	browser_connection_timeout = 0.25
	browser_connection_max_tries = 10
	browser_args = ['--disable-background-networking', '--disable-backgrounding-occluded-windows', '--disable-breakpad', '--disable-component-update', '--disable-dev-shm-usage', '--disable-features=IsolateOrigins,DisableLoadExtensionCommandLineSwitch,site-per-process', '--disable-infobars', '--disable-renderer-backgrounding', '--disable-search-engine-choice-screen', '--disable-session-crashed-bubble', '--homepage=about:blank', '--ignore-gpu-blocklist', '--no-default-browser-check', '--no-first-run', '--no-pings', '--no-service-autorun', '--password-store=basic', '--remote-allow-origins=*', '--user-agent=Mozilla/5.0 (Windows NT 10.0; Win64; x64) AppleWebKit/537.36 (KHTML, like Gecko) Chrome/135.0.0.0 Safari/537.36', '--window-size=1280,720']
	user_data_dir = C:\Users\Strum\AppData\Local\Temp\uc_t4ydy_b6
	uses_custom_data_dir = False, 'targets': [], 'info': None, '_target': None, '_process': None, '_process_pid': None, '_is_updating': <asyncio.locks.Event object at 0x0000024F17B5AB70 [unset]>, 'connection': None}
2025-12-01 16:30:46,604 - zendriver.core.browser - DEBUG - BROWSER EXECUTABLE PATH: C:\Program Files\Google\Chrome\Application\chrome.exe
2025-12-01 16:30:46,604 - zendriver.core.browser - INFO - starting
	executable :C:\Program Files\Google\Chrome\Application\chrome.exe

arguments:
--remote-allow-origins=*
	--no-first-run
	--no-service-autorun
	--no-default-browser-check
	--homepage=about:blank
	--no-pings
	--password-store=basic
	--disable-infobars
	--disable-breakpad
	--disable-component-update
	--disable-backgrounding-occluded-windows
	--disable-renderer-backgrounding
	--disable-background-networking
	--disable-dev-shm-usage
	--disable-features=IsolateOrigins,DisableLoadExtensionCommandLineSwitch,site-per-process
	--disable-session-crashed-bubble
	--disable-search-engine-choice-screen
	--user-data-dir=C:\Users\Strum\AppData\Local\Temp\uc_t4ydy_b6
	--disable-features=IsolateOrigins,site-per-process
	--disable-session-crashed-bubble
	--window-size=1280,720
	--ignore-gpu-blocklist
	--user-agent=Mozilla/5.0 (Windows NT 10.0; Win64; x64) AppleWebKit/537.36 (KHTML, like Gecko) Chrome/135.0.0.0 Safari/537.36
	--remote-debugging-host=127.0.0.1
	--remote-debugging-port=49698
	about:blank
2025-12-01 16:30:46,943 - zendriver.core.browser - INFO - enabling autodiscover targets
2025-12-01 16:30:46,947 - websockets.client - DEBUG - = connection is CONNECTING
2025-12-01 16:30:46,950 - websockets.client - DEBUG - > GET /devtools/browser/770fd8ab-75d2-4e88-9141-cf51c293925e HTTP/1.1
2025-12-01 16:30:46,950 - websockets.client - DEBUG - > Host: 127.0.0.1:49698
2025-12-01 16:30:46,950 - websockets.client - DEBUG - > Upgrade: websocket
2025-12-01 16:30:46,951 - websockets.client - DEBUG - > Connection: Upgrade
2025-12-01 16:30:46,954 - websockets.client - DEBUG - > Sec-WebSocket-Key: YlHzgzIHEdqDdPdB+XzHfA==
2025-12-01 16:30:46,954 - websockets.client - DEBUG - > Sec-WebSocket-Version: 13
2025-12-01 16:30:46,954 - websockets.client - DEBUG - > Sec-WebSocket-Extensions: permessage-deflate; client_max_window_bits
2025-12-01 16:30:46,954 - websockets.client - DEBUG - > User-Agent: Python/3.12 websockets/15.0.1
2025-12-01 16:30:46,956 - websockets.client - DEBUG - < HTTP/1.1 101 WebSocket Protocol Handshake
2025-12-01 16:30:46,956 - websockets.client - DEBUG - < Upgrade: WebSocket
2025-12-01 16:30:46,956 - websockets.client - DEBUG - < Connection: Upgrade
2025-12-01 16:30:46,956 - websockets.client - DEBUG - < Sec-WebSocket-Accept: +2BqK2JTX7z6gGm3JTpHx9JaRcI=
2025-12-01 16:30:46,956 - websockets.client - DEBUG - < Sec-WebSocket-Extensions: permessage-deflate; client_max_window_bits=15
2025-12-01 16:30:46,957 - websockets.client - DEBUG - = connection is OPEN
2025-12-01 16:30:46,959 - websockets.client - DEBUG - > TEXT '{"method": "Target.setDiscoverTargets", "params...cover": true}, "id": 0}' [78 bytes]
2025-12-01 16:30:46,961 - websockets.client - DEBUG - < TEXT '{"method":"Target.targetCreated","params":{"tar...06616A81A98E406E5A9"}}}' [397 bytes]
2025-12-01 16:30:46,962 - websockets.client - DEBUG - < TEXT '{"method":"Target.targetCreated","params":{"tar...06616A81A98E406E5A9"}}}' [256 bytes]
2025-12-01 16:30:46,962 - websockets.client - DEBUG - < TEXT '{"method":"Target.targetCreated","params":{"tar...06616A81A98E406E5A9"}}}' [327 bytes]
2025-12-01 16:30:46,962 - websockets.client - DEBUG - < TEXT '{"id":0,"result":{}}' [20 bytes]
2025-12-01 16:30:46,963 - uc.connection - DEBUG - got answer for <Transaction
	method: Target.setDiscoverTargets
	status: pending
	success: True> (message_id:0)
2025-12-01 16:30:46,965 - zendriver.core.browser - DEBUG - target #1 created => <Tab [50AB69FAEFE3B6F78F001F6E0B21B217] [service_worker] [url: chrome-extension://fignfifoniblkonapihmkfakmlgkbkcf/service_worker.js]>
2025-12-01 16:30:46,965 - zendriver.core.browser - DEBUG - target #2 created => <Tab [C22A3EC5F5B263557A95D23A272414E9] [page] [url: about:blank]>
2025-12-01 16:30:46,966 - zendriver.core.browser - DEBUG - target #3 created => <Tab [D7D06B0618E025D09E1A45B05AF1E4F5] [background_page] [url: chrome-extension://nkeimhogjdpnpccoofpliimaahmaaome/background.html]>
2025-12-01 16:30:46,966 - websockets.client - DEBUG - > TEXT '{"method": "Target.getTargets", "params": {}, "id": 4}' [54 bytes]
2025-12-01 16:30:46,967 - websockets.client - DEBUG - < TEXT '{"id":4,"result":{"targetInfos":[{"targetId":"5...6616A81A98E406E5A9"}]}}' [844 bytes]
2025-12-01 16:30:46,967 - uc.connection - DEBUG - got answer for <Transaction
	method: Target.getTargets
	status: pending
	success: True> (message_id:4)
2025-12-01 16:30:46,969 - websockets.client - DEBUG - = connection is CONNECTING
2025-12-01 16:30:46,970 - websockets.client - DEBUG - > GET /devtools/page/C22A3EC5F5B263557A95D23A272414E9 HTTP/1.1
2025-12-01 16:30:46,970 - websockets.client - DEBUG - > Host: 127.0.0.1:49698
2025-12-01 16:30:46,970 - websockets.client - DEBUG - > Upgrade: websocket
2025-12-01 16:30:46,970 - websockets.client - DEBUG - > Connection: Upgrade
2025-12-01 16:30:46,970 - websockets.client - DEBUG - > Sec-WebSocket-Key: r97dg6a1RsIMGVvHRxRJqg==
2025-12-01 16:30:46,970 - websockets.client - DEBUG - > Sec-WebSocket-Version: 13
2025-12-01 16:30:46,970 - websockets.client - DEBUG - > Sec-WebSocket-Extensions: permessage-deflate; client_max_window_bits
2025-12-01 16:30:46,971 - websockets.client - DEBUG - > User-Agent: Python/3.12 websockets/15.0.1
2025-12-01 16:30:46,971 - websockets.client - DEBUG - < TEXT '{"method":"Target.targetInfoChanged","params":{...06616A81A98E406E5A9"}}}' [259 bytes]
2025-12-01 16:30:46,972 - websockets.client - DEBUG - < HTTP/1.1 101 WebSocket Protocol Handshake
2025-12-01 16:30:46,972 - websockets.client - DEBUG - < Upgrade: WebSocket
2025-12-01 16:30:46,973 - websockets.client - DEBUG - < Connection: Upgrade
2025-12-01 16:30:46,973 - websockets.client - DEBUG - < Sec-WebSocket-Accept: YOpiq74zUmFZyU5ABPKraWTktEY=
2025-12-01 16:30:46,973 - websockets.client - DEBUG - < Sec-WebSocket-Extensions: permessage-deflate; client_max_window_bits=15
2025-12-01 16:30:46,974 - websockets.client - DEBUG - = connection is OPEN
2025-12-01 16:30:46,974 - zendriver.core.browser - DEBUG - target #1 has changed: 
attached: False => True

2025-12-01 16:30:46,974 - websockets.client - DEBUG - > TEXT '{"method": "Page.navigate", "params": {"url": "...r=2&room1=1"}, "id": 0}' [200 bytes]
2025-12-01 16:30:48,176 - websockets.client - DEBUG - < TEXT '{"id":0,"result":{"frameId":"C22A3EC5F5B263557A...4","isDownload":false}}' [129 bytes]
2025-12-01 16:30:48,179 - uc.connection - DEBUG - got answer for <Transaction
	method: Page.navigate
	status: pending
	success: True> (message_id:0)
2025-12-01 16:30:48,187 - websockets.client - DEBUG - < TEXT '{"method":"Target.targetInfoChanged","params":{...06616A81A98E406E5A9"}}}' [515 bytes]
2025-12-01 16:30:48,188 - zendriver.core.browser - DEBUG - target #1 has changed: 
title: about:blank => cian.ru/cat.php?deal_type=sale&engine_version=2&region=1&p=6&object_type=1&offer_type=flat&max_page=100&minfloor=1&maxfloor=2&room1=1

url: about:blank => https://www.cian.ru/cat.php?deal_type=sale&engine_version=2&region=1&p=6&object_type=1&offer_type=flat&max_page=100&minfloor=1&maxfloor=2&room1=1

2025-12-01 16:30:48,189 - websockets.client - DEBUG - > TEXT '{"method": "Runtime.evaluate", "params": {"expr...ByCSP": true}, "id": 0}' [192 bytes]
2025-12-01 16:30:48,191 - websockets.client - DEBUG - < TEXT '{"id":0,"result":{"result":{"type":"string","value":"loading"}}}' [64 bytes]
2025-12-01 16:30:48,191 - uc.connection - DEBUG - got answer for <Transaction
	method: Runtime.evaluate
	status: pending
	success: True> (message_id:0)
2025-12-01 16:30:48,292 - websockets.client - DEBUG - > TEXT '{"method": "Runtime.evaluate", "params": {"expr...ByCSP": true}, "id": 0}' [192 bytes]
2025-12-01 16:30:48,293 - websockets.client - DEBUG - < TEXT '{"id":0,"result":{"result":{"type":"string","value":"loading"}}}' [64 bytes]
2025-12-01 16:30:48,293 - uc.connection - DEBUG - got answer for <Transaction
	method: Runtime.evaluate
	status: pending
	success: True> (message_id:0)
2025-12-01 16:30:48,400 - websockets.client - DEBUG - > TEXT '{"method": "Runtime.evaluate", "params": {"expr...ByCSP": true}, "id": 0}' [192 bytes]
2025-12-01 16:30:48,489 - websockets.client - DEBUG - < TEXT '{"id":0,"result":{"result":{"type":"string","value":"loading"}}}' [64 bytes]
2025-12-01 16:30:48,489 - uc.connection - DEBUG - got answer for <Transaction
	method: Runtime.evaluate
	status: pending
	success: True> (message_id:0)
2025-12-01 16:30:48,600 - websockets.client - DEBUG - > TEXT '{"method": "Runtime.evaluate", "params": {"expr...ByCSP": true}, "id": 0}' [192 bytes]
2025-12-01 16:30:48,735 - websockets.client - DEBUG - < TEXT '{"id":0,"result":{"result":{"type":"string","value":"interactive"}}}' [68 bytes]
2025-12-01 16:30:48,736 - uc.connection - DEBUG - got answer for <Transaction
	method: Runtime.evaluate
	status: pending
	success: True> (message_id:0)
2025-12-01 16:30:48,736 - websockets.client - DEBUG - > TEXT '{"method": "DOM.getDocument", "params": {"depth...ierce": true}, "id": 0}' [79 bytes]
2025-12-01 16:30:48,809 - websockets.client - DEBUG - < TEXT '{"id":0,"result":{"root":{"nodeId":1,"backendNo...,"isScrollable":true}}}' [1924171 bytes]
2025-12-01 16:30:48,823 - websockets.client - DEBUG - < TEXT '{"method":"DOM.scrollableFlagUpdated","params":...,"isScrollable":false}}' [83 bytes]
2025-12-01 16:30:48,824 - websockets.client - DEBUG - < TEXT '{"method":"DOM.scrollableFlagUpdated","params":...8,"isScrollable":true}}' [82 bytes]
2025-12-01 16:30:48,824 - websockets.client - DEBUG - < TEXT '{"method":"DOM.scrollableFlagUpdated","params":...,"isScrollable":false}}' [83 bytes]
2025-12-01 16:30:48,824 - websockets.client - DEBUG - < TEXT '{"method":"DOM.scrollableFlagUpdated","params":...8,"isScrollable":true}}' [82 bytes]
2025-12-01 16:30:48,824 - websockets.client - DEBUG - < TEXT '{"method":"DOM.scrollableFlagUpdated","params":...,"isScrollable":false}}' [84 bytes]
2025-12-01 16:30:48,824 - websockets.client - DEBUG - < TEXT '{"method":"DOM.scrollableFlagUpdated","params":...6,"isScrollable":true}}' [83 bytes]
2025-12-01 16:30:48,824 - websockets.client - DEBUG - < TEXT '{"method":"DOM.childNodeInserted","params":{"pa...kit-line-clamp: 5;"]}}}' [345 bytes]
2025-12-01 16:30:48,825 - websockets.client - DEBUG - < TEXT '{"method":"DOM.childNodeInserted","params":{"pa...kit-line-clamp: 5;"]}}}' [345 bytes]
2025-12-01 16:30:48,825 - websockets.client - DEBUG - < TEXT '{"method":"DOM.childNodeInserted","params":{"pa...kit-line-clamp: 5;"]}}}' [347 bytes]
2025-12-01 16:30:48,825 - websockets.client - DEBUG - < TEXT '{"method":"DOM.childNodeInserted","params":{"pa...kit-line-clamp: 5;"]}}}' [347 bytes]
2025-12-01 16:30:48,825 - websockets.client - DEBUG - < TEXT '{"method":"DOM.childNodeInserted","params":{"pa...kit-line-clamp: 5;"]}}}' [347 bytes]
2025-12-01 16:30:48,825 - websockets.client - DEBUG - < TEXT '{"method":"DOM.childNodeInserted","params":{"pa...kit-line-clamp: 5;"]}}}' [347 bytes]
2025-12-01 16:30:48,825 - websockets.client - DEBUG - < TEXT '{"method":"DOM.childNodeInserted","params":{"pa...kit-line-clamp: 5;"]}}}' [347 bytes]
2025-12-01 16:30:48,825 - websockets.client - DEBUG - < TEXT '{"method":"DOM.childNodeInserted","params":{"pa...kit-line-clamp: 5;"]}}}' [347 bytes]
2025-12-01 16:30:48,825 - websockets.client - DEBUG - < TEXT '{"method":"DOM.childNodeInserted","params":{"pa...kit-line-clamp: 5;"]}}}' [347 bytes]
2025-12-01 16:30:48,852 - uc.connection - DEBUG - got answer for <Transaction
	method: DOM.getDocument
	status: pending
	success: True> (message_id:0)
2025-12-01 16:30:48,976 - websockets.client - DEBUG - < TEXT '{"method":"DOM.childNodeInserted","params":{"pa...kit-line-clamp: 5;"]}}}' [347 bytes]
2025-12-01 16:30:48,976 - websockets.client - DEBUG - < TEXT '{"method":"DOM.childNodeInserted","params":{"pa...kit-line-clamp: 5;"]}}}' [347 bytes]
2025-12-01 16:30:48,976 - websockets.client - DEBUG - < TEXT '{"method":"DOM.childNodeInserted","params":{"pa...kit-line-clamp: 5;"]}}}' [347 bytes]
2025-12-01 16:30:48,976 - websockets.client - DEBUG - < TEXT '{"method":"DOM.childNodeInserted","params":{"pa...kit-line-clamp: 5;"]}}}' [347 bytes]
2025-12-01 16:30:48,977 - websockets.client - DEBUG - < TEXT '{"method":"DOM.childNodeInserted","params":{"pa...kit-line-clamp: 5;"]}}}' [347 bytes]
2025-12-01 16:30:48,977 - websockets.client - DEBUG - < TEXT '{"method":"DOM.childNodeInserted","params":{"pa...kit-line-clamp: 5;"]}}}' [347 bytes]
2025-12-01 16:30:48,977 - websockets.client - DEBUG - < TEXT '{"method":"DOM.childNodeInserted","params":{"pa...kit-line-clamp: 5;"]}}}' [347 bytes]
2025-12-01 16:30:48,977 - websockets.client - DEBUG - < TEXT '{"method":"DOM.childNodeInserted","params":{"pa...kit-line-clamp: 2;"]}}}' [346 bytes]
2025-12-01 16:30:48,977 - websockets.client - DEBUG - < TEXT '{"method":"DOM.childNodeInserted","params":{"pa...kit-line-clamp: 5;"]}}}' [347 bytes]
2025-12-01 16:30:48,977 - websockets.client - DEBUG - < TEXT '{"method":"DOM.childNodeInserted","params":{"pa...kit-line-clamp: 5;"]}}}' [347 bytes]
2025-12-01 16:30:48,977 - websockets.client - DEBUG - < TEXT '{"method":"DOM.childNodeInserted","params":{"pa...kit-line-clamp: 5;"]}}}' [347 bytes]
2025-12-01 16:30:48,977 - websockets.client - DEBUG - < TEXT '{"method":"DOM.childNodeInserted","params":{"pa...kit-line-clamp: 5;"]}}}' [347 bytes]
2025-12-01 16:30:48,977 - websockets.client - DEBUG - < TEXT '{"method":"DOM.childNodeInserted","params":{"pa...kit-line-clamp: 5;"]}}}' [347 bytes]
2025-12-01 16:30:48,977 - websockets.client - DEBUG - < TEXT '{"method":"DOM.childNodeInserted","params":{"pa...kit-line-clamp: 5;"]}}}' [347 bytes]
2025-12-01 16:30:48,978 - websockets.client - DEBUG - < TEXT '{"method":"DOM.childNodeInserted","params":{"pa...kit-line-clamp: 4;"]}}}' [346 bytes]
2025-12-01 16:30:48,978 - websockets.client - DEBUG - < TEXT '{"method":"DOM.childNodeInserted","params":{"pa...kit-line-clamp: 4;"]}}}' [346 bytes]
2025-12-01 16:30:48,978 - websockets.client - DEBUG - < TEXT '{"method":"DOM.childNodeInserted","params":{"pa...kit-line-clamp: 5;"]}}}' [347 bytes]
2025-12-01 16:30:48,978 - websockets.client - DEBUG - < TEXT '{"method":"DOM.childNodeInserted","params":{"pa...kit-line-clamp: 5;"]}}}' [347 bytes]
2025-12-01 16:30:48,978 - websockets.client - DEBUG - < TEXT '{"method":"DOM.childNodeInserted","params":{"pa...kit-line-clamp: 4;"]}}}' [346 bytes]
2025-12-01 16:30:48,978 - websockets.client - DEBUG - < TEXT '{"method":"DOM.scrollableFlagUpdated","params":...,"isScrollable":false}}' [84 bytes]
2025-12-01 16:30:48,978 - websockets.client - DEBUG - < TEXT '{"method":"DOM.scrollableFlagUpdated","params":...6,"isScrollable":true}}' [83 bytes]
2025-12-01 16:30:48,978 - websockets.client - DEBUG - < TEXT '{"method":"DOM.inlineStyleInvalidated","params"...,7107,7102,7089,7087]}}' [197 bytes]
2025-12-01 16:30:48,978 - websockets.client - DEBUG - < TEXT '{"method":"DOM.scrollableFlagUpdated","params":...,"isScrollable":false}}' [84 bytes]
2025-12-01 16:30:48,979 - websockets.client - DEBUG - < TEXT '{"method":"DOM.scrollableFlagUpdated","params":...6,"isScrollable":true}}' [83 bytes]
2025-12-01 16:30:48,979 - websockets.client - DEBUG - > TEXT '{"method": "DOM.performSearch", "params": {"que...wDOM": true}, "id": 15}' [256 bytes]
2025-12-01 16:30:48,980 - websockets.client - DEBUG - < TEXT '{"method":"DOM.childNodeInserted","params":{"pa...origin","anonymous"]}}}' [390 bytes]
2025-12-01 16:30:48,981 - websockets.client - DEBUG - < TEXT '{"method":"DOM.childNodeInserted","params":{"pa...origin","anonymous"]}}}' [432 bytes]
2025-12-01 16:30:48,981 - websockets.client - DEBUG - < TEXT '{"method":"DOM.childNodeInserted","params":{"pa...origin","anonymous"]}}}' [392 bytes]
2025-12-01 16:30:48,981 - websockets.client - DEBUG - < TEXT '{"method":"DOM.childNodeInserted","params":{"pa...origin","anonymous"]}}}' [392 bytes]
2025-12-01 16:30:48,981 - websockets.client - DEBUG - < TEXT '{"method":"DOM.childNodeInserted","params":{"pa...origin","anonymous"]}}}' [432 bytes]
2025-12-01 16:30:48,981 - websockets.client - DEBUG - < TEXT '{"method":"DOM.childNodeInserted","params":{"pa...origin","anonymous"]}}}' [392 bytes]
2025-12-01 16:30:48,981 - websockets.client - DEBUG - < TEXT '{"method":"DOM.childNodeInserted","params":{"pa...origin","anonymous"]}}}' [392 bytes]
2025-12-01 16:30:48,982 - websockets.client - DEBUG - < TEXT '{"method":"DOM.childNodeInserted","params":{"pa...origin","anonymous"]}}}' [432 bytes]
2025-12-01 16:30:48,982 - websockets.client - DEBUG - < TEXT '{"method":"DOM.childNodeInserted","params":{"pa...origin","anonymous"]}}}' [392 bytes]
2025-12-01 16:30:48,982 - websockets.client - DEBUG - < TEXT '{"method":"DOM.attributeModified","params":{"no..."0.11666666666666668"}}' [110 bytes]
2025-12-01 16:30:48,982 - websockets.client - DEBUG - < TEXT '{"method":"DOM.attributeModified","params":{"no...1&maxfloor=2&room1=1"}}' [253 bytes]
2025-12-01 16:30:48,982 - websockets.client - DEBUG - < TEXT '{"method":"DOM.attributeModified","params":{"no...b--_13208--indicator"}}' [136 bytes]
2025-12-01 16:30:48,982 - websockets.client - DEBUG - < TEXT '{"method":"DOM.attributeRemoved","params":{"nod...data-webpack-loading"}}' [88 bytes]
2025-12-01 16:30:48,983 - websockets.client - DEBUG - < TEXT '{"method":"DOM.attributeRemoved","params":{"nod...data-webpack-loading"}}' [88 bytes]
2025-12-01 16:30:48,983 - websockets.client - DEBUG - < TEXT '{"method":"DOM.pseudoElementAdded","params":{"p..."pseudoType":"after"}}}' [241 bytes]
2025-12-01 16:30:48,983 - websockets.client - DEBUG - < TEXT '{"method":"DOM.inlineStyleInvalidated","params":{"nodeIds":[87]}}' [65 bytes]
2025-12-01 16:30:48,983 - websockets.client - DEBUG - < TEXT '{"method":"DOM.attributeModified","params":{"no...:"0.2833333333333333"}}' [109 bytes]
2025-12-01 16:30:48,984 - websockets.client - DEBUG - < TEXT '{"method":"DOM.attributeRemoved","params":{"nod...data-webpack-loading"}}' [88 bytes]
2025-12-01 16:30:48,984 - websockets.client - DEBUG - < TEXT '{"method":"DOM.inlineStyleInvalidated","params":{"nodeIds":[87]}}' [65 bytes]
2025-12-01 16:30:48,984 - websockets.client - DEBUG - < TEXT '{"method":"DOM.attributeModified","params":{"no..."0.35000000000000003"}}' [110 bytes]
2025-12-01 16:30:48,984 - websockets.client - DEBUG - < TEXT '{"method":"DOM.inlineStyleInvalidated","params":{"nodeIds":[87]}}' [65 bytes]
2025-12-01 16:30:48,984 - websockets.client - DEBUG - < TEXT '{"method":"DOM.attributeModified","params":{"no..."0.46666666666666673"}}' [110 bytes]
2025-12-01 16:30:48,985 - websockets.client - DEBUG - < TEXT '{"method":"DOM.inlineStyleInvalidated","params":{"nodeIds":[87]}}' [65 bytes]
2025-12-01 16:30:48,985 - websockets.client - DEBUG - < TEXT '{"method":"DOM.attributeModified","params":{"no...:"0.5166666666666666"}}' [109 bytes]
2025-12-01 16:30:48,985 - websockets.client - DEBUG - < TEXT '{"method":"DOM.inlineStyleInvalidated","params":{"nodeIds":[87]}}' [65 bytes]
2025-12-01 16:30:48,985 - websockets.client - DEBUG - < TEXT '{"method":"DOM.attributeModified","params":{"no...:"0.5666666666666667"}}' [109 bytes]
2025-12-01 16:30:48,985 - websockets.client - DEBUG - < TEXT '{"method":"DOM.inlineStyleInvalidated","params":{"nodeIds":[87]}}' [65 bytes]
2025-12-01 16:30:48,985 - websockets.client - DEBUG - < TEXT '{"method":"DOM.attributeModified","params":{"no...hAvailable\\":false}"}}' [316 bytes]
2025-12-01 16:30:48,988 - websockets.client - DEBUG - < TEXT '{"method":"DOM.childNodeRemoved","params":{"par...eId":185,"nodeId":186}}' [76 bytes]
2025-12-01 16:30:48,988 - websockets.client - DEBUG - < TEXT '{"method":"DOM.childNodeInserted","params":{"pa...-_74c14--container"]}}}' [291 bytes]
2025-12-01 16:30:48,988 - websockets.client - DEBUG - < TEXT '{"method":"DOM.attributeModified","params":{"no...:"1.4833333333333334"}}' [109 bytes]
2025-12-01 16:30:48,989 - websockets.client - DEBUG - < TEXT '{"method":"DOM.inlineStyleInvalidated","params":{"nodeIds":[87]}}' [65 bytes]
2025-12-01 16:30:49,026 - websockets.client - DEBUG - < TEXT '{"id":15,"result":{"searchId":"21980.0","resultCount":0}}' [57 bytes]
2025-12-01 16:30:49,027 - uc.connection - DEBUG - got answer for <Transaction
	method: DOM.performSearch
	status: pending
	success: True> (message_id:15)
2025-12-01 16:30:49,027 - websockets.client - DEBUG - < TEXT '{"method":"DOM.attributeModified","params":{"no...:"1.8166666666666669"}}' [109 bytes]
2025-12-01 16:30:49,027 - websockets.client - DEBUG - > TEXT '{"method": "DOM.discardSearchResults", "params"...: "21980.0"}, "id": 72}' [83 bytes]
2025-12-01 16:30:49,029 - websockets.client - DEBUG - < TEXT '{"method":"DOM.inlineStyleInvalidated","params":{"nodeIds":[87]}}' [65 bytes]
2025-12-01 16:30:49,031 - websockets.client - DEBUG - < TEXT '{"method":"DOM.attributeModified","params":{"no...:"2.6166666666666667"}}' [109 bytes]
2025-12-01 16:30:49,034 - websockets.client - DEBUG - < TEXT '{"method":"DOM.childNodeInserted","params":{"pa...nstance","d9635d77"]}}}' [379 bytes]
2025-12-01 16:30:49,034 - websockets.client - DEBUG - < TEXT '{"method":"DOM.childNodeInserted","params":{"pa...pe","microfrontend"]}}}' [597 bytes]
2025-12-01 16:30:49,035 - websockets.client - DEBUG - < TEXT '{"method":"DOM.childNodeInserted","params":{"pa...T5GzH17T8FuX8SOQ=="]}}}' [10191 bytes]
2025-12-01 16:30:49,035 - websockets.client - DEBUG - < TEXT '{"method":"DOM.childNodeInserted","params":{"pa...","type","text/css"]}}}' [379 bytes]
2025-12-01 16:30:49,035 - websockets.client - DEBUG - < TEXT '{"id":72,"result":{}}' [21 bytes]
2025-12-01 16:30:49,036 - uc.connection - DEBUG - got answer for <Transaction
	method: DOM.discardSearchResults
	status: pending
	success: True> (message_id:72)
2025-12-01 16:30:49,038 - websockets.client - DEBUG - > TEXT '{"method": "DOM.disable", "params": [], "id": 80}' [49 bytes]
2025-12-01 16:30:49,039 - websockets.client - DEBUG - < TEXT '{"method":"DOM.inlineStyleInvalidated","params":{"nodeIds":[87]}}' [65 bytes]
2025-12-01 16:30:49,039 - websockets.client - DEBUG - < TEXT '{"method":"DOM.attributeModified","params":{"no...:"2.6833333333333336"}}' [109 bytes]
2025-12-01 16:30:49,039 - websockets.client - DEBUG - < TEXT '{"method":"DOM.inlineStyleInvalidated","params":{"nodeIds":[87]}}' [65 bytes]
2025-12-01 16:30:49,040 - websockets.client - DEBUG - < TEXT '{"method":"DOM.attributeModified","params":{"no...:"2.7666666666666666"}}' [109 bytes]
2025-12-01 16:30:49,042 - websockets.client - DEBUG - < TEXT '{"method":"DOM.inlineStyleInvalidated","params":{"nodeIds":[87]}}' [65 bytes]
2025-12-01 16:30:49,042 - websockets.client - DEBUG - < TEXT '{"method":"DOM.attributeModified","params":{"no...:"2.8166666666666664"}}' [109 bytes]
2025-12-01 16:30:49,042 - websockets.client - DEBUG - < TEXT '{"id":80,"result":{}}' [21 bytes]
2025-12-01 16:30:49,043 - uc.connection - DEBUG - got answer for <Transaction
	method: DOM.disable
	status: pending
	success: True> (message_id:80)
2025-12-01 16:30:49,046 - websockets.client - DEBUG - > TEXT '{"method": "Target.getTargetInfo", "params": {"...3A272414E9"}, "id": 87}' [104 bytes]
2025-12-01 16:30:49,048 - websockets.client - DEBUG - < TEXT '{"id":87,"result":{"targetInfo":{"targetId":"C2...06616A81A98E406E5A9"}}}' [619 bytes]
2025-12-01 16:30:49,048 - uc.connection - DEBUG - got answer for <Transaction
	method: Target.getTargetInfo
	status: pending
	success: True> (message_id:87)
2025-12-01 16:30:49,197 - websockets.client - DEBUG - < TEXT '{"method":"Target.targetCreated","params":{"tar...06616A81A98E406E5A9"}}}' [287 bytes]
2025-12-01 16:30:49,198 - zendriver.core.browser - DEBUG - target #4 created => <Tab [CFFB572C6C6AF641863FCA8BB0267A57] [iframe] >
2025-12-01 16:30:49,200 - websockets.client - DEBUG - < TEXT '{"method":"Target.targetInfoChanged","params":{...06616A81A98E406E5A9"}}}' [505 bytes]
2025-12-01 16:30:49,200 - zendriver.core.browser - DEBUG - target #3 has changed: 
title:  => https://www.googletagmanager.com/static/service_worker/5ba0/sw_iframe.html?origin=https%3A%2F%2Fwww.cian.ru

url:  => https://www.googletagmanager.com/static/service_worker/5ba0/sw_iframe.html?origin=https%3A%2F%2Fwww.cian.ru

2025-12-01 16:30:49,211 - websockets.client - DEBUG - < TEXT '{"method":"Target.targetCreated","params":{"tar...06616A81A98E406E5A9"}}}' [455 bytes]
2025-12-01 16:30:49,211 - zendriver.core.browser - DEBUG - target #5 created => <Tab [EF6AE7B63758F9FCF5323A05407F4B2C] [service_worker] [url: https://www.googletagmanager.com/static/service_worker/5ba0/sw.js?origin=https%3A%2F%2Fwww.cian.ru]>
2025-12-01 16:30:49,548 - websockets.client - DEBUG - > TEXT '{"method": "DOM.getDocument", "params": {"depth...erce": true}, "id": 88}' [80 bytes]
2025-12-01 16:30:49,549 - websockets.client - DEBUG - < TEXT '{"method":"Target.targetCreated","params":{"tar...06616A81A98E406E5A9"}}}' [287 bytes]
2025-12-01 16:30:49,549 - zendriver.core.browser - DEBUG - target #6 created => <Tab [6EFD2AA39200FA658F8FDE9153BADEF1] [iframe] >
2025-12-01 16:30:49,550 - websockets.client - DEBUG - < TEXT '{"method":"Target.targetInfoChanged","params":{...06616A81A98E406E5A9"}}}' [811 bytes]
2025-12-01 16:30:49,551 - zendriver.core.browser - DEBUG - target #5 has changed: 
title:  => https://o2.mail.ru/login?v=0.1.0&lang=ru-RU&client_id=dfd7d5b5994048b7b10c06f0fa388d9a&redirect_uri=https://www.cian.ru&scope=userinfo&response_type=token&embedded=Y&mode=onetap&state=%7B%22cid%22%3A1%2C%22loginState%22%3Anull%2C%22ttlLoginState%22%3A604800%7D

url:  => https://o2.mail.ru/login?v=0.1.0&lang=ru-RU&client_id=dfd7d5b5994048b7b10c06f0fa388d9a&redirect_uri=https://www.cian.ru&scope=userinfo&response_type=token&embedded=Y&mode=onetap&state=%7B%22cid%22%3A1%2C%22loginState%22%3Anull%2C%22ttlLoginState%22%3A604800%7D

2025-12-01 16:30:49,555 - websockets.client - DEBUG - < TEXT '{"method":"Target.targetCreated","params":{"tar...06616A81A98E406E5A9"}}}' [235 bytes]
2025-12-01 16:30:49,557 - zendriver.core.browser - DEBUG - target #7 created => <Tab [6A613FA4EE89EEF4B5AE0DB268203ADE] [other] >
2025-12-01 16:30:49,615 - websockets.client - DEBUG - < TEXT '{"id":88,"result":{"root":{"nodeId":7126,"backe...,"isScrollable":true}}}' [2112203 bytes]
2025-12-01 16:30:49,637 - websockets.client - DEBUG - < TEXT '{"method":"DOM.scrollableFlagUpdated","params":...,"isScrollable":false}}' [85 bytes]
2025-12-01 16:30:49,639 - websockets.client - DEBUG - < TEXT '{"method":"DOM.childNodeRemoved","params":{"par...:14321,"nodeId":14322}}' [80 bytes]
2025-12-01 16:30:49,639 - websockets.client - DEBUG - < TEXT '{"method":"DOM.childNodeInserted","params":{"pa...A658F8FDE9153BADEF1"}}}' [594 bytes]
2025-12-01 16:30:49,640 - websockets.client - DEBUG - < TEXT '{"method":"DOM.attributeModified","params":{"no...:"11.933333333333334"}}' [111 bytes]
2025-12-01 16:30:49,682 - uc.connection - DEBUG - got answer for <Transaction
	method: DOM.getDocument
	status: pending
	success: True> (message_id:88)
2025-12-01 16:30:49,779 - websockets.client - DEBUG - < TEXT '{"method":"DOM.inlineStyleInvalidated","params":{"nodeIds":[7230]}}' [67 bytes]
2025-12-01 16:30:49,779 - websockets.client - DEBUG - < TEXT '{"method":"DOM.attributeModified","params":{"no...:"12.033333333333333"}}' [111 bytes]
2025-12-01 16:30:49,780 - websockets.client - DEBUG - < TEXT '{"method":"DOM.inlineStyleInvalidated","params":{"nodeIds":[7230]}}' [67 bytes]
2025-12-01 16:30:49,780 - websockets.client - DEBUG - < TEXT '{"method":"DOM.attributeModified","params":{"no...:"12.166666666666668"}}' [111 bytes]
2025-12-01 16:30:49,780 - websockets.client - DEBUG - < TEXT '{"method":"DOM.inlineStyleInvalidated","params":{"nodeIds":[7230]}}' [67 bytes]
2025-12-01 16:30:49,781 - websockets.client - DEBUG - < TEXT '{"method":"DOM.attributeModified","params":{"no...:"12.316666666666666"}}' [111 bytes]
2025-12-01 16:30:49,781 - websockets.client - DEBUG - < TEXT '{"method":"DOM.inlineStyleInvalidated","params":{"nodeIds":[7230]}}' [67 bytes]
2025-12-01 16:30:49,782 - websockets.client - DEBUG - < TEXT '{"method":"DOM.attributeModified","params":{"no...uenow","value":"12.4"}}' [97 bytes]
2025-12-01 16:30:49,782 - websockets.client - DEBUG - < TEXT '{"method":"DOM.inlineStyleInvalidated","params":{"nodeIds":[7230]}}' [67 bytes]
2025-12-01 16:30:49,782 - websockets.client - DEBUG - < TEXT '{"method":"DOM.attributeModified","params":{"no...:"12.466666666666667"}}' [111 bytes]
2025-12-01 16:30:49,782 - websockets.client - DEBUG - < TEXT '{"method":"DOM.inlineStyleInvalidated","params":{"nodeIds":[7230]}}' [67 bytes]
2025-12-01 16:30:49,783 - websockets.client - DEBUG - < TEXT '{"method":"DOM.attributeModified","params":{"no...enow","value":"12.55"}}' [98 bytes]
2025-12-01 16:30:49,783 - websockets.client - DEBUG - < TEXT '{"method":"DOM.inlineStyleInvalidated","params":{"nodeIds":[7230]}}' [67 bytes]
2025-12-01 16:30:49,783 - websockets.client - DEBUG - < TEXT '{"method":"DOM.attributeModified","params":{"no...enow","value":"12.65"}}' [98 bytes]
2025-12-01 16:30:49,783 - websockets.client - DEBUG - < TEXT '{"method":"DOM.inlineStyleInvalidated","params":{"nodeIds":[7230]}}' [67 bytes]
2025-12-01 16:30:49,783 - websockets.client - DEBUG - < TEXT '{"method":"DOM.attributeModified","params":{"no...enow","value":"12.75"}}' [98 bytes]
2025-12-01 16:30:49,784 - websockets.client - DEBUG - < TEXT '{"method":"DOM.inlineStyleInvalidated","params":{"nodeIds":[7230]}}' [67 bytes]
2025-12-01 16:30:49,784 - websockets.client - DEBUG - > TEXT '{"method": "DOM.performSearch", "params": {"que...wDOM": true}, "id": 93}' [256 bytes]
2025-12-01 16:30:49,785 - websockets.client - DEBUG - < TEXT '{"method":"Target.targetDestroyed","params":{"t...FA658F8FDE9153BADEF1"}}' [92 bytes]
2025-12-01 16:30:49,787 - websockets.client - DEBUG - < TEXT '{"method":"DOM.attributeModified","params":{"no...enow","value":"12.85"}}' [98 bytes]
2025-12-01 16:30:49,788 - websockets.client - DEBUG - < TEXT '{"method":"DOM.inlineStyleInvalidated","params":{"nodeIds":[7230]}}' [67 bytes]
2025-12-01 16:30:49,788 - websockets.client - DEBUG - < TEXT '{"method":"DOM.attributeModified","params":{"no...:"12.950000000000001"}}' [111 bytes]
2025-12-01 16:30:49,789 - websockets.client - DEBUG - < TEXT '{"method":"DOM.inlineStyleInvalidated","params":{"nodeIds":[7230]}}' [67 bytes]
2025-12-01 16:30:49,789 - websockets.client - DEBUG - < TEXT '{"method":"DOM.attributeModified","params":{"no...enow","value":"13.05"}}' [98 bytes]
2025-12-01 16:30:49,790 - websockets.client - DEBUG - < TEXT '{"method":"DOM.inlineStyleInvalidated","params":{"nodeIds":[7230]}}' [67 bytes]
2025-12-01 16:30:49,790 - websockets.client - DEBUG - < TEXT '{"method":"DOM.attributeModified","params":{"no...enow","value":"13.15"}}' [98 bytes]
2025-12-01 16:30:49,790 - websockets.client - DEBUG - < TEXT '{"method":"DOM.inlineStyleInvalidated","params":{"nodeIds":[7230]}}' [67 bytes]
2025-12-01 16:30:49,791 - websockets.client - DEBUG - < TEXT '{"method":"DOM.attributeModified","params":{"no...:"13.266666666666666"}}' [111 bytes]
2025-12-01 16:30:49,791 - websockets.client - DEBUG - < TEXT '{"method":"DOM.inlineStyleInvalidated","params":{"nodeIds":[7230]}}' [67 bytes]
2025-12-01 16:30:49,791 - websockets.client - DEBUG - < TEXT '{"method":"DOM.attributeModified","params":{"no...:"13.366666666666665"}}' [111 bytes]
2025-12-01 16:30:49,792 - websockets.client - DEBUG - < TEXT '{"method":"DOM.inlineStyleInvalidated","params":{"nodeIds":[7230]}}' [67 bytes]
2025-12-01 16:30:49,792 - websockets.client - DEBUG - < TEXT '{"method":"DOM.attributeModified","params":{"no...:"13.466666666666665"}}' [111 bytes]
2025-12-01 16:30:49,792 - websockets.client - DEBUG - < TEXT '{"method":"DOM.inlineStyleInvalidated","params":{"nodeIds":[7230]}}' [67 bytes]
2025-12-01 16:30:49,793 - websockets.client - DEBUG - < TEXT '{"method":"DOM.attributeModified","params":{"no...:"13.766666666666666"}}' [111 bytes]
2025-12-01 16:30:49,793 - websockets.client - DEBUG - < TEXT '{"method":"DOM.inlineStyleInvalidated","params":{"nodeIds":[7230]}}' [67 bytes]
2025-12-01 16:30:49,794 - websockets.client - DEBUG - < TEXT '{"method":"DOM.attributeModified","params":{"no...uenow","value":"13.8"}}' [97 bytes]
2025-12-01 16:30:49,794 - websockets.client - DEBUG - < TEXT '{"method":"DOM.attributeModified","params":{"no...:"height","value":"0"}}' [88 bytes]
2025-12-01 16:30:49,794 - websockets.client - DEBUG - < TEXT '{"method":"DOM.inlineStyleInvalidated","params":{"nodeIds":[14321,7230]}}' [73 bytes]
2025-12-01 16:30:49,794 - websockets.client - DEBUG - < TEXT '{"method":"DOM.attributeModified","params":{"no...:"13.883333333333333"}}' [111 bytes]
2025-12-01 16:30:49,796 - websockets.client - DEBUG - < TEXT '{"method":"DOM.childNodeRemoved","params":{"par...":7203,"nodeId":14321}}' [79 bytes]
2025-12-01 16:30:49,796 - websockets.client - DEBUG - < TEXT '{"method":"DOM.inlineStyleInvalidated","params":{"nodeIds":[7230]}}' [67 bytes]
2025-12-01 16:30:49,796 - websockets.client - DEBUG - < TEXT '{"method":"DOM.attributeModified","params":{"no...:"14.033333333333333"}}' [111 bytes]
2025-12-01 16:30:49,796 - websockets.client - DEBUG - < TEXT '{"method":"DOM.inlineStyleInvalidated","params":{"nodeIds":[7230]}}' [67 bytes]
2025-12-01 16:30:49,797 - websockets.client - DEBUG - < TEXT '{"method":"DOM.attributeModified","params":{"no...:"14.133333333333335"}}' [111 bytes]
2025-12-01 16:30:49,797 - websockets.client - DEBUG - < TEXT '{"method":"DOM.inlineStyleInvalidated","params":{"nodeIds":[7230]}}' [67 bytes]
2025-12-01 16:30:49,797 - websockets.client - DEBUG - < TEXT '{"method":"DOM.attributeModified","params":{"no...uenow","value":"14.2"}}' [97 bytes]
2025-12-01 16:30:49,797 - websockets.client - DEBUG - < TEXT '{"method":"DOM.inlineStyleInvalidated","params":{"nodeIds":[7230]}}' [67 bytes]
2025-12-01 16:30:49,797 - websockets.client - DEBUG - < TEXT '{"method":"DOM.attributeModified","params":{"no...:"14.266666666666666"}}' [111 bytes]
2025-12-01 16:30:49,797 - websockets.client - DEBUG - < TEXT '{"method":"DOM.inlineStyleInvalidated","params":{"nodeIds":[7230]}}' [67 bytes]
2025-12-01 16:30:49,797 - websockets.client - DEBUG - < TEXT '{"method":"DOM.attributeModified","params":{"no...enow","value":"14.45"}}' [98 bytes]
2025-12-01 16:30:49,798 - websockets.client - DEBUG - < TEXT '{"method":"DOM.childNodeRemoved","params":{"par...d":7668,"nodeId":7669}}' [78 bytes]
2025-12-01 16:30:49,798 - websockets.client - DEBUG - < TEXT '{"method":"DOM.childNodeInserted","params":{"pa... max-height: 20px;"]}}}' [355 bytes]
2025-12-01 16:30:49,798 - websockets.client - DEBUG - < TEXT '{"method":"DOM.childNodeRemoved","params":{"par...d":7910,"nodeId":7911}}' [78 bytes]
2025-12-01 16:30:49,798 - websockets.client - DEBUG - < TEXT '{"method":"DOM.childNodeInserted","params":{"pa... max-height: 20px;"]}}}' [355 bytes]
2025-12-01 16:30:49,798 - websockets.client - DEBUG - < TEXT '{"method":"DOM.childNodeRemoved","params":{"par...d":8160,"nodeId":8161}}' [78 bytes]
2025-12-01 16:30:49,799 - websockets.client - DEBUG - < TEXT '{"method":"DOM.childNodeInserted","params":{"pa... max-height: 20px;"]}}}' [355 bytes]
2025-12-01 16:30:49,799 - websockets.client - DEBUG - < TEXT '{"method":"DOM.childNodeRemoved","params":{"par...d":8385,"nodeId":8386}}' [78 bytes]
2025-12-01 16:30:49,800 - websockets.client - DEBUG - < TEXT '{"method":"DOM.childNodeInserted","params":{"pa... max-height: 20px;"]}}}' [355 bytes]
2025-12-01 16:30:49,801 - websockets.client - DEBUG - < TEXT '{"method":"DOM.childNodeRemoved","params":{"par...d":8607,"nodeId":8608}}' [78 bytes]
2025-12-01 16:30:49,801 - websockets.client - DEBUG - < TEXT '{"method":"DOM.childNodeInserted","params":{"pa... max-height: 20px;"]}}}' [355 bytes]
2025-12-01 16:30:49,801 - websockets.client - DEBUG - < TEXT '{"method":"DOM.childNodeRemoved","params":{"par...d":8699,"nodeId":8700}}' [78 bytes]
2025-12-01 16:30:49,801 - websockets.client - DEBUG - < TEXT '{"method":"DOM.childNodeInserted","params":{"pa...max-height: 376px;"]}}}' [358 bytes]
2025-12-01 16:30:49,802 - websockets.client - DEBUG - < TEXT '{"method":"DOM.childNodeRemoved","params":{"par...d":8838,"nodeId":8839}}' [78 bytes]
2025-12-01 16:30:49,802 - websockets.client - DEBUG - < TEXT '{"method":"DOM.childNodeInserted","params":{"pa... max-height: 20px;"]}}}' [355 bytes]
2025-12-01 16:30:49,802 - websockets.client - DEBUG - < TEXT '{"method":"DOM.childNodeRemoved","params":{"par...d":9071,"nodeId":9072}}' [78 bytes]
2025-12-01 16:30:49,802 - websockets.client - DEBUG - < TEXT '{"method":"DOM.childNodeInserted","params":{"pa... max-height: 20px;"]}}}' [355 bytes]
2025-12-01 16:30:49,802 - websockets.client - DEBUG - < TEXT '{"method":"DOM.childNodeRemoved","params":{"par...d":9298,"nodeId":9299}}' [78 bytes]
2025-12-01 16:30:49,803 - websockets.client - DEBUG - < TEXT '{"method":"DOM.childNodeInserted","params":{"pa... max-height: 20px;"]}}}' [355 bytes]
2025-12-01 16:30:49,803 - websockets.client - DEBUG - < TEXT '{"method":"DOM.childNodeRemoved","params":{"par...d":9524,"nodeId":9525}}' [78 bytes]
2025-12-01 16:30:49,803 - websockets.client - DEBUG - < TEXT '{"method":"DOM.childNodeInserted","params":{"pa... max-height: 20px;"]}}}' [355 bytes]
2025-12-01 16:30:49,803 - websockets.client - DEBUG - < TEXT '{"method":"DOM.childNodeRemoved","params":{"par...d":9736,"nodeId":9737}}' [78 bytes]
2025-12-01 16:30:49,803 - websockets.client - DEBUG - < TEXT '{"method":"DOM.childNodeInserted","params":{"pa... max-height: 20px;"]}}}' [355 bytes]
2025-12-01 16:30:49,803 - websockets.client - DEBUG - < TEXT '{"method":"DOM.childNodeRemoved","params":{"par...d":9827,"nodeId":9828}}' [78 bytes]
2025-12-01 16:30:49,804 - websockets.client - DEBUG - < TEXT '{"method":"DOM.childNodeInserted","params":{"pa...max-height: 560px;"]}}}' [358 bytes]
2025-12-01 16:30:49,804 - websockets.client - DEBUG - < TEXT '{"method":"DOM.childNodeRemoved","params":{"par...d":9952,"nodeId":9953}}' [78 bytes]
2025-12-01 16:30:49,804 - websockets.client - DEBUG - < TEXT '{"method":"DOM.childNodeInserted","params":{"pa... max-height: 20px;"]}}}' [355 bytes]
2025-12-01 16:30:49,804 - websockets.client - DEBUG - < TEXT '{"method":"DOM.childNodeRemoved","params":{"par...:10216,"nodeId":10217}}' [80 bytes]
2025-12-01 16:30:49,804 - websockets.client - DEBUG - < TEXT '{"method":"DOM.childNodeInserted","params":{"pa... max-height: 20px;"]}}}' [356 bytes]
2025-12-01 16:30:49,804 - websockets.client - DEBUG - < TEXT '{"method":"DOM.childNodeRemoved","params":{"par...:10423,"nodeId":10424}}' [80 bytes]
2025-12-01 16:30:49,805 - websockets.client - DEBUG - < TEXT '{"method":"DOM.childNodeInserted","params":{"pa... max-height: 20px;"]}}}' [356 bytes]
2025-12-01 16:30:49,805 - websockets.client - DEBUG - < TEXT '{"method":"DOM.childNodeRemoved","params":{"par...:10634,"nodeId":10635}}' [80 bytes]
2025-12-01 16:30:49,805 - websockets.client - DEBUG - < TEXT '{"method":"DOM.childNodeInserted","params":{"pa... max-height: 20px;"]}}}' [356 bytes]
2025-12-01 16:30:49,805 - websockets.client - DEBUG - < TEXT '{"method":"DOM.childNodeRemoved","params":{"par...:10897,"nodeId":10898}}' [80 bytes]
2025-12-01 16:30:49,805 - websockets.client - DEBUG - < TEXT '{"method":"DOM.childNodeInserted","params":{"pa... max-height: 20px;"]}}}' [356 bytes]
2025-12-01 16:30:49,806 - websockets.client - DEBUG - < TEXT '{"method":"DOM.childNodeRemoved","params":{"par...:10989,"nodeId":10990}}' [80 bytes]
2025-12-01 16:30:49,807 - websockets.client - DEBUG - < TEXT '{"method":"DOM.childNodeInserted","params":{"pa...max-height: 376px;"]}}}' [359 bytes]
2025-12-01 16:30:49,807 - websockets.client - DEBUG - < TEXT '{"method":"DOM.childNodeRemoved","params":{"par...:11169,"nodeId":11170}}' [80 bytes]
2025-12-01 16:30:49,807 - websockets.client - DEBUG - < TEXT '{"method":"DOM.childNodeInserted","params":{"pa... max-height: 20px;"]}}}' [356 bytes]
2025-12-01 16:30:49,807 - websockets.client - DEBUG - < TEXT '{"method":"DOM.childNodeRemoved","params":{"par...:11365,"nodeId":11366}}' [80 bytes]
2025-12-01 16:30:49,807 - websockets.client - DEBUG - < TEXT '{"method":"DOM.childNodeInserted","params":{"pa... max-height: 20px;"]}}}' [356 bytes]
2025-12-01 16:30:49,807 - websockets.client - DEBUG - < TEXT '{"method":"DOM.childNodeRemoved","params":{"par...:11590,"nodeId":11591}}' [80 bytes]
2025-12-01 16:30:49,808 - websockets.client - DEBUG - < TEXT '{"method":"DOM.childNodeInserted","params":{"pa... max-height: 20px;"]}}}' [356 bytes]
2025-12-01 16:30:49,808 - websockets.client - DEBUG - < TEXT '{"method":"DOM.childNodeRemoved","params":{"par...:11896,"nodeId":11897}}' [80 bytes]
2025-12-01 16:30:49,808 - websockets.client - DEBUG - < TEXT '{"method":"DOM.childNodeInserted","params":{"pa... max-height: 20px;"]}}}' [356 bytes]
2025-12-01 16:30:49,808 - websockets.client - DEBUG - < TEXT '{"method":"DOM.childNodeRemoved","params":{"par...:12141,"nodeId":12142}}' [80 bytes]
2025-12-01 16:30:49,809 - websockets.client - DEBUG - < TEXT '{"method":"DOM.childNodeInserted","params":{"pa... max-height: 20px;"]}}}' [356 bytes]
2025-12-01 16:30:49,809 - websockets.client - DEBUG - < TEXT '{"method":"DOM.childNodeRemoved","params":{"par...:12230,"nodeId":12231}}' [80 bytes]
2025-12-01 16:30:49,810 - websockets.client - DEBUG - < TEXT '{"method":"DOM.childNodeInserted","params":{"pa...max-height: 560px;"]}}}' [359 bytes]
2025-12-01 16:30:49,810 - websockets.client - DEBUG - < TEXT '{"method":"DOM.childNodeRemoved","params":{"par...:12348,"nodeId":12349}}' [80 bytes]
2025-12-01 16:30:49,810 - websockets.client - DEBUG - < TEXT '{"method":"DOM.childNodeInserted","params":{"pa... max-height: 20px;"]}}}' [356 bytes]
2025-12-01 16:30:49,811 - websockets.client - DEBUG - < TEXT '{"method":"DOM.childNodeRemoved","params":{"par...:12552,"nodeId":12553}}' [80 bytes]
2025-12-01 16:30:49,811 - websockets.client - DEBUG - < TEXT '{"method":"DOM.childNodeInserted","params":{"pa... max-height: 20px;"]}}}' [356 bytes]
2025-12-01 16:30:49,811 - websockets.client - DEBUG - < TEXT '{"method":"DOM.childNodeRemoved","params":{"par...:12791,"nodeId":12792}}' [80 bytes]
2025-12-01 16:30:49,813 - websockets.client - DEBUG - < TEXT '{"method":"DOM.childNodeInserted","params":{"pa... max-height: 20px;"]}}}' [356 bytes]
2025-12-01 16:30:49,814 - websockets.client - DEBUG - < TEXT '{"method":"DOM.childNodeRemoved","params":{"par...:13035,"nodeId":13036}}' [80 bytes]
2025-12-01 16:30:49,814 - websockets.client - DEBUG - < TEXT '{"method":"DOM.childNodeInserted","params":{"pa... max-height: 20px;"]}}}' [356 bytes]
2025-12-01 16:30:49,814 - websockets.client - DEBUG - < TEXT '{"method":"DOM.childNodeRemoved","params":{"par...:13273,"nodeId":13274}}' [80 bytes]
2025-12-01 16:30:49,815 - websockets.client - DEBUG - < TEXT '{"method":"DOM.childNodeInserted","params":{"pa... max-height: 20px;"]}}}' [356 bytes]
2025-12-01 16:30:49,815 - websockets.client - DEBUG - < TEXT '{"method":"DOM.childNodeRemoved","params":{"par...:13361,"nodeId":13362}}' [80 bytes]
2025-12-01 16:30:49,815 - websockets.client - DEBUG - < TEXT '{"method":"DOM.childNodeInserted","params":{"pa...max-height: 376px;"]}}}' [359 bytes]
2025-12-01 16:30:49,816 - websockets.client - DEBUG - < TEXT '{"method":"DOM.childNodeRemoved","params":{"par...:13502,"nodeId":13503}}' [80 bytes]
2025-12-01 16:30:49,816 - websockets.client - DEBUG - < TEXT '{"method":"DOM.childNodeInserted","params":{"pa... max-height: 20px;"]}}}' [356 bytes]
2025-12-01 16:30:49,817 - websockets.client - DEBUG - < TEXT '{"method":"DOM.childNodeRemoved","params":{"par...:13770,"nodeId":13771}}' [80 bytes]
2025-12-01 16:30:49,817 - websockets.client - DEBUG - < TEXT '{"method":"DOM.childNodeInserted","params":{"pa... max-height: 20px;"]}}}' [356 bytes]
2025-12-01 16:30:49,817 - websockets.client - DEBUG - < TEXT '{"method":"DOM.childNodeRemoved","params":{"par...:14035,"nodeId":14036}}' [80 bytes]
2025-12-01 16:30:49,817 - websockets.client - DEBUG - < TEXT '{"method":"DOM.childNodeInserted","params":{"pa... max-height: 20px;"]}}}' [356 bytes]
2025-12-01 16:30:49,818 - websockets.client - DEBUG - < TEXT '{"method":"DOM.childNodeRemoved","params":{"par...:14190,"nodeId":14191}}' [80 bytes]
2025-12-01 16:30:49,818 - websockets.client - DEBUG - < TEXT '{"method":"DOM.childNodeInserted","params":{"pa...max-height: 560px;"]}}}' [359 bytes]
2025-12-01 16:30:49,819 - websockets.client - DEBUG - < TEXT '{"method":"DOM.inlineStyleInvalidated","params":{"nodeIds":[7230]}}' [67 bytes]
2025-12-01 16:30:49,821 - websockets.client - DEBUG - < TEXT '{"method":"DOM.attributeModified","params":{"no...uenow","value":"14.7"}}' [97 bytes]
2025-12-01 16:30:49,822 - zendriver.core.browser - DEBUG - target removed. id # 5 => <Tab [6EFD2AA39200FA658F8FDE9153BADEF1] [iframe] [url: https://o2.mail.ru/login?v=0.1.0&lang=ru-RU&client_id=dfd7d5b5994048b7b10c06f0fa388d9a&redirect_uri=https://www.cian.ru&scope=userinfo&response_type=token&embedded=Y&mode=onetap&state=%7B%22cid%22%3A1%2C%22loginState%22%3Anull%2C%22ttlLoginState%22%3A604800%7D]>
2025-12-01 16:30:49,847 - websockets.client - DEBUG - < TEXT '{"method":"DOM.childNodeInserted","params":{"pa.../sopr-experiments/"]}}}' [684 bytes]
2025-12-01 16:30:49,847 - websockets.client - DEBUG - < TEXT '{"method":"DOM.childNodeCountUpdated","params":...28,"childNodeCount":1}}' [83 bytes]
2025-12-01 16:30:49,848 - websockets.client - DEBUG - < TEXT '{"method":"DOM.childNodeCountUpdated","params":...28,"childNodeCount":0}}' [83 bytes]
2025-12-01 16:30:49,850 - websockets.client - DEBUG - < TEXT '{"method":"DOM.childNodeCountUpdated","params":...29,"childNodeCount":1}}' [83 bytes]
2025-12-01 16:30:49,851 - websockets.client - DEBUG - < TEXT '{"method":"DOM.childNodeCountUpdated","params":...29,"childNodeCount":0}}' [83 bytes]
2025-12-01 16:30:49,853 - websockets.client - DEBUG - < TEXT '{"method":"DOM.childNodeCountUpdated","params":...30,"childNodeCount":1}}' [83 bytes]
2025-12-01 16:30:49,857 - websockets.client - DEBUG - < TEXT '{"method":"DOM.childNodeCountUpdated","params":...30,"childNodeCount":0}}' [83 bytes]
2025-12-01 16:30:49,857 - websockets.client - DEBUG - < TEXT '{"method":"DOM.childNodeCountUpdated","params":...31,"childNodeCount":1}}' [83 bytes]
2025-12-01 16:30:49,858 - websockets.client - DEBUG - < TEXT '{"method":"DOM.childNodeCountUpdated","params":...31,"childNodeCount":0}}' [83 bytes]
2025-12-01 16:30:49,858 - websockets.client - DEBUG - < TEXT '{"method":"DOM.childNodeCountUpdated","params":...32,"childNodeCount":1}}' [83 bytes]
2025-12-01 16:30:49,858 - websockets.client - DEBUG - < TEXT '{"method":"DOM.childNodeCountUpdated","params":...32,"childNodeCount":0}}' [83 bytes]
2025-12-01 16:30:49,858 - websockets.client - DEBUG - < TEXT '{"method":"DOM.childNodeCountUpdated","params":...33,"childNodeCount":1}}' [83 bytes]
2025-12-01 16:30:49,858 - websockets.client - DEBUG - < TEXT '{"method":"DOM.childNodeCountUpdated","params":...33,"childNodeCount":0}}' [83 bytes]
2025-12-01 16:30:49,858 - websockets.client - DEBUG - < TEXT '{"method":"DOM.childNodeCountUpdated","params":...34,"childNodeCount":1}}' [83 bytes]
2025-12-01 16:30:49,858 - websockets.client - DEBUG - < TEXT '{"method":"DOM.childNodeCountUpdated","params":...34,"childNodeCount":0}}' [83 bytes]
2025-12-01 16:30:49,859 - websockets.client - DEBUG - < TEXT '{"method":"DOM.childNodeCountUpdated","params":...35,"childNodeCount":1}}' [83 bytes]
2025-12-01 16:30:49,859 - websockets.client - DEBUG - < TEXT '{"method":"DOM.childNodeCountUpdated","params":...35,"childNodeCount":0}}' [83 bytes]
2025-12-01 16:30:49,859 - websockets.client - DEBUG - < TEXT '{"method":"DOM.childNodeCountUpdated","params":...36,"childNodeCount":1}}' [83 bytes]
2025-12-01 16:30:49,860 - websockets.client - DEBUG - < TEXT '{"method":"DOM.childNodeCountUpdated","params":...36,"childNodeCount":0}}' [83 bytes]
2025-12-01 16:30:49,860 - websockets.client - DEBUG - < TEXT '{"method":"DOM.childNodeCountUpdated","params":...37,"childNodeCount":1}}' [83 bytes]
2025-12-01 16:30:49,861 - websockets.client - DEBUG - < TEXT '{"method":"DOM.childNodeCountUpdated","params":...37,"childNodeCount":0}}' [83 bytes]
2025-12-01 16:30:49,862 - websockets.client - DEBUG - < TEXT '{"method":"DOM.childNodeCountUpdated","params":...38,"childNodeCount":1}}' [83 bytes]
2025-12-01 16:30:49,863 - websockets.client - DEBUG - < TEXT '{"method":"DOM.childNodeCountUpdated","params":...38,"childNodeCount":0}}' [83 bytes]
2025-12-01 16:30:49,863 - websockets.client - DEBUG - < TEXT '{"method":"DOM.childNodeCountUpdated","params":...39,"childNodeCount":1}}' [83 bytes]
2025-12-01 16:30:49,863 - websockets.client - DEBUG - < TEXT '{"method":"DOM.childNodeCountUpdated","params":...39,"childNodeCount":0}}' [83 bytes]
2025-12-01 16:30:49,863 - websockets.client - DEBUG - < TEXT '{"method":"DOM.childNodeCountUpdated","params":...40,"childNodeCount":1}}' [83 bytes]
2025-12-01 16:30:49,863 - websockets.client - DEBUG - < TEXT '{"method":"DOM.childNodeCountUpdated","params":...40,"childNodeCount":0}}' [83 bytes]
2025-12-01 16:30:49,863 - websockets.client - DEBUG - < TEXT '{"method":"DOM.childNodeCountUpdated","params":...41,"childNodeCount":1}}' [83 bytes]
2025-12-01 16:30:49,864 - websockets.client - DEBUG - < TEXT '{"method":"DOM.childNodeCountUpdated","params":...41,"childNodeCount":0}}' [83 bytes]
2025-12-01 16:30:49,864 - websockets.client - DEBUG - < TEXT '{"method":"DOM.childNodeCountUpdated","params":...42,"childNodeCount":1}}' [83 bytes]
2025-12-01 16:30:49,864 - websockets.client - DEBUG - < TEXT '{"method":"DOM.childNodeCountUpdated","params":...42,"childNodeCount":0}}' [83 bytes]
2025-12-01 16:30:49,864 - websockets.client - DEBUG - < TEXT '{"method":"DOM.childNodeCountUpdated","params":...43,"childNodeCount":1}}' [83 bytes]
2025-12-01 16:30:49,865 - websockets.client - DEBUG - < TEXT '{"method":"DOM.childNodeCountUpdated","params":...43,"childNodeCount":0}}' [83 bytes]
2025-12-01 16:30:49,865 - websockets.client - DEBUG - < TEXT '{"method":"DOM.childNodeCountUpdated","params":...44,"childNodeCount":1}}' [83 bytes]
2025-12-01 16:30:49,865 - websockets.client - DEBUG - < TEXT '{"method":"DOM.childNodeCountUpdated","params":...44,"childNodeCount":0}}' [83 bytes]
2025-12-01 16:30:49,866 - websockets.client - DEBUG - < TEXT '{"method":"DOM.childNodeCountUpdated","params":...45,"childNodeCount":1}}' [83 bytes]
2025-12-01 16:30:49,866 - websockets.client - DEBUG - < TEXT '{"method":"DOM.childNodeCountUpdated","params":...45,"childNodeCount":0}}' [83 bytes]
2025-12-01 16:30:49,866 - websockets.client - DEBUG - < TEXT '{"method":"DOM.childNodeCountUpdated","params":...46,"childNodeCount":1}}' [83 bytes]
2025-12-01 16:30:49,867 - websockets.client - DEBUG - < TEXT '{"method":"DOM.childNodeCountUpdated","params":...46,"childNodeCount":0}}' [83 bytes]
2025-12-01 16:30:49,867 - websockets.client - DEBUG - < TEXT '{"method":"DOM.childNodeCountUpdated","params":...47,"childNodeCount":1}}' [83 bytes]
2025-12-01 16:30:49,867 - websockets.client - DEBUG - < TEXT '{"method":"DOM.childNodeCountUpdated","params":...47,"childNodeCount":0}}' [83 bytes]
2025-12-01 16:30:49,868 - websockets.client - DEBUG - < TEXT '{"method":"DOM.childNodeCountUpdated","params":...48,"childNodeCount":1}}' [83 bytes]
2025-12-01 16:30:49,868 - websockets.client - DEBUG - < TEXT '{"method":"DOM.childNodeCountUpdated","params":...48,"childNodeCount":0}}' [83 bytes]
2025-12-01 16:30:49,869 - websockets.client - DEBUG - < TEXT '{"method":"DOM.childNodeCountUpdated","params":...49,"childNodeCount":1}}' [83 bytes]
2025-12-01 16:30:49,869 - websockets.client - DEBUG - < TEXT '{"method":"DOM.childNodeCountUpdated","params":...49,"childNodeCount":0}}' [83 bytes]
2025-12-01 16:30:49,869 - websockets.client - DEBUG - < TEXT '{"method":"DOM.childNodeCountUpdated","params":...50,"childNodeCount":1}}' [83 bytes]
2025-12-01 16:30:49,870 - websockets.client - DEBUG - < TEXT '{"method":"DOM.childNodeCountUpdated","params":...50,"childNodeCount":0}}' [83 bytes]
2025-12-01 16:30:49,870 - websockets.client - DEBUG - < TEXT '{"method":"DOM.childNodeCountUpdated","params":...51,"childNodeCount":1}}' [83 bytes]
2025-12-01 16:30:49,871 - websockets.client - DEBUG - < TEXT '{"method":"DOM.childNodeCountUpdated","params":...51,"childNodeCount":0}}' [83 bytes]
2025-12-01 16:30:49,871 - websockets.client - DEBUG - < TEXT '{"method":"DOM.childNodeCountUpdated","params":...52,"childNodeCount":1}}' [83 bytes]
2025-12-01 16:30:49,871 - websockets.client - DEBUG - < TEXT '{"method":"DOM.childNodeCountUpdated","params":...52,"childNodeCount":0}}' [83 bytes]
2025-12-01 16:30:49,871 - websockets.client - DEBUG - < TEXT '{"method":"DOM.childNodeCountUpdated","params":...53,"childNodeCount":1}}' [83 bytes]
2025-12-01 16:30:49,871 - websockets.client - DEBUG - < TEXT '{"method":"DOM.childNodeCountUpdated","params":...53,"childNodeCount":0}}' [83 bytes]
2025-12-01 16:30:49,871 - websockets.client - DEBUG - < TEXT '{"method":"DOM.childNodeCountUpdated","params":...54,"childNodeCount":1}}' [83 bytes]
2025-12-01 16:30:49,871 - websockets.client - DEBUG - < TEXT '{"method":"DOM.childNodeCountUpdated","params":...54,"childNodeCount":0}}' [83 bytes]
2025-12-01 16:30:49,871 - websockets.client - DEBUG - < TEXT '{"method":"DOM.childNodeCountUpdated","params":...55,"childNodeCount":1}}' [83 bytes]
2025-12-01 16:30:49,871 - websockets.client - DEBUG - < TEXT '{"method":"DOM.childNodeCountUpdated","params":...55,"childNodeCount":0}}' [83 bytes]
2025-12-01 16:30:49,871 - websockets.client - DEBUG - < TEXT '{"method":"DOM.childNodeCountUpdated","params":...56,"childNodeCount":1}}' [83 bytes]
2025-12-01 16:30:49,872 - websockets.client - DEBUG - < TEXT '{"method":"DOM.childNodeCountUpdated","params":...56,"childNodeCount":0}}' [83 bytes]
2025-12-01 16:30:49,872 - websockets.client - DEBUG - < TEXT '{"method":"DOM.childNodeCountUpdated","params":...57,"childNodeCount":1}}' [83 bytes]
2025-12-01 16:30:49,872 - websockets.client - DEBUG - < TEXT '{"method":"DOM.childNodeCountUpdated","params":...57,"childNodeCount":0}}' [83 bytes]
2025-12-01 16:30:49,872 - websockets.client - DEBUG - < TEXT '{"method":"DOM.childNodeCountUpdated","params":...58,"childNodeCount":1}}' [83 bytes]
2025-12-01 16:30:49,872 - websockets.client - DEBUG - < TEXT '{"method":"DOM.childNodeCountUpdated","params":...58,"childNodeCount":0}}' [83 bytes]
2025-12-01 16:30:49,873 - websockets.client - DEBUG - < TEXT '{"method":"DOM.childNodeCountUpdated","params":...59,"childNodeCount":1}}' [83 bytes]
2025-12-01 16:30:49,873 - websockets.client - DEBUG - < TEXT '{"method":"DOM.childNodeCountUpdated","params":...59,"childNodeCount":0}}' [83 bytes]
2025-12-01 16:30:49,873 - websockets.client - DEBUG - < TEXT '{"method":"DOM.childNodeCountUpdated","params":...60,"childNodeCount":1}}' [83 bytes]
2025-12-01 16:30:49,873 - websockets.client - DEBUG - < TEXT '{"method":"DOM.childNodeCountUpdated","params":...60,"childNodeCount":0}}' [83 bytes]
2025-12-01 16:30:49,874 - websockets.client - DEBUG - < TEXT '{"method":"DOM.childNodeCountUpdated","params":...61,"childNodeCount":1}}' [83 bytes]
2025-12-01 16:30:49,875 - websockets.client - DEBUG - < TEXT '{"method":"DOM.childNodeCountUpdated","params":...61,"childNodeCount":0}}' [83 bytes]
2025-12-01 16:30:49,875 - websockets.client - DEBUG - < TEXT '{"method":"DOM.inlineStyleInvalidated","params":{"nodeIds":[7230]}}' [67 bytes]
2025-12-01 16:30:49,875 - websockets.client - DEBUG - < TEXT '{"method":"DOM.attributeModified","params":{"no...:"15.033333333333335"}}' [111 bytes]
2025-12-01 16:30:49,906 - websockets.client - DEBUG - < TEXT '{"id":93,"result":{"searchId":"21980.1","resultCount":0}}' [57 bytes]
2025-12-01 16:30:49,907 - uc.connection - DEBUG - got answer for <Transaction
	method: DOM.performSearch
	status: pending
	success: True> (message_id:93)
2025-12-01 16:30:49,908 - websockets.client - DEBUG - < TEXT '{"method":"DOM.inlineStyleInvalidated","params":{"nodeIds":[7230]}}' [67 bytes]
2025-12-01 16:30:49,908 - websockets.client - DEBUG - > TEXT '{"method": "DOM.discardSearchResults", "params"... "21980.1"}, "id": 283}' [84 bytes]
2025-12-01 16:30:49,909 - websockets.client - DEBUG - < TEXT '{"method":"DOM.attributeModified","params":{"no...:"15.966666666666669"}}' [111 bytes]
2025-12-01 16:30:49,911 - websockets.client - DEBUG - < TEXT '{"method":"DOM.inlineStyleInvalidated","params":{"nodeIds":[7230]}}' [67 bytes]
2025-12-01 16:30:49,913 - websockets.client - DEBUG - < TEXT '{"method":"DOM.attributeModified","params":{"no...:"17.283333333333335"}}' [111 bytes]
2025-12-01 16:30:49,939 - websockets.client - DEBUG - < TEXT '{"method":"DOM.childNodeCountUpdated","params":...29,"childNodeCount":1}}' [83 bytes]
2025-12-01 16:30:49,939 - websockets.client - DEBUG - < TEXT '{"method":"DOM.childNodeCountUpdated","params":...29,"childNodeCount":0}}' [83 bytes]
2025-12-01 16:30:49,939 - websockets.client - DEBUG - < TEXT '{"method":"DOM.childNodeCountUpdated","params":...28,"childNodeCount":1}}' [83 bytes]
2025-12-01 16:30:49,939 - websockets.client - DEBUG - < TEXT '{"method":"DOM.childNodeCountUpdated","params":...28,"childNodeCount":0}}' [83 bytes]
2025-12-01 16:30:49,940 - websockets.client - DEBUG - < TEXT '{"method":"DOM.inlineStyleInvalidated","params":{"nodeIds":[7230]}}' [67 bytes]
2025-12-01 16:30:49,941 - websockets.client - DEBUG - < TEXT '{"id":283,"result":{}}' [22 bytes]
2025-12-01 16:30:49,941 - websockets.client - DEBUG - < TEXT '{"method":"DOM.attributeModified","params":{"no...:"17.349999999999998"}}' [111 bytes]
2025-12-01 16:30:49,942 - uc.connection - DEBUG - got answer for <Transaction
	method: DOM.discardSearchResults
	status: pending
	success: True> (message_id:283)
2025-12-01 16:30:49,946 - websockets.client - DEBUG - > TEXT '{"method": "DOM.disable", "params": [], "id": 294}' [50 bytes]
2025-12-01 16:30:49,948 - websockets.client - DEBUG - < TEXT '{"method":"DOM.inlineStyleInvalidated","params":{"nodeIds":[7230]}}' [67 bytes]
2025-12-01 16:30:49,948 - websockets.client - DEBUG - < TEXT '{"method":"DOM.attributeModified","params":{"no...:"17.883333333333333"}}' [111 bytes]
2025-12-01 16:30:49,952 - websockets.client - DEBUG - < TEXT '{"method":"DOM.inlineStyleInvalidated","params":{"nodeIds":[7230]}}' [67 bytes]
2025-12-01 16:30:49,953 - websockets.client - DEBUG - < TEXT '{"method":"DOM.attributeModified","params":{"no...":"17.96666666666667"}}' [110 bytes]
2025-12-01 16:30:49,954 - websockets.client - DEBUG - < TEXT '{"id":294,"result":{}}' [22 bytes]
2025-12-01 16:30:49,954 - uc.connection - DEBUG - got answer for <Transaction
	method: DOM.disable
	status: pending
	success: True> (message_id:294)
2025-12-01 16:30:49,961 - websockets.client - DEBUG - > TEXT '{"method": "Target.getTargetInfo", "params": {"...A272414E9"}, "id": 299}' [105 bytes]
2025-12-01 16:30:49,962 - websockets.client - DEBUG - < TEXT '{"id":299,"result":{"targetInfo":{"targetId":"C...06616A81A98E406E5A9"}}}' [620 bytes]
2025-12-01 16:30:49,962 - uc.connection - DEBUG - got answer for <Transaction
	method: Target.getTargetInfo
	status: pending
	success: True> (message_id:299)
2025-12-01 16:30:49,987 - websockets.client - DEBUG - < TEXT '{"method":"Target.targetInfoChanged","params":{...06616A81A98E406E5A9"}}}' [1109 bytes]
2025-12-01 16:30:49,988 - zendriver.core.browser - DEBUG - target #5 has changed: 
title:  => id.vk.ru/auth?action=eyJuYW1lIjoibWFpbF9hdXRoIiwicGFyYW1zIjp7Im1haWxfYXV0aF90eXBlIjoiYXV0aF9sb2dpbl9wYWdlIn19&app_id=7539952&app_settings=eyJzZXJ2aWNlX2dyb3VwcyI6eyJvaWQiOiI3OE5ZWkx4MXdIaFQ0TFFjWXE3eDQifX0%3D&code_challenge=jpP-Y_6bQwJqkosAd-5jUqWUBciaFeWc78ActGktbTI&code_challenge_method=S256&lang_id=0&redirect_state=AG_FFG01MHIqedtiRuFp2VHy01&redirect_uri=https%3A%2F%2Fe.mail.ru%2Finbox&response_type=silent_token&scheme=light

url:  => https://id.vk.ru/auth?action=eyJuYW1lIjoibWFpbF9hdXRoIiwicGFyYW1zIjp7Im1haWxfYXV0aF90eXBlIjoiYXV0aF9sb2dpbl9wYWdlIn19&app_id=7539952&app_settings=eyJzZXJ2aWNlX2dyb3VwcyI6eyJvaWQiOiI3OE5ZWkx4MXdIaFQ0TFFjWXE3eDQifX0%3D&code_challenge=jpP-Y_6bQwJqkosAd-5jUqWUBciaFeWc78ActGktbTI&code_challenge_method=S256&lang_id=0&redirect_state=AG_FFG01MHIqedtiRuFp2VHy01&redirect_uri=https%3A%2F%2Fe.mail.ru%2Finbox&response_type=silent_token&scheme=light

2025-12-01 16:30:50,200 - websockets.client - DEBUG - < TEXT '{"method":"Target.targetDestroyed","params":{"t...EEF4B5AE0DB268203ADE"}}' [92 bytes]
2025-12-01 16:30:50,201 - zendriver.core.browser - DEBUG - target removed. id # 5 => <Tab [6A613FA4EE89EEF4B5AE0DB268203ADE] [other] [url: https://id.vk.ru/auth?action=eyJuYW1lIjoibWFpbF9hdXRoIiwicGFyYW1zIjp7Im1haWxfYXV0aF90eXBlIjoiYXV0aF9sb2dpbl9wYWdlIn19&app_id=7539952&app_settings=eyJzZXJ2aWNlX2dyb3VwcyI6eyJvaWQiOiI3OE5ZWkx4MXdIaFQ0TFFjWXE3eDQifX0%3D&code_challenge=jpP-Y_6bQwJqkosAd-5jUqWUBciaFeWc78ActGktbTI&code_challenge_method=S256&lang_id=0&redirect_state=AG_FFG01MHIqedtiRuFp2VHy01&redirect_uri=https%3A%2F%2Fe.mail.ru%2Finbox&response_type=silent_token&scheme=light]>
2025-12-01 16:30:50,290 - websockets.client - DEBUG - < TEXT '{"method":"Target.targetCreated","params":{"tar...06616A81A98E406E5A9"}}}' [287 bytes]
2025-12-01 16:30:50,292 - zendriver.core.browser - DEBUG - target #6 created => <Tab [3AF7365CD9FA022548054CF2CB3CD645] [iframe] >
2025-12-01 16:30:50,294 - websockets.client - DEBUG - < TEXT '{"method":"Target.targetInfoChanged","params":{...06616A81A98E406E5A9"}}}' [961 bytes]
2025-12-01 16:30:50,294 - zendriver.core.browser - DEBUG - target #5 has changed: 
title:  => https://wcm.weborama-tech.ru/fcgi-bin/dispatch.fcgi?g.bo=OK&g.rn=318748&a.A=co&a.si=10204&a.cp=1&a.ct=b&gdpr_cmp_failure=1&da=1764606650&g.ru=&g.pu=https%3A//www.cian.ru/cat.php%3Fdeal_type%3Dsale%26engine_version%3D2%26region%3D1%26p%3D6%26object_type%3D1%26offer_type%3Dflat%26max_page%3D100%26minfloor%3D1%26maxfloor%3D2%26room1%3D1

url:  => https://wcm.weborama-tech.ru/fcgi-bin/dispatch.fcgi?g.bo=OK&g.rn=318748&a.A=co&a.si=10204&a.cp=1&a.ct=b&gdpr_cmp_failure=1&da=1764606650&g.ru=&g.pu=https%3A//www.cian.ru/cat.php%3Fdeal_type%3Dsale%26engine_version%3D2%26region%3D1%26p%3D6%26object_type%3D1%26offer_type%3Dflat%26max_page%3D100%26minfloor%3D1%26maxfloor%3D2%26room1%3D1

2025-12-01 16:30:50,295 - websockets.client - DEBUG - < TEXT '{"method":"Target.targetCreated","params":{"tar...06616A81A98E406E5A9"}}}' [287 bytes]
2025-12-01 16:30:50,296 - zendriver.core.browser - DEBUG - target #7 created => <Tab [BFEC49C77FF7D5FEE1E45B122A2FCB95] [iframe] >
2025-12-01 16:30:50,299 - websockets.client - DEBUG - < TEXT '{"method":"Target.targetInfoChanged","params":{...06616A81A98E406E5A9"}}}' [961 bytes]
2025-12-01 16:30:50,300 - zendriver.core.browser - DEBUG - target #6 has changed: 
title:  => https://wcm.weborama-tech.ru/fcgi-bin/dispatch.fcgi?g.bo=OK&g.rn=61659&a.A=co&a.si=10204&a.cp=12&a.ct=b&gdpr_cmp_failure=1&da=1764606650&g.ru=&g.pu=https%3A//www.cian.ru/cat.php%3Fdeal_type%3Dsale%26engine_version%3D2%26region%3D1%26p%3D6%26object_type%3D1%26offer_type%3Dflat%26max_page%3D100%26minfloor%3D1%26maxfloor%3D2%26room1%3D1

url:  => https://wcm.weborama-tech.ru/fcgi-bin/dispatch.fcgi?g.bo=OK&g.rn=61659&a.A=co&a.si=10204&a.cp=12&a.ct=b&gdpr_cmp_failure=1&da=1764606650&g.ru=&g.pu=https%3A//www.cian.ru/cat.php%3Fdeal_type%3Dsale%26engine_version%3D2%26region%3D1%26p%3D6%26object_type%3D1%26offer_type%3Dflat%26max_page%3D100%26minfloor%3D1%26maxfloor%3D2%26room1%3D1

2025-12-01 16:30:50,305 - websockets.client - DEBUG - < TEXT '{"method":"Target.targetCreated","params":{"tar...06616A81A98E406E5A9"}}}' [287 bytes]
2025-12-01 16:30:50,308 - websockets.client - DEBUG - < TEXT '{"method":"Target.targetInfoChanged","params":{...06616A81A98E406E5A9"}}}' [963 bytes]
2025-12-01 16:30:50,309 - zendriver.core.browser - DEBUG - target #8 created => <Tab [EA1FB9C320D054DAEF591200522DBEB3] [iframe] >
2025-12-01 16:30:50,310 - zendriver.core.browser - DEBUG - target #7 has changed: 
title:  => https://wcm.weborama-tech.ru/fcgi-bin/dispatch.fcgi?g.bo=OK&g.rn=896663&a.A=co&a.si=10204&a.cp=13&a.ct=b&gdpr_cmp_failure=1&da=1764606650&g.ru=&g.pu=https%3A//www.cian.ru/cat.php%3Fdeal_type%3Dsale%26engine_version%3D2%26region%3D1%26p%3D6%26object_type%3D1%26offer_type%3Dflat%26max_page%3D100%26minfloor%3D1%26maxfloor%3D2%26room1%3D1

url:  => https://wcm.weborama-tech.ru/fcgi-bin/dispatch.fcgi?g.bo=OK&g.rn=896663&a.A=co&a.si=10204&a.cp=13&a.ct=b&gdpr_cmp_failure=1&da=1764606650&g.ru=&g.pu=https%3A//www.cian.ru/cat.php%3Fdeal_type%3Dsale%26engine_version%3D2%26region%3D1%26p%3D6%26object_type%3D1%26offer_type%3Dflat%26max_page%3D100%26minfloor%3D1%26maxfloor%3D2%26room1%3D1

2025-12-01 16:30:50,473 - websockets.client - DEBUG - > TEXT '{"method": "DOM.getDocument", "params": {"depth...rce": true}, "id": 300}' [81 bytes]
2025-12-01 16:30:50,727 - websockets.client - DEBUG - < TEXT '{"id":300,"result":{"root":{"nodeId":14363,"bac...,"isScrollable":true}}}' [2126406 bytes]
2025-12-01 16:30:50,764 - uc.connection - DEBUG - got answer for <Transaction
	method: DOM.getDocument
	status: pending
	success: True> (message_id:300)
2025-12-01 16:30:50,879 - websockets.client - DEBUG - > TEXT '{"method": "DOM.performSearch", "params": {"que...DOM": true}, "id": 301}' [257 bytes]
2025-12-01 16:30:50,879 - websockets.client - DEBUG - < TEXT '{"method":"DOM.attributeModified","params":{"no...enow","value":"30.55"}}' [99 bytes]
2025-12-01 16:30:50,879 - websockets.client - DEBUG - < TEXT '{"method":"DOM.inlineStyleInvalidated","params":{"nodeIds":[14476]}}' [68 bytes]
2025-12-01 16:30:50,880 - websockets.client - DEBUG - < TEXT '{"method":"DOM.attributeModified","params":{"no...enow","value":"31.45"}}' [99 bytes]
2025-12-01 16:30:50,880 - websockets.client - DEBUG - < TEXT '{"method":"DOM.inlineStyleInvalidated","params":{"nodeIds":[14476]}}' [68 bytes]
2025-12-01 16:30:50,880 - websockets.client - DEBUG - < TEXT '{"method":"DOM.attributeModified","params":{"no...:"31.516666666666666"}}' [112 bytes]
2025-12-01 16:30:50,880 - websockets.client - DEBUG - < TEXT '{"method":"DOM.childNodeInserted","params":{"pa...id","","charset",""]}}}' [461 bytes]
2025-12-01 16:30:50,880 - websockets.client - DEBUG - < TEXT '{"method":"DOM.childNodeInserted","params":{"pa...id","","charset",""]}}}' [461 bytes]
2025-12-01 16:30:50,880 - websockets.client - DEBUG - < TEXT '{"method":"DOM.inlineStyleInvalidated","params":{"nodeIds":[14476]}}' [68 bytes]
2025-12-01 16:30:50,880 - websockets.client - DEBUG - < TEXT '{"method":"DOM.attributeModified","params":{"no...uenow","value":"31.6"}}' [98 bytes]
2025-12-01 16:30:50,881 - websockets.client - DEBUG - < TEXT '{"method":"DOM.inlineStyleInvalidated","params":{"nodeIds":[14476]}}' [68 bytes]
2025-12-01 16:30:50,881 - websockets.client - DEBUG - < TEXT '{"method":"DOM.attributeModified","params":{"no...:"31.666666666666664"}}' [112 bytes]
2025-12-01 16:30:50,881 - websockets.client - DEBUG - < TEXT '{"method":"DOM.inlineStyleInvalidated","params":{"nodeIds":[14476]}}' [68 bytes]
2025-12-01 16:30:50,881 - websockets.client - DEBUG - < TEXT '{"method":"DOM.childNodeInserted","params":{"pa...obid.js","async",""]}}}' [286 bytes]
2025-12-01 16:30:50,881 - websockets.client - DEBUG - < TEXT '{"method":"DOM.childNodeRemoved","params":{"par...:14366,"nodeId":14443}}' [80 bytes]
2025-12-01 16:30:50,881 - websockets.client - DEBUG - < TEXT '{"method":"DOM.childNodeInserted","params":{"pa...:["id","uxs-byhzpu"]}}}' [1087 bytes]
2025-12-01 16:30:50,881 - websockets.client - DEBUG - < TEXT '{"method":"DOM.childNodeInserted","params":{"pa...: 2147483647;\\n  "]}}}' [405 bytes]
2025-12-01 16:30:50,882 - websockets.client - DEBUG - < TEXT '{"method":"DOM.childNodeRemoved","params":{"par...:14366,"nodeId":14445}}' [80 bytes]
2025-12-01 16:30:50,882 - websockets.client - DEBUG - < TEXT '{"method":"DOM.attributeModified","params":{"no...:"31.933333333333337"}}' [112 bytes]
2025-12-01 16:30:50,882 - websockets.client - DEBUG - < TEXT '{"method":"DOM.inlineStyleInvalidated","params":{"nodeIds":[14476]}}' [68 bytes]
2025-12-01 16:30:50,882 - websockets.client - DEBUG - < TEXT '{"method":"DOM.attributeModified","params":{"no...":"32.03333333333334"}}' [111 bytes]
2025-12-01 16:30:50,882 - websockets.client - DEBUG - < TEXT '{"method":"DOM.inlineStyleInvalidated","params":{"nodeIds":[14476]}}' [68 bytes]
2025-12-01 16:30:50,882 - websockets.client - DEBUG - < TEXT '{"method":"DOM.attributeModified","params":{"no...:"32.083333333333336"}}' [112 bytes]
2025-12-01 16:30:50,882 - websockets.client - DEBUG - < TEXT '{"method":"DOM.inlineStyleInvalidated","params":{"nodeIds":[14476]}}' [68 bytes]
2025-12-01 16:30:50,882 - websockets.client - DEBUG - < TEXT '{"method":"DOM.attributeModified","params":{"no...:"32.166666666666664"}}' [112 bytes]
2025-12-01 16:30:50,883 - websockets.client - DEBUG - < TEXT '{"method":"DOM.inlineStyleInvalidated","params":{"nodeIds":[14476]}}' [68 bytes]
2025-12-01 16:30:50,883 - websockets.client - DEBUG - < TEXT '{"method":"DOM.attributeModified","params":{"no...:"32.266666666666666"}}' [112 bytes]
2025-12-01 16:30:50,883 - websockets.client - DEBUG - < TEXT '{"method":"DOM.inlineStyleInvalidated","params":{"nodeIds":[14476]}}' [68 bytes]
2025-12-01 16:30:50,883 - websockets.client - DEBUG - < TEXT '{"method":"DOM.attributeModified","params":{"no...":"32.36666666666667"}}' [111 bytes]
2025-12-01 16:30:50,883 - websockets.client - DEBUG - < TEXT '{"method":"DOM.inlineStyleInvalidated","params":{"nodeIds":[14476]}}' [68 bytes]
2025-12-01 16:30:50,883 - websockets.client - DEBUG - < TEXT '{"method":"DOM.attributeModified","params":{"no...":"32.46666666666667"}}' [111 bytes]
2025-12-01 16:30:50,883 - websockets.client - DEBUG - < TEXT '{"method":"DOM.inlineStyleInvalidated","params":{"nodeIds":[14476]}}' [68 bytes]
2025-12-01 16:30:50,883 - websockets.client - DEBUG - < TEXT '{"method":"DOM.attributeModified","params":{"no...":"32.56666666666666"}}' [111 bytes]
2025-12-01 16:30:50,883 - websockets.client - DEBUG - < TEXT '{"method":"DOM.inlineStyleInvalidated","params":{"nodeIds":[14476]}}' [68 bytes]
2025-12-01 16:30:50,884 - websockets.client - DEBUG - < TEXT '{"method":"DOM.attributeModified","params":{"no...:"32.666666666666664"}}' [112 bytes]
2025-12-01 16:30:50,884 - websockets.client - DEBUG - < TEXT '{"method":"DOM.inlineStyleInvalidated","params":{"nodeIds":[14476]}}' [68 bytes]
2025-12-01 16:30:50,884 - websockets.client - DEBUG - < TEXT '{"method":"DOM.attributeModified","params":{"no...:"32.766666666666666"}}' [112 bytes]
2025-12-01 16:30:50,884 - websockets.client - DEBUG - < TEXT '{"method":"DOM.inlineStyleInvalidated","params":{"nodeIds":[14476]}}' [68 bytes]
2025-12-01 16:30:50,884 - websockets.client - DEBUG - < TEXT '{"method":"DOM.attributeModified","params":{"no...":"32.86666666666667"}}' [111 bytes]
2025-12-01 16:30:50,885 - websockets.client - DEBUG - < TEXT '{"method":"DOM.inlineStyleInvalidated","params":{"nodeIds":[14476]}}' [68 bytes]
2025-12-01 16:30:50,885 - websockets.client - DEBUG - < TEXT '{"method":"DOM.attributeModified","params":{"no...":"32.96666666666667"}}' [111 bytes]
2025-12-01 16:30:50,885 - websockets.client - DEBUG - < TEXT '{"method":"DOM.inlineStyleInvalidated","params":{"nodeIds":[14476]}}' [68 bytes]
2025-12-01 16:30:50,886 - websockets.client - DEBUG - < TEXT '{"method":"DOM.attributeModified","params":{"no...":"33.06666666666666"}}' [111 bytes]
2025-12-01 16:30:50,886 - websockets.client - DEBUG - < TEXT '{"method":"DOM.inlineStyleInvalidated","params":{"nodeIds":[14476]}}' [68 bytes]
2025-12-01 16:30:50,886 - websockets.client - DEBUG - < TEXT '{"method":"DOM.attributeModified","params":{"no...:"33.166666666666664"}}' [112 bytes]
2025-12-01 16:30:50,886 - websockets.client - DEBUG - < TEXT '{"method":"DOM.inlineStyleInvalidated","params":{"nodeIds":[14476]}}' [68 bytes]
2025-12-01 16:30:50,886 - websockets.client - DEBUG - < TEXT '{"method":"DOM.attributeModified","params":{"no...":"33.28333333333333"}}' [111 bytes]
2025-12-01 16:30:50,886 - websockets.client - DEBUG - < TEXT '{"method":"DOM.inlineStyleInvalidated","params":{"nodeIds":[14476]}}' [68 bytes]
2025-12-01 16:30:50,887 - websockets.client - DEBUG - < TEXT '{"method":"DOM.attributeModified","params":{"no...":"33.38333333333333"}}' [111 bytes]
2025-12-01 16:30:50,887 - websockets.client - DEBUG - < TEXT '{"method":"DOM.inlineStyleInvalidated","params":{"nodeIds":[14476]}}' [68 bytes]
2025-12-01 16:30:51,024 - websockets.client - DEBUG - < TEXT '{"id":301,"result":{"searchId":"21980.2","resultCount":0}}' [58 bytes]
2025-12-01 16:30:51,024 - uc.connection - DEBUG - got answer for <Transaction
	method: DOM.performSearch
	status: pending
	success: True> (message_id:301)
2025-12-01 16:30:51,024 - websockets.client - DEBUG - > TEXT '{"method": "DOM.discardSearchResults", "params"... "21980.2"}, "id": 351}' [84 bytes]
2025-12-01 16:30:51,029 - websockets.client - DEBUG - < TEXT '{"method":"DOM.childNodeInserted","params":{"pa...origin","anonymous"]}}}' [386 bytes]
2025-12-01 16:30:51,030 - websockets.client - DEBUG - < TEXT '{"method":"DOM.childNodeInserted","params":{"pa...origin","anonymous"]}}}' [384 bytes]
2025-12-01 16:30:51,030 - websockets.client - DEBUG - < TEXT '{"method":"DOM.childNodeInserted","params":{"pa...origin","anonymous"]}}}' [386 bytes]
2025-12-01 16:30:51,031 - websockets.client - DEBUG - < TEXT '{"method":"DOM.childNodeInserted","params":{"pa...mp;subset=cyrillic"]}}}' [364 bytes]
2025-12-01 16:30:51,031 - websockets.client - DEBUG - < TEXT '{"method":"DOM.childNodeInserted","params":{"pa...["id","uxs-1crufkj"]}}}' [4946 bytes]
2025-12-01 16:30:51,031 - websockets.client - DEBUG - < TEXT '{"method":"DOM.childNodeCountUpdated","params":...93,"childNodeCount":1}}' [83 bytes]
2025-12-01 16:30:51,031 - websockets.client - DEBUG - < TEXT '{"method":"DOM.attributeModified","params":{"no...zIndexForm: 12;\\n  "}}' [150 bytes]
2025-12-01 16:30:51,033 - websockets.client - DEBUG - < TEXT '{"method":"DOM.attributeModified","params":{"no...enow","value":"35.25"}}' [99 bytes]
2025-12-01 16:30:51,038 - websockets.client - DEBUG - < TEXT '{"id":351,"result":{}}' [22 bytes]
2025-12-01 16:30:51,038 - websockets.client - DEBUG - < TEXT '{"method":"DOM.inlineStyleInvalidated","params"...odeIds":[21593,14476]}}' [74 bytes]
2025-12-01 16:30:51,038 - uc.connection - DEBUG - got answer for <Transaction
	method: DOM.discardSearchResults
	status: pending
	success: True> (message_id:351)
2025-12-01 16:30:51,038 - websockets.client - DEBUG - < TEXT '{"method":"DOM.attributeModified","params":{"no...":"36.03333333333333"}}' [111 bytes]
2025-12-01 16:30:51,043 - websockets.client - DEBUG - > TEXT '{"method": "DOM.disable", "params": [], "id": 361}' [50 bytes]
2025-12-01 16:30:51,043 - websockets.client - DEBUG - < TEXT '{"method":"DOM.inlineStyleInvalidated","params":{"nodeIds":[14476]}}' [68 bytes]
2025-12-01 16:30:51,044 - websockets.client - DEBUG - < TEXT '{"method":"DOM.attributeModified","params":{"no...":"36.13333333333333"}}' [111 bytes]
2025-12-01 16:30:51,046 - websockets.client - DEBUG - < TEXT '{"method":"DOM.inlineStyleInvalidated","params":{"nodeIds":[14476]}}' [68 bytes]
2025-12-01 16:30:51,047 - websockets.client - DEBUG - < TEXT '{"method":"DOM.attributeModified","params":{"no...:"36.199999999999996"}}' [112 bytes]
2025-12-01 16:30:51,047 - websockets.client - DEBUG - < TEXT '{"id":361,"result":{}}' [22 bytes]
2025-12-01 16:30:51,048 - uc.connection - DEBUG - got answer for <Transaction
	method: DOM.disable
	status: pending
	success: True> (message_id:361)
2025-12-01 16:30:51,052 - websockets.client - DEBUG - > TEXT '{"method": "Target.getTargetInfo", "params": {"...A272414E9"}, "id": 367}' [105 bytes]
2025-12-01 16:30:51,053 - websockets.client - DEBUG - < TEXT '{"id":367,"result":{"targetInfo":{"targetId":"C...06616A81A98E406E5A9"}}}' [620 bytes]
2025-12-01 16:30:51,053 - uc.connection - DEBUG - got answer for <Transaction
	method: Target.getTargetInfo
	status: pending
	success: True> (message_id:367)
2025-12-01 16:30:51,571 - websockets.client - DEBUG - > TEXT '{"method": "DOM.getDocument", "params": {"depth...rce": true}, "id": 368}' [81 bytes]
2025-12-01 16:30:51,615 - websockets.client - DEBUG - < TEXT '{"id":368,"result":{"root":{"nodeId":21600,"bac...,"isScrollable":true}}}' [2135203 bytes]
2025-12-01 16:30:51,631 - websockets.client - DEBUG - < TEXT '{"method":"DOM.attributeModified","params":{"no...":"45.36666666666667"}}' [111 bytes]
2025-12-01 16:30:51,631 - websockets.client - DEBUG - < TEXT '{"method":"DOM.inlineStyleInvalidated","params":{"nodeIds":[21720]}}' [68 bytes]
2025-12-01 16:30:51,632 - websockets.client - DEBUG - < TEXT '{"method":"DOM.attributeModified","params":{"no...":"45.43333333333333"}}' [111 bytes]
2025-12-01 16:30:51,632 - websockets.client - DEBUG - < TEXT '{"method":"DOM.inlineStyleInvalidated","params":{"nodeIds":[21720]}}' [68 bytes]
2025-12-01 16:30:51,632 - websockets.client - DEBUG - < TEXT '{"method":"DOM.attributeModified","params":{"no...:"45.483333333333334"}}' [112 bytes]
2025-12-01 16:30:51,632 - websockets.client - DEBUG - < TEXT '{"method":"DOM.inlineStyleInvalidated","params":{"nodeIds":[21720]}}' [68 bytes]
2025-12-01 16:30:51,632 - websockets.client - DEBUG - < TEXT '{"method":"DOM.attributeModified","params":{"no...":"45.56666666666666"}}' [111 bytes]
2025-12-01 16:30:51,632 - websockets.client - DEBUG - < TEXT '{"method":"DOM.inlineStyleInvalidated","params":{"nodeIds":[21720]}}' [68 bytes]
2025-12-01 16:30:51,646 - uc.connection - DEBUG - got answer for <Transaction
	method: DOM.getDocument
	status: pending
	success: True> (message_id:368)
2025-12-01 16:30:51,691 - websockets.client - DEBUG - < TEXT '{"method":"DOM.attributeModified","params":{"no...:"45.666666666666664"}}' [112 bytes]
2025-12-01 16:30:51,692 - websockets.client - DEBUG - > TEXT '{"method": "DOM.performSearch", "params": {"que...DOM": true}, "id": 377}' [257 bytes]
2025-12-01 16:30:51,692 - websockets.client - DEBUG - < TEXT '{"method":"DOM.inlineStyleInvalidated","params":{"nodeIds":[21720]}}' [68 bytes]
2025-12-01 16:30:51,692 - websockets.client - DEBUG - < TEXT '{"method":"DOM.attributeModified","params":{"no...":"45.78333333333333"}}' [111 bytes]
2025-12-01 16:30:51,693 - websockets.client - DEBUG - < TEXT '{"method":"DOM.inlineStyleInvalidated","params":{"nodeIds":[21720]}}' [68 bytes]
2025-12-01 16:30:51,693 - websockets.client - DEBUG - < TEXT '{"method":"DOM.attributeModified","params":{"no...":"45.88333333333333"}}' [111 bytes]
2025-12-01 16:30:51,693 - websockets.client - DEBUG - < TEXT '{"method":"DOM.inlineStyleInvalidated","params":{"nodeIds":[21720]}}' [68 bytes]
2025-12-01 16:30:51,693 - websockets.client - DEBUG - < TEXT '{"method":"DOM.attributeModified","params":{"no...:"45.983333333333334"}}' [112 bytes]
2025-12-01 16:30:51,693 - websockets.client - DEBUG - < TEXT '{"method":"DOM.inlineStyleInvalidated","params":{"nodeIds":[21720]}}' [68 bytes]
2025-12-01 16:30:51,693 - websockets.client - DEBUG - < TEXT '{"method":"DOM.attributeModified","params":{"no...":"46.08333333333333"}}' [111 bytes]
2025-12-01 16:30:51,693 - websockets.client - DEBUG - < TEXT '{"method":"DOM.inlineStyleInvalidated","params":{"nodeIds":[21720]}}' [68 bytes]
2025-12-01 16:30:51,694 - websockets.client - DEBUG - < TEXT '{"method":"DOM.attributeModified","params":{"no...":"46.18333333333333"}}' [111 bytes]
2025-12-01 16:30:51,694 - websockets.client - DEBUG - < TEXT '{"method":"DOM.inlineStyleInvalidated","params":{"nodeIds":[21720]}}' [68 bytes]
2025-12-01 16:30:51,694 - websockets.client - DEBUG - < TEXT '{"method":"DOM.attributeModified","params":{"no...":"46.28333333333333"}}' [111 bytes]
2025-12-01 16:30:51,694 - websockets.client - DEBUG - < TEXT '{"method":"DOM.inlineStyleInvalidated","params":{"nodeIds":[21720]}}' [68 bytes]
2025-12-01 16:30:51,694 - websockets.client - DEBUG - < TEXT '{"method":"DOM.attributeModified","params":{"no...":"46.38333333333333"}}' [111 bytes]
2025-12-01 16:30:51,694 - websockets.client - DEBUG - < TEXT '{"method":"DOM.inlineStyleInvalidated","params":{"nodeIds":[21720]}}' [68 bytes]
2025-12-01 16:30:51,694 - websockets.client - DEBUG - < TEXT '{"method":"DOM.attributeModified","params":{"no...:"46.483333333333334"}}' [112 bytes]
2025-12-01 16:30:51,694 - websockets.client - DEBUG - < TEXT '{"method":"DOM.inlineStyleInvalidated","params":{"nodeIds":[21720]}}' [68 bytes]
2025-12-01 16:30:51,694 - websockets.client - DEBUG - < TEXT '{"method":"DOM.attributeModified","params":{"no...":"46.58333333333333"}}' [111 bytes]
2025-12-01 16:30:51,694 - websockets.client - DEBUG - < TEXT '{"method":"DOM.inlineStyleInvalidated","params":{"nodeIds":[21720]}}' [68 bytes]
2025-12-01 16:30:51,694 - websockets.client - DEBUG - < TEXT '{"method":"DOM.attributeModified","params":{"no...":"46.68333333333333"}}' [111 bytes]
2025-12-01 16:30:51,694 - websockets.client - DEBUG - < TEXT '{"method":"DOM.inlineStyleInvalidated","params":{"nodeIds":[21720]}}' [68 bytes]
2025-12-01 16:30:51,694 - websockets.client - DEBUG - < TEXT '{"method":"DOM.attributeModified","params":{"no...:"46.800000000000004"}}' [112 bytes]
2025-12-01 16:30:51,694 - websockets.client - DEBUG - < TEXT '{"method":"DOM.inlineStyleInvalidated","params":{"nodeIds":[21720]}}' [68 bytes]
2025-12-01 16:30:51,694 - websockets.client - DEBUG - < TEXT '{"method":"DOM.attributeModified","params":{"no...uenow","value":"46.9"}}' [98 bytes]
2025-12-01 16:30:51,694 - websockets.client - DEBUG - < TEXT '{"method":"DOM.inlineStyleInvalidated","params":{"nodeIds":[21720]}}' [68 bytes]
2025-12-01 16:30:51,697 - websockets.client - DEBUG - < TEXT '{"method":"DOM.attributeModified","params":{"no...aluenow","value":"47"}}' [96 bytes]
2025-12-01 16:30:51,732 - websockets.client - DEBUG - < TEXT '{"id":377,"result":{"searchId":"21980.3","resultCount":0}}' [58 bytes]
2025-12-01 16:30:51,733 - websockets.client - DEBUG - < TEXT '{"method":"DOM.inlineStyleInvalidated","params":{"nodeIds":[21720]}}' [68 bytes]
2025-12-01 16:30:51,733 - uc.connection - DEBUG - got answer for <Transaction
	method: DOM.performSearch
	status: pending
	success: True> (message_id:377)
2025-12-01 16:30:51,734 - websockets.client - DEBUG - > TEXT '{"method": "DOM.discardSearchResults", "params"... "21980.3"}, "id": 406}' [84 bytes]
2025-12-01 16:30:51,737 - websockets.client - DEBUG - < TEXT '{"method":"DOM.attributeModified","params":{"no...":"47.71666666666667"}}' [111 bytes]
2025-12-01 16:30:51,737 - websockets.client - DEBUG - < TEXT '{"id":406,"result":{}}' [22 bytes]
2025-12-01 16:30:51,737 - uc.connection - DEBUG - got answer for <Transaction
	method: DOM.discardSearchResults
	status: pending
	success: True> (message_id:406)
2025-12-01 16:30:51,742 - websockets.client - DEBUG - > TEXT '{"method": "DOM.disable", "params": [], "id": 408}' [50 bytes]
2025-12-01 16:30:51,742 - websockets.client - DEBUG - < TEXT '{"method":"DOM.inlineStyleInvalidated","params":{"nodeIds":[21720]}}' [68 bytes]
2025-12-01 16:30:51,742 - websockets.client - DEBUG - < TEXT '{"method":"DOM.attributeModified","params":{"no...":"47.78333333333333"}}' [111 bytes]
2025-12-01 16:30:51,743 - websockets.client - DEBUG - < TEXT '{"method":"DOM.inlineStyleInvalidated","params":{"nodeIds":[21720]}}' [68 bytes]
2025-12-01 16:30:51,743 - websockets.client - DEBUG - < TEXT '{"method":"DOM.attributeModified","params":{"no...:"47.833333333333336"}}' [112 bytes]
2025-12-01 16:30:51,743 - websockets.client - DEBUG - < TEXT '{"id":408,"result":{}}' [22 bytes]
2025-12-01 16:30:51,744 - uc.connection - DEBUG - got answer for <Transaction
	method: DOM.disable
	status: pending
	success: True> (message_id:408)
2025-12-01 16:30:51,749 - websockets.client - DEBUG - > TEXT '{"method": "Target.getTargetInfo", "params": {"...A272414E9"}, "id": 413}' [105 bytes]
2025-12-01 16:30:51,749 - websockets.client - DEBUG - < TEXT '{"id":413,"result":{"targetInfo":{"targetId":"C...06616A81A98E406E5A9"}}}' [620 bytes]
2025-12-01 16:30:51,749 - uc.connection - DEBUG - got answer for <Transaction
	method: Target.getTargetInfo
	status: pending
	success: True> (message_id:413)
2025-12-01 16:30:52,238 - websockets.client - DEBUG - > TEXT '{"method": "DOM.getDocument", "params": {"depth...rce": true}, "id": 414}' [81 bytes]
2025-12-01 16:30:52,289 - websockets.client - DEBUG - < TEXT '{"id":414,"result":{"root":{"nodeId":28837,"bac...,"isScrollable":true}}}' [2134766 bytes]
2025-12-01 16:30:52,306 - websockets.client - DEBUG - < TEXT '{"method":"DOM.attributeModified","params":{"no...":"56.58333333333333"}}' [111 bytes]
2025-12-01 16:30:52,306 - websockets.client - DEBUG - < TEXT '{"method":"DOM.inlineStyleInvalidated","params":{"nodeIds":[28957]}}' [68 bytes]
2025-12-01 16:30:52,306 - websockets.client - DEBUG - < TEXT '{"method":"DOM.attributeModified","params":{"no...:"56.616666666666674"}}' [112 bytes]
2025-12-01 16:30:52,306 - websockets.client - DEBUG - < TEXT '{"method":"DOM.inlineStyleInvalidated","params":{"nodeIds":[28957]}}' [68 bytes]
2025-12-01 16:30:52,306 - websockets.client - DEBUG - < TEXT '{"method":"DOM.attributeModified","params":{"no...":"56.68333333333333"}}' [111 bytes]
2025-12-01 16:30:52,307 - websockets.client - DEBUG - < TEXT '{"method":"DOM.inlineStyleInvalidated","params":{"nodeIds":[28957]}}' [68 bytes]
2025-12-01 16:30:52,307 - websockets.client - DEBUG - < TEXT '{"method":"DOM.attributeModified","params":{"no...enow","value":"56.75"}}' [99 bytes]
2025-12-01 16:30:52,307 - websockets.client - DEBUG - < TEXT '{"method":"DOM.inlineStyleInvalidated","params":{"nodeIds":[28957]}}' [68 bytes]
2025-12-01 16:30:52,307 - websockets.client - DEBUG - < TEXT '{"method":"DOM.attributeModified","params":{"no...enow","value":"56.85"}}' [99 bytes]
2025-12-01 16:30:52,322 - uc.connection - DEBUG - got answer for <Transaction
	method: DOM.getDocument
	status: pending
	success: True> (message_id:414)
2025-12-01 16:30:52,431 - websockets.client - DEBUG - < TEXT '{"method":"DOM.inlineStyleInvalidated","params":{"nodeIds":[28957]}}' [68 bytes]
2025-12-01 16:30:52,432 - websockets.client - DEBUG - < TEXT '{"method":"DOM.attributeModified","params":{"no...enow","value":"56.95"}}' [99 bytes]
2025-12-01 16:30:52,432 - websockets.client - DEBUG - < TEXT '{"method":"DOM.inlineStyleInvalidated","params":{"nodeIds":[28957]}}' [68 bytes]
2025-12-01 16:30:52,432 - websockets.client - DEBUG - < TEXT '{"method":"DOM.attributeModified","params":{"no...enow","value":"57.05"}}' [99 bytes]
2025-12-01 16:30:52,432 - websockets.client - DEBUG - < TEXT '{"method":"DOM.inlineStyleInvalidated","params":{"nodeIds":[28957]}}' [68 bytes]
2025-12-01 16:30:52,432 - websockets.client - DEBUG - < TEXT '{"method":"DOM.attributeModified","params":{"no...:"57.166666666666664"}}' [112 bytes]
2025-12-01 16:30:52,432 - websockets.client - DEBUG - < TEXT '{"method":"DOM.inlineStyleInvalidated","params":{"nodeIds":[28957]}}' [68 bytes]
2025-12-01 16:30:52,432 - websockets.client - DEBUG - > TEXT '{"method": "DOM.performSearch", "params": {"que...DOM": true}, "id": 424}' [257 bytes]
2025-12-01 16:30:52,433 - websockets.client - DEBUG - < TEXT '{"method":"DOM.attributeModified","params":{"no...:"57.266666666666666"}}' [112 bytes]
2025-12-01 16:30:52,433 - websockets.client - DEBUG - < TEXT '{"method":"DOM.inlineStyleInvalidated","params":{"nodeIds":[28957]}}' [68 bytes]
2025-12-01 16:30:52,433 - websockets.client - DEBUG - < TEXT '{"method":"DOM.attributeModified","params":{"no...":"57.36666666666667"}}' [111 bytes]
2025-12-01 16:30:52,433 - websockets.client - DEBUG - < TEXT '{"method":"DOM.inlineStyleInvalidated","params":{"nodeIds":[28957]}}' [68 bytes]
2025-12-01 16:30:52,433 - websockets.client - DEBUG - < TEXT '{"method":"DOM.attributeModified","params":{"no...":"57.46666666666667"}}' [111 bytes]
2025-12-01 16:30:52,433 - websockets.client - DEBUG - < TEXT '{"method":"DOM.inlineStyleInvalidated","params":{"nodeIds":[28957]}}' [68 bytes]
2025-12-01 16:30:52,434 - websockets.client - DEBUG - < TEXT '{"method":"DOM.attributeModified","params":{"no...":"57.56666666666666"}}' [111 bytes]
2025-12-01 16:30:52,434 - websockets.client - DEBUG - < TEXT '{"method":"DOM.inlineStyleInvalidated","params":{"nodeIds":[28957]}}' [68 bytes]
2025-12-01 16:30:52,434 - websockets.client - DEBUG - < TEXT '{"method":"DOM.attributeModified","params":{"no...:"57.666666666666664"}}' [112 bytes]
2025-12-01 16:30:52,434 - websockets.client - DEBUG - < TEXT '{"method":"DOM.inlineStyleInvalidated","params":{"nodeIds":[28957]}}' [68 bytes]
2025-12-01 16:30:52,434 - websockets.client - DEBUG - < TEXT '{"method":"DOM.attributeModified","params":{"no...:"57.766666666666666"}}' [112 bytes]
2025-12-01 16:30:52,434 - websockets.client - DEBUG - < TEXT '{"method":"DOM.inlineStyleInvalidated","params":{"nodeIds":[28957]}}' [68 bytes]
2025-12-01 16:30:52,434 - websockets.client - DEBUG - < TEXT '{"method":"DOM.attributeModified","params":{"no...":"57.86666666666667"}}' [111 bytes]
2025-12-01 16:30:52,434 - websockets.client - DEBUG - < TEXT '{"method":"DOM.inlineStyleInvalidated","params":{"nodeIds":[28957]}}' [68 bytes]
2025-12-01 16:30:52,434 - websockets.client - DEBUG - < TEXT '{"method":"DOM.attributeModified","params":{"no...":"57.96666666666667"}}' [111 bytes]
2025-12-01 16:30:52,434 - websockets.client - DEBUG - < TEXT '{"method":"DOM.inlineStyleInvalidated","params":{"nodeIds":[28957]}}' [68 bytes]
2025-12-01 16:30:52,436 - websockets.client - DEBUG - < TEXT '{"method":"DOM.attributeModified","params":{"no...":"58.06666666666666"}}' [111 bytes]
2025-12-01 16:30:52,436 - websockets.client - DEBUG - < TEXT '{"method":"DOM.inlineStyleInvalidated","params":{"nodeIds":[28957]}}' [68 bytes]
2025-12-01 16:30:52,436 - websockets.client - DEBUG - < TEXT '{"method":"DOM.attributeModified","params":{"no...":"58.18333333333333"}}' [111 bytes]
2025-12-01 16:30:52,436 - websockets.client - DEBUG - < TEXT '{"method":"DOM.inlineStyleInvalidated","params":{"nodeIds":[28957]}}' [68 bytes]
2025-12-01 16:30:52,436 - websockets.client - DEBUG - < TEXT '{"method":"DOM.attributeModified","params":{"no...":"58.28333333333333"}}' [111 bytes]
2025-12-01 16:30:52,436 - websockets.client - DEBUG - < TEXT '{"method":"DOM.inlineStyleInvalidated","params":{"nodeIds":[28957]}}' [68 bytes]
2025-12-01 16:30:52,436 - websockets.client - DEBUG - < TEXT '{"method":"DOM.attributeModified","params":{"no...":"58.38333333333333"}}' [111 bytes]
2025-12-01 16:30:52,437 - websockets.client - DEBUG - < TEXT '{"method":"DOM.inlineStyleInvalidated","params":{"nodeIds":[28957]}}' [68 bytes]
2025-12-01 16:30:52,437 - websockets.client - DEBUG - < TEXT '{"method":"DOM.attributeModified","params":{"no...:"58.483333333333334"}}' [112 bytes]
2025-12-01 16:30:52,437 - websockets.client - DEBUG - < TEXT '{"method":"DOM.inlineStyleInvalidated","params":{"nodeIds":[28957]}}' [68 bytes]
2025-12-01 16:30:52,437 - websockets.client - DEBUG - < TEXT '{"method":"DOM.attributeModified","params":{"no...":"58.58333333333333"}}' [111 bytes]
2025-12-01 16:30:52,437 - websockets.client - DEBUG - < TEXT '{"method":"DOM.inlineStyleInvalidated","params":{"nodeIds":[28957]}}' [68 bytes]
2025-12-01 16:30:52,437 - websockets.client - DEBUG - < TEXT '{"method":"DOM.attributeModified","params":{"no...":"58.68333333333333"}}' [111 bytes]
2025-12-01 16:30:52,437 - websockets.client - DEBUG - < TEXT '{"method":"DOM.inlineStyleInvalidated","params":{"nodeIds":[28957]}}' [68 bytes]
2025-12-01 16:30:52,437 - websockets.client - DEBUG - < TEXT '{"method":"DOM.attributeModified","params":{"no...":"58.78333333333333"}}' [111 bytes]
2025-12-01 16:30:52,437 - websockets.client - DEBUG - < TEXT '{"method":"DOM.inlineStyleInvalidated","params":{"nodeIds":[28957]}}' [68 bytes]
2025-12-01 16:30:52,437 - websockets.client - DEBUG - < TEXT '{"method":"DOM.attributeModified","params":{"no...":"58.88333333333333"}}' [111 bytes]
2025-12-01 16:30:52,437 - websockets.client - DEBUG - < TEXT '{"method":"DOM.inlineStyleInvalidated","params":{"nodeIds":[28957]}}' [68 bytes]
2025-12-01 16:30:52,438 - websockets.client - DEBUG - < TEXT '{"method":"DOM.attributeModified","params":{"no...:"58.983333333333334"}}' [112 bytes]
2025-12-01 16:30:52,438 - websockets.client - DEBUG - < TEXT '{"method":"DOM.inlineStyleInvalidated","params":{"nodeIds":[28957]}}' [68 bytes]
2025-12-01 16:30:52,438 - websockets.client - DEBUG - < TEXT '{"method":"DOM.attributeModified","params":{"no...":"59.08333333333333"}}' [111 bytes]
2025-12-01 16:30:52,438 - websockets.client - DEBUG - < TEXT '{"method":"DOM.inlineStyleInvalidated","params":{"nodeIds":[28957]}}' [68 bytes]
2025-12-01 16:30:52,438 - websockets.client - DEBUG - < TEXT '{"method":"DOM.attributeModified","params":{"no...":"59.18333333333333"}}' [111 bytes]
2025-12-01 16:30:52,438 - websockets.client - DEBUG - < TEXT '{"method":"DOM.inlineStyleInvalidated","params":{"nodeIds":[28957]}}' [68 bytes]
2025-12-01 16:30:52,438 - websockets.client - DEBUG - < TEXT '{"method":"DOM.attributeModified","params":{"no...uenow","value":"59.3"}}' [98 bytes]
2025-12-01 16:30:52,438 - websockets.client - DEBUG - < TEXT '{"method":"DOM.inlineStyleInvalidated","params":{"nodeIds":[28957]}}' [68 bytes]
2025-12-01 16:30:52,498 - websockets.client - DEBUG - < TEXT '{"id":424,"result":{"searchId":"21980.4","resultCount":0}}' [58 bytes]
2025-12-01 16:30:52,498 - uc.connection - DEBUG - got answer for <Transaction
	method: DOM.performSearch
	status: pending
	success: True> (message_id:424)
2025-12-01 16:30:52,499 - websockets.client - DEBUG - > TEXT '{"method": "DOM.discardSearchResults", "params"... "21980.4"}, "id": 474}' [84 bytes]
2025-12-01 16:30:52,501 - websockets.client - DEBUG - < TEXT '{"method":"DOM.attributeModified","params":{"no...:"60.483333333333334"}}' [112 bytes]
2025-12-01 16:30:52,502 - websockets.client - DEBUG - < TEXT '{"id":474,"result":{}}' [22 bytes]
2025-12-01 16:30:52,502 - uc.connection - DEBUG - got answer for <Transaction
	method: DOM.discardSearchResults
	status: pending
	success: True> (message_id:474)
2025-12-01 16:30:52,505 - websockets.client - DEBUG - > TEXT '{"method": "DOM.disable", "params": [], "id": 476}' [50 bytes]
2025-12-01 16:30:52,505 - websockets.client - DEBUG - < TEXT '{"method":"DOM.inlineStyleInvalidated","params":{"nodeIds":[28957]}}' [68 bytes]
2025-12-01 16:30:52,505 - websockets.client - DEBUG - < TEXT '{"method":"DOM.attributeModified","params":{"no...":"60.53333333333333"}}' [111 bytes]
2025-12-01 16:30:52,506 - websockets.client - DEBUG - < TEXT '{"method":"DOM.inlineStyleInvalidated","params":{"nodeIds":[28957]}}' [68 bytes]
2025-12-01 16:30:52,506 - websockets.client - DEBUG - < TEXT '{"id":476,"result":{}}' [22 bytes]
2025-12-01 16:30:52,506 - uc.connection - DEBUG - got answer for <Transaction
	method: DOM.disable
	status: pending
	success: True> (message_id:476)
2025-12-01 16:30:52,511 - websockets.client - DEBUG - > TEXT '{"method": "DOM.getDocument", "params": {"depth...rce": true}, "id": 480}' [81 bytes]
2025-12-01 16:30:52,557 - websockets.client - DEBUG - < TEXT '{"id":480,"result":{"root":{"nodeId":36073,"bac...,"isScrollable":true}}}' [2134780 bytes]
2025-12-01 16:30:52,573 - websockets.client - DEBUG - < TEXT '{"method":"DOM.attributeModified","params":{"no...:"61.050000000000004"}}' [112 bytes]
2025-12-01 16:30:52,573 - websockets.client - DEBUG - < TEXT '{"method":"DOM.inlineStyleInvalidated","params":{"nodeIds":[36193]}}' [68 bytes]
2025-12-01 16:30:52,573 - websockets.client - DEBUG - < TEXT '{"method":"DOM.attributeModified","params":{"no...:"61.083333333333336"}}' [112 bytes]
2025-12-01 16:30:52,575 - websockets.client - DEBUG - < TEXT '{"method":"DOM.inlineStyleInvalidated","params":{"nodeIds":[36193]}}' [68 bytes]
2025-12-01 16:30:52,575 - websockets.client - DEBUG - < TEXT '{"method":"DOM.attributeModified","params":{"no...:"61.133333333333326"}}' [112 bytes]
2025-12-01 16:30:52,575 - websockets.client - DEBUG - < TEXT '{"method":"DOM.inlineStyleInvalidated","params":{"nodeIds":[36193]}}' [68 bytes]
2025-12-01 16:30:52,575 - websockets.client - DEBUG - < TEXT '{"method":"DOM.attributeModified","params":{"no...":"61.21666666666666"}}' [111 bytes]
2025-12-01 16:30:52,575 - websockets.client - DEBUG - < TEXT '{"method":"DOM.inlineStyleInvalidated","params":{"nodeIds":[36193]}}' [68 bytes]
2025-12-01 16:30:52,575 - websockets.client - DEBUG - < TEXT '{"method":"DOM.attributeModified","params":{"no...":"61.31666666666666"}}' [111 bytes]
2025-12-01 16:30:52,575 - websockets.client - DEBUG - < TEXT '{"method":"DOM.inlineStyleInvalidated","params":{"nodeIds":[36193]}}' [68 bytes]
2025-12-01 16:30:52,593 - uc.connection - DEBUG - got answer for <Transaction
	method: DOM.getDocument
	status: pending
	success: True> (message_id:480)
2025-12-01 16:30:52,636 - websockets.client - DEBUG - < TEXT '{"method":"DOM.attributeModified","params":{"no...":"61.43333333333333"}}' [111 bytes]
2025-12-01 16:30:52,636 - websockets.client - DEBUG - > TEXT '{"method": "DOM.querySelectorAll", "params": {"...d\\"] > a"}, "id": 491}' [122 bytes]
2025-12-01 16:30:52,637 - websockets.client - DEBUG - < TEXT '{"method":"DOM.inlineStyleInvalidated","params":{"nodeIds":[36193]}}' [68 bytes]
2025-12-01 16:30:52,637 - websockets.client - DEBUG - < TEXT '{"method":"DOM.attributeModified","params":{"no...":"61.53333333333333"}}' [111 bytes]
2025-12-01 16:30:52,637 - websockets.client - DEBUG - < TEXT '{"method":"DOM.inlineStyleInvalidated","params":{"nodeIds":[36193]}}' [68 bytes]
2025-12-01 16:30:52,637 - websockets.client - DEBUG - < TEXT '{"method":"DOM.attributeModified","params":{"no...:"61.633333333333326"}}' [112 bytes]
2025-12-01 16:30:52,637 - websockets.client - DEBUG - < TEXT '{"method":"DOM.inlineStyleInvalidated","params":{"nodeIds":[36193]}}' [68 bytes]
2025-12-01 16:30:52,637 - websockets.client - DEBUG - < TEXT '{"method":"DOM.attributeModified","params":{"no...":"61.73333333333333"}}' [111 bytes]
2025-12-01 16:30:52,637 - websockets.client - DEBUG - < TEXT '{"method":"DOM.inlineStyleInvalidated","params":{"nodeIds":[36193]}}' [68 bytes]
2025-12-01 16:30:52,638 - websockets.client - DEBUG - < TEXT '{"method":"DOM.attributeModified","params":{"no...":"61.83333333333333"}}' [111 bytes]
2025-12-01 16:30:52,638 - websockets.client - DEBUG - < TEXT '{"method":"DOM.inlineStyleInvalidated","params":{"nodeIds":[36193]}}' [68 bytes]
2025-12-01 16:30:52,638 - websockets.client - DEBUG - < TEXT '{"method":"DOM.attributeModified","params":{"no...":"61.93333333333333"}}' [111 bytes]
2025-12-01 16:30:52,638 - websockets.client - DEBUG - < TEXT '{"method":"DOM.inlineStyleInvalidated","params":{"nodeIds":[36193]}}' [68 bytes]
2025-12-01 16:30:52,638 - websockets.client - DEBUG - < TEXT '{"method":"DOM.attributeModified","params":{"no...":"62.03333333333333"}}' [111 bytes]
2025-12-01 16:30:52,638 - websockets.client - DEBUG - < TEXT '{"method":"DOM.inlineStyleInvalidated","params":{"nodeIds":[36193]}}' [68 bytes]
2025-12-01 16:30:52,638 - websockets.client - DEBUG - < TEXT '{"method":"DOM.attributeModified","params":{"no...:"62.133333333333326"}}' [112 bytes]
2025-12-01 16:30:52,638 - websockets.client - DEBUG - < TEXT '{"method":"DOM.inlineStyleInvalidated","params":{"nodeIds":[36193]}}' [68 bytes]
2025-12-01 16:30:52,638 - websockets.client - DEBUG - < TEXT '{"method":"DOM.attributeModified","params":{"no...":"62.23333333333333"}}' [111 bytes]
2025-12-01 16:30:52,638 - websockets.client - DEBUG - < TEXT '{"method":"DOM.inlineStyleInvalidated","params":{"nodeIds":[36193]}}' [68 bytes]
2025-12-01 16:30:52,639 - websockets.client - DEBUG - < TEXT '{"method":"DOM.attributeModified","params":{"no...":"62.35000000000001"}}' [111 bytes]
2025-12-01 16:30:52,639 - websockets.client - DEBUG - < TEXT '{"method":"DOM.inlineStyleInvalidated","params":{"nodeIds":[36193]}}' [68 bytes]
2025-12-01 16:30:52,639 - websockets.client - DEBUG - < TEXT '{"method":"DOM.attributeModified","params":{"no...enow","value":"62.45"}}' [99 bytes]
2025-12-01 16:30:52,639 - websockets.client - DEBUG - < TEXT '{"method":"DOM.inlineStyleInvalidated","params":{"nodeIds":[36193]}}' [68 bytes]
2025-12-01 16:30:52,639 - websockets.client - DEBUG - < TEXT '{"method":"DOM.attributeModified","params":{"no...enow","value":"62.55"}}' [99 bytes]
2025-12-01 16:30:52,639 - websockets.client - DEBUG - < TEXT '{"method":"DOM.inlineStyleInvalidated","params":{"nodeIds":[36193]}}' [68 bytes]
2025-12-01 16:30:52,639 - websockets.client - DEBUG - < TEXT '{"method":"DOM.attributeModified","params":{"no...":"62.64999999999999"}}' [111 bytes]
2025-12-01 16:30:52,639 - websockets.client - DEBUG - < TEXT '{"method":"DOM.inlineStyleInvalidated","params":{"nodeIds":[36193]}}' [68 bytes]
2025-12-01 16:30:52,641 - websockets.client - DEBUG - < TEXT '{"method":"DOM.attributeModified","params":{"no...":"62.74999999999999"}}' [111 bytes]
2025-12-01 16:30:52,641 - websockets.client - DEBUG - < TEXT '{"id":491,"result":{"nodeIds":[36477,36724,3696...93,42326,42560,42827]}}' [201 bytes]
2025-12-01 16:30:52,642 - websockets.client - DEBUG - < TEXT '{"method":"DOM.inlineStyleInvalidated","params":{"nodeIds":[36193]}}' [68 bytes]
2025-12-01 16:30:52,642 - uc.connection - DEBUG - got answer for <Transaction
	method: DOM.querySelectorAll
	status: pending
	success: True> (message_id:491)
2025-12-01 16:30:52,682 - websockets.client - DEBUG - < TEXT '{"method":"DOM.attributeModified","params":{"no...:"62.849999999999994"}}' [112 bytes]
2025-12-01 16:30:52,682 - websockets.client - DEBUG - < TEXT '{"method":"DOM.inlineStyleInvalidated","params":{"nodeIds":[36193]}}' [68 bytes]
2025-12-01 16:30:52,683 - websockets.client - DEBUG - < TEXT '{"method":"DOM.attributeModified","params":{"no...:"62.949999999999996"}}' [112 bytes]
2025-12-01 16:30:52,683 - websockets.client - DEBUG - < TEXT '{"method":"DOM.inlineStyleInvalidated","params":{"nodeIds":[36193]}}' [68 bytes]
2025-12-01 16:30:52,683 - websockets.client - DEBUG - < TEXT '{"method":"DOM.attributeModified","params":{"no...enow","value":"63.05"}}' [99 bytes]
2025-12-01 16:30:52,683 - websockets.client - DEBUG - < TEXT '{"method":"DOM.inlineStyleInvalidated","params":{"nodeIds":[36193]}}' [68 bytes]
2025-12-01 16:30:52,684 - websockets.client - DEBUG - < TEXT '{"method":"DOM.attributeModified","params":{"no...":"63.14999999999999"}}' [111 bytes]
2025-12-01 16:30:52,684 - websockets.client - DEBUG - < TEXT '{"method":"DOM.inlineStyleInvalidated","params":{"nodeIds":[36193]}}' [68 bytes]
2025-12-01 16:30:52,684 - websockets.client - DEBUG - < TEXT '{"method":"DOM.attributeModified","params":{"no...":"63.24999999999999"}}' [111 bytes]
2025-12-01 16:30:52,684 - websockets.client - DEBUG - < TEXT '{"method":"DOM.inlineStyleInvalidated","params":{"nodeIds":[36193]}}' [68 bytes]
2025-12-01 16:30:52,684 - websockets.client - DEBUG - < TEXT '{"method":"DOM.attributeModified","params":{"no...:"63.366666666666674"}}' [112 bytes]
2025-12-01 16:30:52,685 - websockets.client - DEBUG - < TEXT '{"method":"DOM.inlineStyleInvalidated","params":{"nodeIds":[36193]}}' [68 bytes]
2025-12-01 16:30:52,685 - websockets.client - DEBUG - < TEXT '{"method":"DOM.attributeModified","params":{"no...":"63.46666666666667"}}' [111 bytes]
2025-12-01 16:30:52,685 - websockets.client - DEBUG - < TEXT '{"method":"DOM.inlineStyleInvalidated","params":{"nodeIds":[36193]}}' [68 bytes]
2025-12-01 16:30:52,688 - websockets.client - DEBUG - < TEXT '{"method":"DOM.attributeModified","params":{"no...":"63.56666666666667"}}' [111 bytes]
2025-12-01 16:30:52,688 - websockets.client - DEBUG - < TEXT '{"method":"DOM.inlineStyleInvalidated","params":{"nodeIds":[36193]}}' [68 bytes]
2025-12-01 16:30:52,693 - websockets.client - DEBUG - < TEXT '{"method":"DOM.attributeModified","params":{"no...":"63.66666666666667"}}' [111 bytes]
2025-12-01 16:30:52,693 - websockets.client - DEBUG - < TEXT '{"method":"DOM.inlineStyleInvalidated","params":{"nodeIds":[36193]}}' [68 bytes]
2025-12-01 16:30:52,699 - websockets.client - DEBUG - < TEXT '{"method":"DOM.attributeModified","params":{"no...":"63.76666666666667"}}' [111 bytes]
2025-12-01 16:30:52,699 - websockets.client - DEBUG - < TEXT '{"method":"DOM.inlineStyleInvalidated","params":{"nodeIds":[36193]}}' [68 bytes]
2025-12-01 16:30:52,705 - websockets.client - DEBUG - < TEXT '{"method":"DOM.attributeModified","params":{"no...:"63.866666666666674"}}' [112 bytes]
2025-12-01 16:30:52,706 - websockets.client - DEBUG - < TEXT '{"method":"DOM.inlineStyleInvalidated","params":{"nodeIds":[36193]}}' [68 bytes]
2025-12-01 16:30:52,711 - websockets.client - DEBUG - < TEXT '{"method":"DOM.attributeModified","params":{"no...":"63.96666666666667"}}' [111 bytes]
2025-12-01 16:30:52,712 - websockets.client - DEBUG - < TEXT '{"method":"DOM.inlineStyleInvalidated","params":{"nodeIds":[36193]}}' [68 bytes]
2025-12-01 16:30:52,717 - websockets.client - DEBUG - < TEXT '{"method":"DOM.attributeModified","params":{"no...":"64.06666666666668"}}' [111 bytes]
2025-12-01 16:30:52,717 - websockets.client - DEBUG - < TEXT '{"method":"DOM.inlineStyleInvalidated","params":{"nodeIds":[36193]}}' [68 bytes]
2025-12-01 16:30:52,738 - websockets.client - DEBUG - < TEXT '{"method":"DOM.attributeModified","params":{"no...":"64.16666666666667"}}' [111 bytes]
2025-12-01 16:30:52,738 - websockets.client - DEBUG - < TEXT '{"method":"DOM.inlineStyleInvalidated","params":{"nodeIds":[36193]}}' [68 bytes]
2025-12-01 16:30:52,738 - websockets.client - DEBUG - < TEXT '{"method":"DOM.attributeModified","params":{"no...":"64.26666666666667"}}' [111 bytes]
2025-12-01 16:30:52,740 - websockets.client - DEBUG - < TEXT '{"method":"DOM.inlineStyleInvalidated","params":{"nodeIds":[36193]}}' [68 bytes]
2025-12-01 16:30:52,740 - websockets.client - DEBUG - < TEXT '{"method":"DOM.attributeModified","params":{"no...":"64.36666666666667"}}' [111 bytes]
2025-12-01 16:30:52,740 - websockets.client - DEBUG - < TEXT '{"method":"DOM.inlineStyleInvalidated","params":{"nodeIds":[36193]}}' [68 bytes]
2025-12-01 16:30:52,742 - websockets.client - DEBUG - < TEXT '{"method":"DOM.attributeModified","params":{"no...":"64.48333333333333"}}' [111 bytes]
2025-12-01 16:30:52,742 - websockets.client - DEBUG - < TEXT '{"method":"DOM.inlineStyleInvalidated","params":{"nodeIds":[36193]}}' [68 bytes]
2025-12-01 16:30:52,751 - websockets.client - DEBUG - < TEXT '{"method":"DOM.attributeModified","params":{"no...":"64.58333333333334"}}' [111 bytes]
2025-12-01 16:30:52,751 - websockets.client - DEBUG - < TEXT '{"method":"DOM.inlineStyleInvalidated","params":{"nodeIds":[36193]}}' [68 bytes]
2025-12-01 16:30:53,011 - websockets.client - DEBUG - < TEXT '{"method":"DOM.attributeModified","params":{"no...":"64.68333333333334"}}' [111 bytes]
2025-12-01 16:30:53,012 - websockets.client - DEBUG - < TEXT '{"method":"DOM.inlineStyleInvalidated","params":{"nodeIds":[36193]}}' [68 bytes]
2025-12-01 16:30:53,012 - websockets.client - DEBUG - < TEXT '{"method":"DOM.attributeModified","params":{"no...":"64.78333333333333"}}' [111 bytes]
2025-12-01 16:30:53,012 - websockets.client - DEBUG - < TEXT '{"method":"DOM.inlineStyleInvalidated","params":{"nodeIds":[36193]}}' [68 bytes]
2025-12-01 16:30:53,012 - websockets.client - DEBUG - < TEXT '{"method":"DOM.attributeModified","params":{"no...":"64.88333333333334"}}' [111 bytes]
2025-12-01 16:30:53,012 - websockets.client - DEBUG - < TEXT '{"method":"DOM.inlineStyleInvalidated","params":{"nodeIds":[36193]}}' [68 bytes]
2025-12-01 16:30:53,013 - websockets.client - DEBUG - < TEXT '{"method":"DOM.attributeModified","params":{"no...":"64.98333333333333"}}' [111 bytes]
2025-12-01 16:30:53,013 - websockets.client - DEBUG - < TEXT '{"method":"DOM.inlineStyleInvalidated","params":{"nodeIds":[36193]}}' [68 bytes]
2025-12-01 16:30:53,013 - websockets.client - DEBUG - < TEXT '{"method":"DOM.attributeModified","params":{"no...":"65.08333333333334"}}' [111 bytes]
2025-12-01 16:30:53,014 - websockets.client - DEBUG - < TEXT '{"method":"DOM.inlineStyleInvalidated","params":{"nodeIds":[36193]}}' [68 bytes]
2025-12-01 16:30:53,014 - websockets.client - DEBUG - < TEXT '{"method":"DOM.attributeModified","params":{"no...":"65.18333333333334"}}' [111 bytes]
2025-12-01 16:30:53,014 - websockets.client - DEBUG - < TEXT '{"method":"DOM.inlineStyleInvalidated","params":{"nodeIds":[36193]}}' [68 bytes]
2025-12-01 16:30:53,014 - websockets.client - DEBUG - < TEXT '{"method":"DOM.attributeModified","params":{"no...":"65.28333333333333"}}' [111 bytes]
2025-12-01 16:30:53,014 - websockets.client - DEBUG - < TEXT '{"method":"DOM.inlineStyleInvalidated","params":{"nodeIds":[36193]}}' [68 bytes]
2025-12-01 16:30:53,015 - websockets.client - DEBUG - < TEXT '{"method":"DOM.attributeModified","params":{"no...":"65.38333333333334"}}' [111 bytes]
2025-12-01 16:30:53,015 - websockets.client - DEBUG - < TEXT '{"method":"DOM.inlineStyleInvalidated","params":{"nodeIds":[36193]}}' [68 bytes]
2025-12-01 16:30:53,015 - websockets.client - DEBUG - < TEXT '{"method":"DOM.attributeModified","params":{"no...uenow","value":"65.5"}}' [98 bytes]
2025-12-01 16:30:53,015 - websockets.client - DEBUG - < TEXT '{"method":"DOM.inlineStyleInvalidated","params":{"nodeIds":[36193]}}' [68 bytes]
2025-12-01 16:30:53,015 - websockets.client - DEBUG - < TEXT '{"method":"DOM.attributeModified","params":{"no...":"65.60000000000001"}}' [111 bytes]
2025-12-01 16:30:53,015 - websockets.client - DEBUG - < TEXT '{"method":"DOM.inlineStyleInvalidated","params":{"nodeIds":[36193]}}' [68 bytes]
2025-12-01 16:30:53,015 - websockets.client - DEBUG - < TEXT '{"method":"DOM.attributeModified","params":{"no...uenow","value":"65.7"}}' [98 bytes]
2025-12-01 16:30:53,016 - websockets.client - DEBUG - < TEXT '{"method":"DOM.inlineStyleInvalidated","params":{"nodeIds":[36193]}}' [68 bytes]
2025-12-01 16:30:53,016 - websockets.client - DEBUG - < TEXT '{"method":"DOM.attributeModified","params":{"no...uenow","value":"65.8"}}' [98 bytes]
2025-12-01 16:30:53,016 - websockets.client - DEBUG - < TEXT '{"method":"DOM.inlineStyleInvalidated","params":{"nodeIds":[36193]}}' [68 bytes]
2025-12-01 16:30:53,016 - websockets.client - DEBUG - < TEXT '{"method":"DOM.attributeModified","params":{"no...uenow","value":"65.9"}}' [98 bytes]
2025-12-01 16:30:53,016 - websockets.client - DEBUG - < TEXT '{"method":"DOM.inlineStyleInvalidated","params":{"nodeIds":[36193]}}' [68 bytes]
2025-12-01 16:30:53,016 - websockets.client - DEBUG - < TEXT '{"method":"DOM.attributeModified","params":{"no...aluenow","value":"66"}}' [96 bytes]
2025-12-01 16:30:53,017 - websockets.client - DEBUG - < TEXT '{"method":"DOM.inlineStyleInvalidated","params":{"nodeIds":[36193]}}' [68 bytes]
2025-12-01 16:30:53,017 - websockets.client - DEBUG - < TEXT '{"method":"DOM.attributeModified","params":{"no...":"66.10000000000001"}}' [111 bytes]
2025-12-01 16:30:53,017 - websockets.client - DEBUG - < TEXT '{"method":"DOM.inlineStyleInvalidated","params":{"nodeIds":[36193]}}' [68 bytes]
2025-12-01 16:30:53,017 - websockets.client - DEBUG - < TEXT '{"method":"DOM.attributeModified","params":{"no...uenow","value":"66.2"}}' [98 bytes]
2025-12-01 16:30:53,017 - websockets.client - DEBUG - < TEXT '{"method":"DOM.inlineStyleInvalidated","params":{"nodeIds":[36193]}}' [68 bytes]
2025-12-01 16:30:53,018 - websockets.client - DEBUG - < TEXT '{"method":"DOM.attributeModified","params":{"no...uenow","value":"66.3"}}' [98 bytes]
2025-12-01 16:30:53,018 - websockets.client - DEBUG - < TEXT '{"method":"DOM.inlineStyleInvalidated","params":{"nodeIds":[36193]}}' [68 bytes]
2025-12-01 16:30:53,018 - websockets.client - DEBUG - < TEXT '{"method":"DOM.attributeModified","params":{"no...uenow","value":"66.4"}}' [98 bytes]
2025-12-01 16:30:53,018 - websockets.client - DEBUG - < TEXT '{"method":"DOM.inlineStyleInvalidated","params":{"nodeIds":[36193]}}' [68 bytes]
2025-12-01 16:30:53,018 - websockets.client - DEBUG - < TEXT '{"method":"DOM.attributeModified","params":{"no...":"66.51666666666667"}}' [111 bytes]
2025-12-01 16:30:53,018 - websockets.client - DEBUG - < TEXT '{"method":"DOM.inlineStyleInvalidated","params":{"nodeIds":[36193]}}' [68 bytes]
2025-12-01 16:30:53,018 - websockets.client - DEBUG - < TEXT '{"method":"DOM.attributeModified","params":{"no...":"66.61666666666667"}}' [111 bytes]
2025-12-01 16:30:53,018 - websockets.client - DEBUG - < TEXT '{"method":"DOM.inlineStyleInvalidated","params":{"nodeIds":[36193]}}' [68 bytes]
2025-12-01 16:30:53,019 - websockets.client - DEBUG - < TEXT '{"method":"DOM.attributeModified","params":{"no...":"66.71666666666667"}}' [111 bytes]
2025-12-01 16:30:53,019 - websockets.client - DEBUG - < TEXT '{"method":"DOM.inlineStyleInvalidated","params":{"nodeIds":[36193]}}' [68 bytes]
2025-12-01 16:30:53,019 - websockets.client - DEBUG - < TEXT '{"method":"DOM.attributeModified","params":{"no...":"66.81666666666666"}}' [111 bytes]
2025-12-01 16:30:53,020 - websockets.client - DEBUG - < TEXT '{"method":"DOM.inlineStyleInvalidated","params":{"nodeIds":[36193]}}' [68 bytes]
2025-12-01 16:30:53,020 - websockets.client - DEBUG - < TEXT '{"method":"DOM.attributeModified","params":{"no...":"66.91666666666667"}}' [111 bytes]
2025-12-01 16:30:53,020 - websockets.client - DEBUG - < TEXT '{"method":"DOM.inlineStyleInvalidated","params":{"nodeIds":[36193]}}' [68 bytes]
2025-12-01 16:30:53,020 - websockets.client - DEBUG - < TEXT '{"method":"DOM.attributeModified","params":{"no...":"67.01666666666667"}}' [111 bytes]
2025-12-01 16:30:53,020 - websockets.client - DEBUG - < TEXT '{"method":"DOM.inlineStyleInvalidated","params":{"nodeIds":[36193]}}' [68 bytes]
2025-12-01 16:30:53,020 - websockets.client - DEBUG - < TEXT '{"method":"DOM.attributeModified","params":{"no...":"67.11666666666667"}}' [111 bytes]
2025-12-01 16:30:53,020 - websockets.client - DEBUG - < TEXT '{"method":"DOM.inlineStyleInvalidated","params":{"nodeIds":[36193]}}' [68 bytes]
2025-12-01 16:30:53,020 - websockets.client - DEBUG - < TEXT '{"method":"DOM.attributeModified","params":{"no...":"67.21666666666667"}}' [111 bytes]
2025-12-01 16:30:53,020 - websockets.client - DEBUG - < TEXT '{"method":"DOM.inlineStyleInvalidated","params":{"nodeIds":[36193]}}' [68 bytes]
2025-12-01 16:30:53,020 - websockets.client - DEBUG - < TEXT '{"method":"DOM.attributeModified","params":{"no...":"67.31666666666666"}}' [111 bytes]
2025-12-01 16:30:53,020 - websockets.client - DEBUG - < TEXT '{"method":"DOM.inlineStyleInvalidated","params":{"nodeIds":[36193]}}' [68 bytes]
2025-12-01 16:30:53,021 - websockets.client - DEBUG - < TEXT '{"method":"DOM.attributeModified","params":{"no...":"67.41666666666667"}}' [111 bytes]
2025-12-01 16:30:53,021 - websockets.client - DEBUG - < TEXT '{"method":"DOM.inlineStyleInvalidated","params":{"nodeIds":[36193]}}' [68 bytes]
2025-12-01 16:30:53,021 - websockets.client - DEBUG - < TEXT '{"method":"DOM.attributeModified","params":{"no...":"67.51666666666667"}}' [111 bytes]
2025-12-01 16:30:53,021 - websockets.client - DEBUG - < TEXT '{"method":"DOM.inlineStyleInvalidated","params":{"nodeIds":[36193]}}' [68 bytes]
2025-12-01 16:30:53,021 - websockets.client - DEBUG - < TEXT '{"method":"DOM.attributeModified","params":{"no...":"67.63333333333334"}}' [111 bytes]
2025-12-01 16:30:53,021 - websockets.client - DEBUG - < TEXT '{"method":"DOM.inlineStyleInvalidated","params":{"nodeIds":[36193]}}' [68 bytes]
2025-12-01 16:30:53,021 - websockets.client - DEBUG - < TEXT '{"method":"DOM.attributeModified","params":{"no...":"67.73333333333333"}}' [111 bytes]
2025-12-01 16:30:53,022 - websockets.client - DEBUG - < TEXT '{"method":"DOM.inlineStyleInvalidated","params":{"nodeIds":[36193]}}' [68 bytes]
2025-12-01 16:30:53,022 - websockets.client - DEBUG - < TEXT '{"method":"DOM.attributeModified","params":{"no...":"67.83333333333333"}}' [111 bytes]
2025-12-01 16:30:53,022 - websockets.client - DEBUG - < TEXT '{"method":"DOM.inlineStyleInvalidated","params":{"nodeIds":[36193]}}' [68 bytes]
2025-12-01 16:30:53,022 - websockets.client - DEBUG - < TEXT '{"method":"DOM.attributeModified","params":{"no...":"67.93333333333334"}}' [111 bytes]
2025-12-01 16:30:53,022 - websockets.client - DEBUG - < TEXT '{"method":"DOM.inlineStyleInvalidated","params":{"nodeIds":[36193]}}' [68 bytes]
2025-12-01 16:30:53,022 - websockets.client - DEBUG - < TEXT '{"method":"DOM.attributeModified","params":{"no...":"68.03333333333333"}}' [111 bytes]
2025-12-01 16:30:53,022 - websockets.client - DEBUG - < TEXT '{"method":"DOM.inlineStyleInvalidated","params":{"nodeIds":[36193]}}' [68 bytes]
2025-12-01 16:30:53,023 - websockets.client - DEBUG - < TEXT '{"method":"DOM.attributeModified","params":{"no...":"68.13333333333334"}}' [111 bytes]
2025-12-01 16:30:53,023 - websockets.client - DEBUG - < TEXT '{"method":"DOM.inlineStyleInvalidated","params":{"nodeIds":[36193]}}' [68 bytes]
2025-12-01 16:30:53,023 - websockets.client - DEBUG - < TEXT '{"method":"DOM.attributeModified","params":{"no...":"68.23333333333333"}}' [111 bytes]
2025-12-01 16:30:53,023 - websockets.client - DEBUG - < TEXT '{"method":"DOM.inlineStyleInvalidated","params":{"nodeIds":[36193]}}' [68 bytes]
2025-12-01 16:30:53,023 - websockets.client - DEBUG - < TEXT '{"method":"DOM.attributeModified","params":{"no...":"68.33333333333333"}}' [111 bytes]
2025-12-01 16:30:53,023 - websockets.client - DEBUG - < TEXT '{"method":"DOM.inlineStyleInvalidated","params":{"nodeIds":[36193]}}' [68 bytes]
2025-12-01 16:30:53,023 - websockets.client - DEBUG - < TEXT '{"method":"DOM.attributeModified","params":{"no...":"68.43333333333334"}}' [111 bytes]
2025-12-01 16:30:53,023 - websockets.client - DEBUG - < TEXT '{"method":"DOM.inlineStyleInvalidated","params":{"nodeIds":[36193]}}' [68 bytes]
2025-12-01 16:30:53,023 - websockets.client - DEBUG - < TEXT '{"method":"DOM.attributeModified","params":{"no...":"68.53333333333333"}}' [111 bytes]
2025-12-01 16:30:53,024 - websockets.client - DEBUG - < TEXT '{"method":"DOM.inlineStyleInvalidated","params":{"nodeIds":[36193]}}' [68 bytes]
2025-12-01 16:30:53,024 - websockets.client - DEBUG - < TEXT '{"method":"DOM.attributeModified","params":{"no...enow","value":"68.65"}}' [99 bytes]
2025-12-01 16:30:53,024 - websockets.client - DEBUG - < TEXT '{"method":"DOM.inlineStyleInvalidated","params":{"nodeIds":[36193]}}' [68 bytes]
2025-12-01 16:30:53,024 - websockets.client - DEBUG - < TEXT '{"method":"DOM.attributeModified","params":{"no...enow","value":"68.75"}}' [99 bytes]
2025-12-01 16:30:53,024 - websockets.client - DEBUG - < TEXT '{"method":"DOM.inlineStyleInvalidated","params":{"nodeIds":[36193]}}' [68 bytes]
2025-12-01 16:30:53,024 - websockets.client - DEBUG - < TEXT '{"method":"DOM.attributeModified","params":{"no...enow","value":"68.85"}}' [99 bytes]
2025-12-01 16:30:53,024 - websockets.client - DEBUG - < TEXT '{"method":"DOM.inlineStyleInvalidated","params":{"nodeIds":[36193]}}' [68 bytes]
2025-12-01 16:30:53,024 - websockets.client - DEBUG - < TEXT '{"method":"DOM.attributeModified","params":{"no...enow","value":"68.95"}}' [99 bytes]
2025-12-01 16:30:53,025 - websockets.client - DEBUG - < TEXT '{"method":"DOM.inlineStyleInvalidated","params":{"nodeIds":[36193]}}' [68 bytes]
2025-12-01 16:30:53,030 - websockets.client - DEBUG - < TEXT '{"method":"DOM.attributeModified","params":{"no...enow","value":"69.05"}}' [99 bytes]
2025-12-01 16:30:53,030 - websockets.client - DEBUG - < TEXT '{"method":"DOM.inlineStyleInvalidated","params":{"nodeIds":[36193]}}' [68 bytes]
2025-12-01 16:30:53,032 - websockets.client - DEBUG - < TEXT '{"method":"DOM.attributeModified","params":{"no...enow","value":"69.15"}}' [99 bytes]
2025-12-01 16:30:53,032 - websockets.client - DEBUG - < TEXT '{"method":"DOM.inlineStyleInvalidated","params":{"nodeIds":[36193]}}' [68 bytes]
2025-12-01 16:30:53,033 - websockets.client - DEBUG - < TEXT '{"method":"DOM.attributeModified","params":{"no...enow","value":"69.25"}}' [99 bytes]
2025-12-01 16:30:53,033 - websockets.client - DEBUG - < TEXT '{"method":"DOM.inlineStyleInvalidated","params":{"nodeIds":[36193]}}' [68 bytes]
2025-12-01 16:30:53,036 - websockets.client - DEBUG - < TEXT '{"method":"DOM.attributeModified","params":{"no...enow","value":"69.35"}}' [99 bytes]
2025-12-01 16:30:53,036 - websockets.client - DEBUG - < TEXT '{"method":"DOM.inlineStyleInvalidated","params":{"nodeIds":[36193]}}' [68 bytes]
2025-12-01 16:30:53,041 - websockets.client - DEBUG - < TEXT '{"method":"DOM.attributeModified","params":{"no...enow","value":"69.45"}}' [99 bytes]
2025-12-01 16:30:53,042 - websockets.client - DEBUG - < TEXT '{"method":"DOM.inlineStyleInvalidated","params":{"nodeIds":[36193]}}' [68 bytes]
2025-12-01 16:30:53,047 - websockets.client - DEBUG - < TEXT '{"method":"DOM.attributeModified","params":{"no...":"69.56666666666666"}}' [111 bytes]
2025-12-01 16:30:53,048 - websockets.client - DEBUG - < TEXT '{"method":"DOM.inlineStyleInvalidated","params":{"nodeIds":[36193]}}' [68 bytes]
2025-12-01 16:30:53,058 - websockets.client - DEBUG - < TEXT '{"method":"DOM.attributeModified","params":{"no...":"69.66666666666667"}}' [111 bytes]
2025-12-01 16:30:53,058 - websockets.client - DEBUG - < TEXT '{"method":"DOM.inlineStyleInvalidated","params":{"nodeIds":[36193]}}' [68 bytes]
2025-12-01 16:30:53,059 - websockets.client - DEBUG - < TEXT '{"method":"DOM.childNodeInserted","params":{"pa...apl=&cs=&pcs=&vcs="]}}}' [343 bytes]
2025-12-01 16:30:53,059 - websockets.client - DEBUG - < TEXT '{"method":"DOM.attributeModified","params":{"no...":"69.76666666666667"}}' [111 bytes]
2025-12-01 16:30:53,060 - websockets.client - DEBUG - < TEXT '{"method":"DOM.inlineStyleInvalidated","params":{"nodeIds":[36193]}}' [68 bytes]
2025-12-01 16:30:53,065 - websockets.client - DEBUG - < TEXT '{"method":"DOM.attributeModified","params":{"no...":"69.86666666666666"}}' [111 bytes]
2025-12-01 16:30:53,066 - websockets.client - DEBUG - < TEXT '{"method":"DOM.inlineStyleInvalidated","params":{"nodeIds":[36193]}}' [68 bytes]
2025-12-01 16:30:53,072 - websockets.client - DEBUG - < TEXT '{"method":"DOM.attributeModified","params":{"no...":"69.96666666666667"}}' [111 bytes]
2025-12-01 16:30:53,072 - websockets.client - DEBUG - < TEXT '{"method":"DOM.inlineStyleInvalidated","params":{"nodeIds":[36193]}}' [68 bytes]
2025-12-01 16:30:53,091 - websockets.client - DEBUG - < TEXT '{"method":"DOM.attributeModified","params":{"no...":"70.06666666666666"}}' [111 bytes]
2025-12-01 16:30:53,092 - websockets.client - DEBUG - < TEXT '{"method":"DOM.inlineStyleInvalidated","params":{"nodeIds":[36193]}}' [68 bytes]
2025-12-01 16:30:53,092 - websockets.client - DEBUG - < TEXT '{"method":"DOM.attributeModified","params":{"no...":"70.16666666666667"}}' [111 bytes]
2025-12-01 16:30:53,093 - websockets.client - DEBUG - < TEXT '{"method":"DOM.inlineStyleInvalidated","params":{"nodeIds":[36193]}}' [68 bytes]
2025-12-01 16:30:53,093 - websockets.client - DEBUG - < TEXT '{"method":"DOM.attributeModified","params":{"no...":"70.26666666666667"}}' [111 bytes]
2025-12-01 16:30:53,093 - websockets.client - DEBUG - < TEXT '{"method":"DOM.inlineStyleInvalidated","params":{"nodeIds":[36193]}}' [68 bytes]
2025-12-01 16:30:53,096 - websockets.client - DEBUG - < TEXT '{"method":"DOM.attributeModified","params":{"no...":"70.36666666666666"}}' [111 bytes]
2025-12-01 16:30:53,096 - websockets.client - DEBUG - < TEXT '{"method":"DOM.inlineStyleInvalidated","params":{"nodeIds":[36193]}}' [68 bytes]
2025-12-01 16:30:53,102 - websockets.client - DEBUG - < TEXT '{"method":"DOM.attributeModified","params":{"no...":"70.46666666666667"}}' [111 bytes]
2025-12-01 16:30:53,102 - websockets.client - DEBUG - < TEXT '{"method":"DOM.inlineStyleInvalidated","params":{"nodeIds":[36193]}}' [68 bytes]
2025-12-01 16:30:53,108 - websockets.client - DEBUG - < TEXT '{"method":"DOM.attributeModified","params":{"no...":"70.56666666666666"}}' [111 bytes]
2025-12-01 16:30:53,108 - websockets.client - DEBUG - < TEXT '{"method":"DOM.inlineStyleInvalidated","params":{"nodeIds":[36193]}}' [68 bytes]
2025-12-01 16:30:53,114 - websockets.client - DEBUG - < TEXT '{"method":"DOM.attributeModified","params":{"no...":"70.68333333333334"}}' [111 bytes]
2025-12-01 16:30:53,114 - websockets.client - DEBUG - < TEXT '{"method":"DOM.inlineStyleInvalidated","params":{"nodeIds":[36193]}}' [68 bytes]
2025-12-01 16:30:53,120 - websockets.client - DEBUG - < TEXT '{"method":"DOM.attributeModified","params":{"no...":"70.78333333333333"}}' [111 bytes]
2025-12-01 16:30:53,120 - websockets.client - DEBUG - < TEXT '{"method":"DOM.inlineStyleInvalidated","params":{"nodeIds":[36193]}}' [68 bytes]
2025-12-01 16:30:53,127 - websockets.client - DEBUG - < TEXT '{"method":"DOM.attributeModified","params":{"no...":"70.88333333333333"}}' [111 bytes]
2025-12-01 16:30:53,127 - websockets.client - DEBUG - < TEXT '{"method":"DOM.inlineStyleInvalidated","params":{"nodeIds":[36193]}}' [68 bytes]
2025-12-01 16:30:53,132 - websockets.client - DEBUG - < TEXT '{"method":"DOM.attributeModified","params":{"no...":"70.98333333333333"}}' [111 bytes]
2025-12-01 16:30:53,132 - websockets.client - DEBUG - < TEXT '{"method":"DOM.inlineStyleInvalidated","params":{"nodeIds":[36193]}}' [68 bytes]
2025-12-01 16:30:53,139 - websockets.client - DEBUG - < TEXT '{"method":"DOM.attributeModified","params":{"no...":"71.08333333333333"}}' [111 bytes]
2025-12-01 16:30:53,139 - websockets.client - DEBUG - < TEXT '{"method":"DOM.inlineStyleInvalidated","params":{"nodeIds":[36193]}}' [68 bytes]
2025-12-01 16:30:53,146 - websockets.client - DEBUG - < TEXT '{"method":"DOM.attributeModified","params":{"no...":"71.18333333333334"}}' [111 bytes]
2025-12-01 16:30:53,146 - websockets.client - DEBUG - < TEXT '{"method":"DOM.inlineStyleInvalidated","params":{"nodeIds":[36193]}}' [68 bytes]
2025-12-01 16:30:53,150 - websockets.client - DEBUG - < TEXT '{"method":"DOM.attributeModified","params":{"no...":"71.28333333333333"}}' [111 bytes]
2025-12-01 16:30:53,151 - websockets.client - DEBUG - < TEXT '{"method":"DOM.inlineStyleInvalidated","params":{"nodeIds":[36193]}}' [68 bytes]
2025-12-01 16:30:53,157 - websockets.client - DEBUG - < TEXT '{"method":"DOM.attributeModified","params":{"no...":"71.38333333333333"}}' [111 bytes]
2025-12-01 16:30:53,157 - websockets.client - DEBUG - < TEXT '{"method":"DOM.inlineStyleInvalidated","params":{"nodeIds":[36193]}}' [68 bytes]
2025-12-01 16:30:53,162 - root - INFO - https://www.cian.ru/sale/flat/324030493/ Уже есть в БД
2025-12-01 16:30:53,162 - websockets.client - DEBUG - < TEXT '{"method":"DOM.attributeModified","params":{"no...":"71.48333333333333"}}' [111 bytes]
2025-12-01 16:30:53,162 - websockets.client - DEBUG - < TEXT '{"method":"DOM.inlineStyleInvalidated","params":{"nodeIds":[36193]}}' [68 bytes]
2025-12-01 16:30:53,169 - websockets.client - DEBUG - < TEXT '{"method":"DOM.attributeModified","params":{"no...":"71.58333333333333"}}' [111 bytes]
2025-12-01 16:30:53,169 - websockets.client - DEBUG - < TEXT '{"method":"DOM.inlineStyleInvalidated","params":{"nodeIds":[36193]}}' [68 bytes]
2025-12-01 16:30:53,174 - websockets.client - DEBUG - < TEXT '{"method":"DOM.attributeModified","params":{"no...uenow","value":"71.7"}}' [98 bytes]
2025-12-01 16:30:53,175 - websockets.client - DEBUG - < TEXT '{"method":"DOM.inlineStyleInvalidated","params":{"nodeIds":[36193]}}' [68 bytes]
2025-12-01 16:30:53,181 - websockets.client - DEBUG - < TEXT '{"method":"DOM.attributeModified","params":{"no...uenow","value":"71.8"}}' [98 bytes]
2025-12-01 16:30:53,181 - websockets.client - DEBUG - < TEXT '{"method":"DOM.inlineStyleInvalidated","params":{"nodeIds":[36193]}}' [68 bytes]
2025-12-01 16:30:53,187 - websockets.client - DEBUG - < TEXT '{"method":"DOM.attributeModified","params":{"no...":"71.89999999999999"}}' [111 bytes]
2025-12-01 16:30:53,188 - websockets.client - DEBUG - < TEXT '{"method":"DOM.inlineStyleInvalidated","params":{"nodeIds":[36193]}}' [68 bytes]
2025-12-01 16:30:53,190 - root - INFO - https://www.cian.ru/sale/flat/324353509/ Уже есть в БД
2025-12-01 16:30:53,192 - websockets.client - DEBUG - < TEXT '{"method":"DOM.attributeModified","params":{"no...aluenow","value":"72"}}' [96 bytes]
2025-12-01 16:30:53,192 - websockets.client - DEBUG - < TEXT '{"method":"DOM.inlineStyleInvalidated","params":{"nodeIds":[36193]}}' [68 bytes]
2025-12-01 16:30:53,199 - websockets.client - DEBUG - < TEXT '{"method":"DOM.attributeModified","params":{"no...uenow","value":"72.1"}}' [98 bytes]
2025-12-01 16:30:53,199 - websockets.client - DEBUG - < TEXT '{"method":"DOM.inlineStyleInvalidated","params":{"nodeIds":[36193]}}' [68 bytes]
2025-12-01 16:30:53,205 - websockets.client - DEBUG - < TEXT '{"method":"DOM.attributeModified","params":{"no...uenow","value":"72.2"}}' [98 bytes]
2025-12-01 16:30:53,205 - websockets.client - DEBUG - < TEXT '{"method":"DOM.inlineStyleInvalidated","params":{"nodeIds":[36193]}}' [68 bytes]
2025-12-01 16:30:53,211 - websockets.client - DEBUG - < TEXT '{"method":"DOM.attributeModified","params":{"no...uenow","value":"72.3"}}' [98 bytes]
2025-12-01 16:30:53,211 - websockets.client - DEBUG - < TEXT '{"method":"DOM.inlineStyleInvalidated","params":{"nodeIds":[36193]}}' [68 bytes]
2025-12-01 16:30:53,217 - websockets.client - DEBUG - < TEXT '{"method":"DOM.attributeModified","params":{"no...":"72.39999999999999"}}' [111 bytes]
2025-12-01 16:30:53,217 - websockets.client - DEBUG - < TEXT '{"method":"DOM.inlineStyleInvalidated","params":{"nodeIds":[36193]}}' [68 bytes]
2025-12-01 16:30:53,223 - websockets.client - DEBUG - < TEXT '{"method":"DOM.attributeModified","params":{"no...uenow","value":"72.5"}}' [98 bytes]
2025-12-01 16:30:53,224 - websockets.client - DEBUG - < TEXT '{"method":"DOM.inlineStyleInvalidated","params":{"nodeIds":[36193]}}' [68 bytes]
2025-12-01 16:30:53,229 - websockets.client - DEBUG - < TEXT '{"method":"DOM.attributeModified","params":{"no...uenow","value":"72.6"}}' [98 bytes]
2025-12-01 16:30:53,230 - websockets.client - DEBUG - < TEXT '{"method":"DOM.inlineStyleInvalidated","params":{"nodeIds":[36193]}}' [68 bytes]
2025-12-01 16:30:53,236 - websockets.client - DEBUG - < TEXT '{"method":"DOM.attributeModified","params":{"no...":"72.71666666666667"}}' [111 bytes]
2025-12-01 16:30:53,236 - websockets.client - DEBUG - < TEXT '{"method":"DOM.inlineStyleInvalidated","params":{"nodeIds":[36193]}}' [68 bytes]
2025-12-01 16:30:53,242 - websockets.client - DEBUG - < TEXT '{"method":"DOM.attributeModified","params":{"no...":"72.81666666666666"}}' [111 bytes]
2025-12-01 16:30:53,242 - websockets.client - DEBUG - < TEXT '{"method":"DOM.inlineStyleInvalidated","params":{"nodeIds":[36193]}}' [68 bytes]
2025-12-01 16:30:53,247 - websockets.client - DEBUG - < TEXT '{"method":"DOM.attributeModified","params":{"no...":"72.91666666666666"}}' [111 bytes]
2025-12-01 16:30:53,248 - websockets.client - DEBUG - < TEXT '{"method":"DOM.inlineStyleInvalidated","params":{"nodeIds":[36193]}}' [68 bytes]
2025-12-01 16:30:53,253 - websockets.client - DEBUG - < TEXT '{"method":"DOM.attributeModified","params":{"no...":"73.01666666666667"}}' [111 bytes]
2025-12-01 16:30:53,254 - websockets.client - DEBUG - < TEXT '{"method":"DOM.inlineStyleInvalidated","params":{"nodeIds":[36193]}}' [68 bytes]
2025-12-01 16:30:53,260 - websockets.client - DEBUG - < TEXT '{"method":"DOM.attributeModified","params":{"no...":"73.11666666666666"}}' [111 bytes]
2025-12-01 16:30:53,260 - websockets.client - DEBUG - < TEXT '{"method":"DOM.inlineStyleInvalidated","params":{"nodeIds":[36193]}}' [68 bytes]
2025-12-01 16:30:53,266 - websockets.client - DEBUG - < TEXT '{"method":"DOM.attributeModified","params":{"no...":"73.21666666666667"}}' [111 bytes]
2025-12-01 16:30:53,266 - websockets.client - DEBUG - < TEXT '{"method":"DOM.inlineStyleInvalidated","params":{"nodeIds":[36193]}}' [68 bytes]
2025-12-01 16:30:53,272 - websockets.client - DEBUG - < TEXT '{"method":"DOM.attributeModified","params":{"no...":"73.31666666666666"}}' [111 bytes]
2025-12-01 16:30:53,273 - websockets.client - DEBUG - < TEXT '{"method":"DOM.inlineStyleInvalidated","params":{"nodeIds":[36193]}}' [68 bytes]
2025-12-01 16:30:53,278 - websockets.client - DEBUG - < TEXT '{"method":"DOM.attributeModified","params":{"no...":"73.41666666666666"}}' [111 bytes]
2025-12-01 16:30:53,279 - websockets.client - DEBUG - < TEXT '{"method":"DOM.inlineStyleInvalidated","params":{"nodeIds":[36193]}}' [68 bytes]
2025-12-01 16:30:53,284 - websockets.client - DEBUG - < TEXT '{"method":"DOM.attributeModified","params":{"no...":"73.51666666666667"}}' [111 bytes]
2025-12-01 16:30:53,284 - websockets.client - DEBUG - < TEXT '{"method":"DOM.inlineStyleInvalidated","params":{"nodeIds":[36193]}}' [68 bytes]
2025-12-01 16:30:53,290 - websockets.client - DEBUG - < TEXT '{"method":"DOM.attributeModified","params":{"no...":"73.61666666666666"}}' [111 bytes]
2025-12-01 16:30:53,290 - websockets.client - DEBUG - < TEXT '{"method":"DOM.inlineStyleInvalidated","params":{"nodeIds":[36193]}}' [68 bytes]
2025-12-01 16:30:53,296 - websockets.client - DEBUG - < TEXT '{"method":"DOM.attributeModified","params":{"no...":"73.71666666666667"}}' [111 bytes]
2025-12-01 16:30:53,297 - websockets.client - DEBUG - < TEXT '{"method":"DOM.inlineStyleInvalidated","params":{"nodeIds":[36193]}}' [68 bytes]
2025-12-01 16:30:53,303 - websockets.client - DEBUG - < TEXT '{"method":"DOM.attributeModified","params":{"no...":"73.83333333333333"}}' [111 bytes]
2025-12-01 16:30:53,303 - websockets.client - DEBUG - < TEXT '{"method":"DOM.inlineStyleInvalidated","params":{"nodeIds":[36193]}}' [68 bytes]
2025-12-01 16:30:53,308 - websockets.client - DEBUG - < TEXT '{"method":"DOM.attributeModified","params":{"no...":"73.93333333333332"}}' [111 bytes]
2025-12-01 16:30:53,309 - websockets.client - DEBUG - < TEXT '{"method":"DOM.inlineStyleInvalidated","params":{"nodeIds":[36193]}}' [68 bytes]
2025-12-01 16:30:53,315 - websockets.client - DEBUG - < TEXT '{"method":"DOM.attributeModified","params":{"no...":"74.03333333333333"}}' [111 bytes]
2025-12-01 16:30:53,315 - websockets.client - DEBUG - < TEXT '{"method":"DOM.inlineStyleInvalidated","params":{"nodeIds":[36193]}}' [68 bytes]
2025-12-01 16:30:53,321 - websockets.client - DEBUG - < TEXT '{"method":"DOM.attributeModified","params":{"no...":"74.13333333333333"}}' [111 bytes]
2025-12-01 16:30:53,321 - websockets.client - DEBUG - < TEXT '{"method":"DOM.inlineStyleInvalidated","params":{"nodeIds":[36193]}}' [68 bytes]
2025-12-01 16:30:53,326 - websockets.client - DEBUG - < TEXT '{"method":"DOM.attributeModified","params":{"no...":"74.23333333333333"}}' [111 bytes]
2025-12-01 16:30:53,327 - websockets.client - DEBUG - < TEXT '{"method":"DOM.inlineStyleInvalidated","params":{"nodeIds":[36193]}}' [68 bytes]
2025-12-01 16:30:53,333 - websockets.client - DEBUG - < TEXT '{"method":"DOM.attributeModified","params":{"no...":"74.33333333333333"}}' [111 bytes]
2025-12-01 16:30:53,333 - websockets.client - DEBUG - < TEXT '{"method":"DOM.inlineStyleInvalidated","params":{"nodeIds":[36193]}}' [68 bytes]
2025-12-01 16:30:53,339 - websockets.client - DEBUG - < TEXT '{"method":"DOM.attributeModified","params":{"no...":"74.43333333333332"}}' [111 bytes]
2025-12-01 16:30:53,339 - websockets.client - DEBUG - < TEXT '{"method":"DOM.inlineStyleInvalidated","params":{"nodeIds":[36193]}}' [68 bytes]
2025-12-01 16:30:53,345 - websockets.client - DEBUG - < TEXT '{"method":"DOM.attributeModified","params":{"no...":"74.53333333333333"}}' [111 bytes]
2025-12-01 16:30:53,345 - websockets.client - DEBUG - < TEXT '{"method":"DOM.inlineStyleInvalidated","params":{"nodeIds":[36193]}}' [68 bytes]
2025-12-01 16:30:53,351 - websockets.client - DEBUG - < TEXT '{"method":"DOM.attributeModified","params":{"no...":"74.63333333333333"}}' [111 bytes]
2025-12-01 16:30:53,351 - websockets.client - DEBUG - < TEXT '{"method":"DOM.inlineStyleInvalidated","params":{"nodeIds":[36193]}}' [68 bytes]
2025-12-01 16:30:53,358 - websockets.client - DEBUG - < TEXT '{"method":"DOM.attributeModified","params":{"no...":"74.73333333333333"}}' [111 bytes]
2025-12-01 16:30:53,358 - websockets.client - DEBUG - < TEXT '{"method":"DOM.inlineStyleInvalidated","params":{"nodeIds":[36193]}}' [68 bytes]
2025-12-01 16:30:53,364 - websockets.client - DEBUG - < TEXT '{"method":"DOM.attributeModified","params":{"no...":"74.85000000000001"}}' [111 bytes]
2025-12-01 16:30:53,364 - websockets.client - DEBUG - < TEXT '{"method":"DOM.inlineStyleInvalidated","params":{"nodeIds":[36193]}}' [68 bytes]
2025-12-01 16:30:53,369 - websockets.client - DEBUG - < TEXT '{"method":"DOM.attributeModified","params":{"no...enow","value":"74.95"}}' [99 bytes]
2025-12-01 16:30:53,370 - websockets.client - DEBUG - < TEXT '{"method":"DOM.inlineStyleInvalidated","params":{"nodeIds":[36193]}}' [68 bytes]
2025-12-01 16:30:53,375 - websockets.client - DEBUG - < TEXT '{"method":"DOM.attributeModified","params":{"no...enow","value":"75.05"}}' [99 bytes]
2025-12-01 16:30:53,375 - websockets.client - DEBUG - < TEXT '{"method":"DOM.inlineStyleInvalidated","params":{"nodeIds":[36193]}}' [68 bytes]
2025-12-01 16:30:53,381 - websockets.client - DEBUG - < TEXT '{"method":"DOM.attributeModified","params":{"no...":"75.14999999999999"}}' [111 bytes]
2025-12-01 16:30:53,381 - websockets.client - DEBUG - < TEXT '{"method":"DOM.inlineStyleInvalidated","params":{"nodeIds":[36193]}}' [68 bytes]
2025-12-01 16:30:53,389 - websockets.client - DEBUG - < TEXT '{"method":"DOM.attributeModified","params":{"no...enow","value":"75.25"}}' [99 bytes]
2025-12-01 16:30:53,389 - websockets.client - DEBUG - < TEXT '{"method":"DOM.inlineStyleInvalidated","params":{"nodeIds":[36193]}}' [68 bytes]
2025-12-01 16:30:53,394 - websockets.client - DEBUG - < TEXT '{"method":"DOM.attributeModified","params":{"no...enow","value":"75.35"}}' [99 bytes]
2025-12-01 16:30:53,394 - websockets.client - DEBUG - < TEXT '{"method":"DOM.inlineStyleInvalidated","params":{"nodeIds":[36193]}}' [68 bytes]
2025-12-01 16:30:53,400 - websockets.client - DEBUG - < TEXT '{"method":"DOM.attributeModified","params":{"no...":"75.44999999999999"}}' [111 bytes]
2025-12-01 16:30:53,401 - websockets.client - DEBUG - < TEXT '{"method":"DOM.inlineStyleInvalidated","params":{"nodeIds":[36193]}}' [68 bytes]
2025-12-01 16:30:53,406 - websockets.client - DEBUG - < TEXT '{"method":"DOM.attributeModified","params":{"no...enow","value":"75.55"}}' [99 bytes]
2025-12-01 16:30:53,406 - websockets.client - DEBUG - < TEXT '{"method":"DOM.inlineStyleInvalidated","params":{"nodeIds":[36193]}}' [68 bytes]
2025-12-01 16:30:53,412 - websockets.client - DEBUG - < TEXT '{"method":"DOM.attributeModified","params":{"no...":"75.64999999999999"}}' [111 bytes]
2025-12-01 16:30:53,412 - websockets.client - DEBUG - < TEXT '{"method":"DOM.inlineStyleInvalidated","params":{"nodeIds":[36193]}}' [68 bytes]
2025-12-01 16:30:53,418 - websockets.client - DEBUG - < TEXT '{"method":"DOM.attributeModified","params":{"no...enow","value":"75.75"}}' [99 bytes]
2025-12-01 16:30:53,419 - websockets.client - DEBUG - < TEXT '{"method":"DOM.inlineStyleInvalidated","params":{"nodeIds":[36193]}}' [68 bytes]
2025-12-01 16:30:53,426 - websockets.client - DEBUG - < TEXT '{"method":"DOM.attributeModified","params":{"no...":"75.86666666666667"}}' [111 bytes]
2025-12-01 16:30:53,426 - websockets.client - DEBUG - < TEXT '{"method":"DOM.inlineStyleInvalidated","params":{"nodeIds":[36193]}}' [68 bytes]
2025-12-01 16:30:53,431 - websockets.client - DEBUG - < TEXT '{"method":"DOM.attributeModified","params":{"no...":"75.96666666666667"}}' [111 bytes]
2025-12-01 16:30:53,431 - websockets.client - DEBUG - < TEXT '{"method":"DOM.inlineStyleInvalidated","params":{"nodeIds":[36193]}}' [68 bytes]
2025-12-01 16:30:53,438 - websockets.client - DEBUG - < TEXT '{"method":"DOM.attributeModified","params":{"no...":"76.06666666666668"}}' [111 bytes]
2025-12-01 16:30:53,438 - websockets.client - DEBUG - < TEXT '{"method":"DOM.inlineStyleInvalidated","params":{"nodeIds":[36193]}}' [68 bytes]
2025-12-01 16:30:53,442 - root - INFO - https://www.cian.ru/sale/flat/323175398/ Уже есть в БД
2025-12-01 16:30:53,443 - websockets.client - DEBUG - < TEXT '{"method":"DOM.attributeModified","params":{"no...":"76.16666666666667"}}' [111 bytes]
2025-12-01 16:30:53,443 - websockets.client - DEBUG - < TEXT '{"method":"DOM.inlineStyleInvalidated","params":{"nodeIds":[36193]}}' [68 bytes]
2025-12-01 16:30:53,449 - websockets.client - DEBUG - < TEXT '{"method":"DOM.attributeModified","params":{"no...":"76.26666666666667"}}' [111 bytes]
2025-12-01 16:30:53,450 - websockets.client - DEBUG - < TEXT '{"method":"DOM.inlineStyleInvalidated","params":{"nodeIds":[36193]}}' [68 bytes]
2025-12-01 16:30:53,455 - websockets.client - DEBUG - < TEXT '{"method":"DOM.attributeModified","params":{"no...":"76.36666666666667"}}' [111 bytes]
2025-12-01 16:30:53,455 - websockets.client - DEBUG - < TEXT '{"method":"DOM.inlineStyleInvalidated","params":{"nodeIds":[36193]}}' [68 bytes]
2025-12-01 16:30:53,461 - websockets.client - DEBUG - < TEXT '{"method":"DOM.attributeModified","params":{"no...":"76.46666666666667"}}' [111 bytes]
2025-12-01 16:30:53,461 - websockets.client - DEBUG - < TEXT '{"method":"DOM.inlineStyleInvalidated","params":{"nodeIds":[36193]}}' [68 bytes]
2025-12-01 16:30:53,467 - websockets.client - DEBUG - < TEXT '{"method":"DOM.attributeModified","params":{"no...":"76.56666666666668"}}' [111 bytes]
2025-12-01 16:30:53,467 - websockets.client - DEBUG - < TEXT '{"method":"DOM.inlineStyleInvalidated","params":{"nodeIds":[36193]}}' [68 bytes]
2025-12-01 16:30:53,473 - websockets.client - DEBUG - < TEXT '{"method":"DOM.attributeModified","params":{"no...":"76.66666666666667"}}' [111 bytes]
2025-12-01 16:30:53,473 - websockets.client - DEBUG - < TEXT '{"method":"DOM.inlineStyleInvalidated","params":{"nodeIds":[36193]}}' [68 bytes]
2025-12-01 16:30:53,478 - websockets.client - DEBUG - < TEXT '{"method":"DOM.attributeModified","params":{"no...":"76.76666666666667"}}' [111 bytes]
2025-12-01 16:30:53,480 - websockets.client - DEBUG - < TEXT '{"method":"DOM.inlineStyleInvalidated","params":{"nodeIds":[36193]}}' [68 bytes]
2025-12-01 16:30:53,485 - websockets.client - DEBUG - < TEXT '{"method":"DOM.attributeModified","params":{"no...":"76.86666666666667"}}' [111 bytes]
2025-12-01 16:30:53,485 - websockets.client - DEBUG - < TEXT '{"method":"DOM.inlineStyleInvalidated","params":{"nodeIds":[36193]}}' [68 bytes]
2025-12-01 16:30:53,491 - websockets.client - DEBUG - < TEXT '{"method":"DOM.attributeModified","params":{"no...":"76.98333333333333"}}' [111 bytes]
2025-12-01 16:30:53,491 - websockets.client - DEBUG - < TEXT '{"method":"DOM.inlineStyleInvalidated","params":{"nodeIds":[36193]}}' [68 bytes]
2025-12-01 16:30:53,497 - websockets.client - DEBUG - < TEXT '{"method":"DOM.attributeModified","params":{"no...":"77.08333333333334"}}' [111 bytes]
2025-12-01 16:30:53,498 - websockets.client - DEBUG - < TEXT '{"method":"DOM.inlineStyleInvalidated","params":{"nodeIds":[36193]}}' [68 bytes]
2025-12-01 16:30:53,503 - websockets.client - DEBUG - < TEXT '{"method":"DOM.attributeModified","params":{"no...":"77.18333333333334"}}' [111 bytes]
2025-12-01 16:30:53,503 - websockets.client - DEBUG - < TEXT '{"method":"DOM.inlineStyleInvalidated","params":{"nodeIds":[36193]}}' [68 bytes]
2025-12-01 16:30:53,510 - websockets.client - DEBUG - < TEXT '{"method":"DOM.attributeModified","params":{"no...":"77.28333333333333"}}' [111 bytes]
2025-12-01 16:30:53,510 - websockets.client - DEBUG - < TEXT '{"method":"DOM.inlineStyleInvalidated","params":{"nodeIds":[36193]}}' [68 bytes]
2025-12-01 16:30:53,516 - websockets.client - DEBUG - < TEXT '{"method":"DOM.attributeModified","params":{"no...":"77.38333333333334"}}' [111 bytes]
2025-12-01 16:30:53,516 - websockets.client - DEBUG - < TEXT '{"method":"DOM.inlineStyleInvalidated","params":{"nodeIds":[36193]}}' [68 bytes]
2025-12-01 16:30:53,522 - websockets.client - DEBUG - < TEXT '{"method":"DOM.attributeModified","params":{"no...":"77.48333333333333"}}' [111 bytes]
2025-12-01 16:30:53,522 - websockets.client - DEBUG - < TEXT '{"method":"DOM.inlineStyleInvalidated","params":{"nodeIds":[36193]}}' [68 bytes]
2025-12-01 16:30:53,528 - websockets.client - DEBUG - < TEXT '{"method":"DOM.attributeModified","params":{"no...":"77.58333333333334"}}' [111 bytes]
2025-12-01 16:30:53,529 - websockets.client - DEBUG - < TEXT '{"method":"DOM.inlineStyleInvalidated","params":{"nodeIds":[36193]}}' [68 bytes]
2025-12-01 16:30:53,534 - websockets.client - DEBUG - < TEXT '{"method":"DOM.attributeModified","params":{"no...":"77.68333333333334"}}' [111 bytes]
2025-12-01 16:30:53,535 - websockets.client - DEBUG - < TEXT '{"method":"DOM.inlineStyleInvalidated","params":{"nodeIds":[36193]}}' [68 bytes]
2025-12-01 16:30:53,540 - websockets.client - DEBUG - < TEXT '{"method":"DOM.attributeModified","params":{"no...":"77.78333333333333"}}' [111 bytes]
2025-12-01 16:30:53,540 - websockets.client - DEBUG - < TEXT '{"method":"DOM.inlineStyleInvalidated","params":{"nodeIds":[36193]}}' [68 bytes]
2025-12-01 16:30:53,546 - websockets.client - DEBUG - < TEXT '{"method":"DOM.attributeModified","params":{"no...":"77.88333333333334"}}' [111 bytes]
2025-12-01 16:30:53,547 - websockets.client - DEBUG - < TEXT '{"method":"DOM.inlineStyleInvalidated","params":{"nodeIds":[36193]}}' [68 bytes]
2025-12-01 16:30:53,552 - websockets.client - DEBUG - < TEXT '{"method":"DOM.attributeModified","params":{"no...aluenow","value":"78"}}' [96 bytes]
2025-12-01 16:30:53,552 - websockets.client - DEBUG - < TEXT '{"method":"DOM.inlineStyleInvalidated","params":{"nodeIds":[36193]}}' [68 bytes]
2025-12-01 16:30:53,558 - websockets.client - DEBUG - < TEXT '{"method":"DOM.attributeModified","params":{"no...":"78.10000000000001"}}' [111 bytes]
2025-12-01 16:30:53,559 - websockets.client - DEBUG - < TEXT '{"method":"DOM.inlineStyleInvalidated","params":{"nodeIds":[36193]}}' [68 bytes]
2025-12-01 16:30:53,564 - websockets.client - DEBUG - < TEXT '{"method":"DOM.attributeModified","params":{"no...uenow","value":"78.2"}}' [98 bytes]
2025-12-01 16:30:53,565 - websockets.client - DEBUG - < TEXT '{"method":"DOM.inlineStyleInvalidated","params":{"nodeIds":[36193]}}' [68 bytes]
2025-12-01 16:30:53,571 - websockets.client - DEBUG - < TEXT '{"method":"DOM.attributeModified","params":{"no...uenow","value":"78.3"}}' [98 bytes]
2025-12-01 16:30:53,571 - websockets.client - DEBUG - < TEXT '{"method":"DOM.inlineStyleInvalidated","params":{"nodeIds":[36193]}}' [68 bytes]
2025-12-01 16:30:53,576 - websockets.client - DEBUG - < TEXT '{"method":"DOM.attributeModified","params":{"no...uenow","value":"78.4"}}' [98 bytes]
2025-12-01 16:30:53,577 - websockets.client - DEBUG - < TEXT '{"method":"DOM.inlineStyleInvalidated","params":{"nodeIds":[36193]}}' [68 bytes]
2025-12-01 16:30:53,583 - websockets.client - DEBUG - < TEXT '{"method":"DOM.attributeModified","params":{"no...uenow","value":"78.5"}}' [98 bytes]
2025-12-01 16:30:53,583 - websockets.client - DEBUG - < TEXT '{"method":"DOM.inlineStyleInvalidated","params":{"nodeIds":[36193]}}' [68 bytes]
2025-12-01 16:30:53,589 - websockets.client - DEBUG - < TEXT '{"method":"DOM.attributeModified","params":{"no...":"78.60000000000001"}}' [111 bytes]
2025-12-01 16:30:53,589 - websockets.client - DEBUG - < TEXT '{"method":"DOM.inlineStyleInvalidated","params":{"nodeIds":[36193]}}' [68 bytes]
2025-12-01 16:30:53,595 - websockets.client - DEBUG - < TEXT '{"method":"DOM.attributeModified","params":{"no...uenow","value":"78.7"}}' [98 bytes]
2025-12-01 16:30:53,595 - websockets.client - DEBUG - < TEXT '{"method":"DOM.inlineStyleInvalidated","params":{"nodeIds":[36193]}}' [68 bytes]
2025-12-01 16:30:53,601 - websockets.client - DEBUG - < TEXT '{"method":"DOM.attributeModified","params":{"no...uenow","value":"78.8"}}' [98 bytes]
2025-12-01 16:30:53,601 - websockets.client - DEBUG - < TEXT '{"method":"DOM.inlineStyleInvalidated","params":{"nodeIds":[36193]}}' [68 bytes]
2025-12-01 16:30:53,607 - websockets.client - DEBUG - < TEXT '{"method":"DOM.attributeModified","params":{"no...uenow","value":"78.9"}}' [98 bytes]
2025-12-01 16:30:53,607 - websockets.client - DEBUG - < TEXT '{"method":"DOM.inlineStyleInvalidated","params":{"nodeIds":[36193]}}' [68 bytes]
2025-12-01 16:30:53,613 - websockets.client - DEBUG - < TEXT '{"method":"DOM.attributeModified","params":{"no...":"79.01666666666667"}}' [111 bytes]
2025-12-01 16:30:53,613 - websockets.client - DEBUG - < TEXT '{"method":"DOM.inlineStyleInvalidated","params":{"nodeIds":[36193]}}' [68 bytes]
2025-12-01 16:30:53,620 - websockets.client - DEBUG - < TEXT '{"method":"DOM.attributeModified","params":{"no...":"79.11666666666667"}}' [111 bytes]
2025-12-01 16:30:53,620 - websockets.client - DEBUG - < TEXT '{"method":"DOM.inlineStyleInvalidated","params":{"nodeIds":[36193]}}' [68 bytes]
2025-12-01 16:30:53,625 - websockets.client - DEBUG - < TEXT '{"method":"DOM.attributeModified","params":{"no...":"79.21666666666667"}}' [111 bytes]
2025-12-01 16:30:53,625 - websockets.client - DEBUG - < TEXT '{"method":"DOM.inlineStyleInvalidated","params":{"nodeIds":[36193]}}' [68 bytes]
2025-12-01 16:30:53,631 - websockets.client - DEBUG - < TEXT '{"method":"DOM.attributeModified","params":{"no...":"79.31666666666666"}}' [111 bytes]
2025-12-01 16:30:53,632 - websockets.client - DEBUG - < TEXT '{"method":"DOM.inlineStyleInvalidated","params":{"nodeIds":[36193]}}' [68 bytes]
2025-12-01 16:30:53,639 - websockets.client - DEBUG - < TEXT '{"method":"DOM.attributeModified","params":{"no...":"79.41666666666667"}}' [111 bytes]
2025-12-01 16:30:53,639 - websockets.client - DEBUG - < TEXT '{"method":"DOM.inlineStyleInvalidated","params":{"nodeIds":[36193]}}' [68 bytes]
2025-12-01 16:30:53,644 - websockets.client - DEBUG - < TEXT '{"method":"DOM.attributeModified","params":{"no...":"79.51666666666667"}}' [111 bytes]
2025-12-01 16:30:53,644 - websockets.client - DEBUG - < TEXT '{"method":"DOM.inlineStyleInvalidated","params":{"nodeIds":[36193]}}' [68 bytes]
2025-12-01 16:30:53,650 - websockets.client - DEBUG - < TEXT '{"method":"DOM.attributeModified","params":{"no...":"79.61666666666667"}}' [111 bytes]
2025-12-01 16:30:53,650 - websockets.client - DEBUG - < TEXT '{"method":"DOM.inlineStyleInvalidated","params":{"nodeIds":[36193]}}' [68 bytes]
2025-12-01 16:30:53,656 - websockets.client - DEBUG - < TEXT '{"method":"DOM.attributeModified","params":{"no...":"79.71666666666667"}}' [111 bytes]
2025-12-01 16:30:53,656 - websockets.client - DEBUG - < TEXT '{"method":"DOM.inlineStyleInvalidated","params":{"nodeIds":[36193]}}' [68 bytes]
2025-12-01 16:30:53,662 - websockets.client - DEBUG - < TEXT '{"method":"DOM.attributeModified","params":{"no...":"79.81666666666666"}}' [111 bytes]
2025-12-01 16:30:53,663 - websockets.client - DEBUG - < TEXT '{"method":"DOM.inlineStyleInvalidated","params":{"nodeIds":[36193]}}' [68 bytes]
2025-12-01 16:30:53,668 - websockets.client - DEBUG - < TEXT '{"method":"DOM.attributeModified","params":{"no...":"79.91666666666667"}}' [111 bytes]
2025-12-01 16:30:53,668 - websockets.client - DEBUG - < TEXT '{"method":"DOM.inlineStyleInvalidated","params":{"nodeIds":[36193]}}' [68 bytes]
2025-12-01 16:30:53,674 - websockets.client - DEBUG - < TEXT '{"method":"DOM.attributeModified","params":{"no...":"80.01666666666667"}}' [111 bytes]
2025-12-01 16:30:53,674 - websockets.client - DEBUG - < TEXT '{"method":"DOM.inlineStyleInvalidated","params":{"nodeIds":[36193]}}' [68 bytes]
2025-12-01 16:30:53,681 - websockets.client - DEBUG - < TEXT '{"method":"DOM.attributeModified","params":{"no...":"80.13333333333334"}}' [111 bytes]
2025-12-01 16:30:53,681 - websockets.client - DEBUG - < TEXT '{"method":"DOM.inlineStyleInvalidated","params":{"nodeIds":[36193]}}' [68 bytes]
2025-12-01 16:30:53,687 - websockets.client - DEBUG - < TEXT '{"method":"DOM.attributeModified","params":{"no...":"80.23333333333333"}}' [111 bytes]
2025-12-01 16:30:53,687 - websockets.client - DEBUG - < TEXT '{"method":"DOM.inlineStyleInvalidated","params":{"nodeIds":[36193]}}' [68 bytes]
2025-12-01 16:30:53,693 - websockets.client - DEBUG - < TEXT '{"method":"DOM.attributeModified","params":{"no...":"80.33333333333333"}}' [111 bytes]
2025-12-01 16:30:53,693 - websockets.client - DEBUG - < TEXT '{"method":"DOM.inlineStyleInvalidated","params":{"nodeIds":[36193]}}' [68 bytes]
2025-12-01 16:30:53,698 - websockets.client - DEBUG - < TEXT '{"method":"DOM.attributeModified","params":{"no...":"80.43333333333334"}}' [111 bytes]
2025-12-01 16:30:53,698 - websockets.client - DEBUG - < TEXT '{"method":"DOM.inlineStyleInvalidated","params":{"nodeIds":[36193]}}' [68 bytes]
2025-12-01 16:30:53,706 - websockets.client - DEBUG - < TEXT '{"method":"DOM.attributeModified","params":{"no...":"80.53333333333333"}}' [111 bytes]
2025-12-01 16:30:53,706 - websockets.client - DEBUG - < TEXT '{"method":"DOM.inlineStyleInvalidated","params":{"nodeIds":[36193]}}' [68 bytes]
2025-12-01 16:30:53,710 - websockets.client - DEBUG - < TEXT '{"method":"DOM.attributeModified","params":{"no...":"80.63333333333334"}}' [111 bytes]
2025-12-01 16:30:53,711 - websockets.client - DEBUG - < TEXT '{"method":"DOM.inlineStyleInvalidated","params":{"nodeIds":[36193]}}' [68 bytes]
2025-12-01 16:30:53,717 - websockets.client - DEBUG - < TEXT '{"method":"DOM.attributeModified","params":{"no...":"80.73333333333333"}}' [111 bytes]
2025-12-01 16:30:53,717 - websockets.client - DEBUG - < TEXT '{"method":"DOM.inlineStyleInvalidated","params":{"nodeIds":[36193]}}' [68 bytes]
2025-12-01 16:30:53,723 - websockets.client - DEBUG - < TEXT '{"method":"DOM.attributeModified","params":{"no...":"80.83333333333333"}}' [111 bytes]
2025-12-01 16:30:53,723 - websockets.client - DEBUG - < TEXT '{"method":"DOM.inlineStyleInvalidated","params":{"nodeIds":[36193]}}' [68 bytes]
2025-12-01 16:30:53,730 - websockets.client - DEBUG - < TEXT '{"method":"DOM.attributeModified","params":{"no...":"80.93333333333334"}}' [111 bytes]
2025-12-01 16:30:53,730 - websockets.client - DEBUG - < TEXT '{"method":"DOM.inlineStyleInvalidated","params":{"nodeIds":[36193]}}' [68 bytes]
2025-12-01 16:30:53,737 - websockets.client - DEBUG - < TEXT '{"method":"DOM.attributeModified","params":{"no...":"81.03333333333333"}}' [111 bytes]
2025-12-01 16:30:53,737 - websockets.client - DEBUG - < TEXT '{"method":"DOM.inlineStyleInvalidated","params":{"nodeIds":[36193]}}' [68 bytes]
2025-12-01 16:30:53,743 - websockets.client - DEBUG - < TEXT '{"method":"DOM.attributeModified","params":{"no...enow","value":"81.15"}}' [99 bytes]
2025-12-01 16:30:53,743 - websockets.client - DEBUG - < TEXT '{"method":"DOM.inlineStyleInvalidated","params":{"nodeIds":[36193]}}' [68 bytes]
2025-12-01 16:30:53,749 - websockets.client - DEBUG - < TEXT '{"method":"DOM.attributeModified","params":{"no...enow","value":"81.25"}}' [99 bytes]
2025-12-01 16:30:53,749 - websockets.client - DEBUG - < TEXT '{"method":"DOM.inlineStyleInvalidated","params":{"nodeIds":[36193]}}' [68 bytes]
2025-12-01 16:30:53,750 - root - INFO - https://www.cian.ru/sale/flat/324514227/ Уже есть в БД
2025-12-01 16:30:53,753 - websockets.client - DEBUG - < TEXT '{"method":"DOM.attributeModified","params":{"no...enow","value":"81.35"}}' [99 bytes]
2025-12-01 16:30:53,753 - websockets.client - DEBUG - < TEXT '{"method":"DOM.inlineStyleInvalidated","params":{"nodeIds":[36193]}}' [68 bytes]
2025-12-01 16:30:53,759 - websockets.client - DEBUG - < TEXT '{"method":"DOM.attributeModified","params":{"no...enow","value":"81.45"}}' [99 bytes]
2025-12-01 16:30:53,760 - websockets.client - DEBUG - < TEXT '{"method":"DOM.inlineStyleInvalidated","params":{"nodeIds":[36193]}}' [68 bytes]
2025-12-01 16:30:53,766 - websockets.client - DEBUG - < TEXT '{"method":"DOM.attributeModified","params":{"no...enow","value":"81.55"}}' [99 bytes]
2025-12-01 16:30:53,766 - websockets.client - DEBUG - < TEXT '{"method":"DOM.inlineStyleInvalidated","params":{"nodeIds":[36193]}}' [68 bytes]
2025-12-01 16:30:53,772 - websockets.client - DEBUG - < TEXT '{"method":"DOM.attributeModified","params":{"no...enow","value":"81.65"}}' [99 bytes]
2025-12-01 16:30:53,772 - websockets.client - DEBUG - < TEXT '{"method":"DOM.inlineStyleInvalidated","params":{"nodeIds":[36193]}}' [68 bytes]
2025-12-01 16:30:53,778 - websockets.client - DEBUG - < TEXT '{"method":"DOM.attributeModified","params":{"no...enow","value":"81.75"}}' [99 bytes]
2025-12-01 16:30:53,778 - websockets.client - DEBUG - < TEXT '{"method":"DOM.inlineStyleInvalidated","params":{"nodeIds":[36193]}}' [68 bytes]
2025-12-01 16:30:53,783 - websockets.client - DEBUG - < TEXT '{"method":"DOM.attributeModified","params":{"no...enow","value":"81.85"}}' [99 bytes]
2025-12-01 16:30:53,784 - websockets.client - DEBUG - < TEXT '{"method":"DOM.inlineStyleInvalidated","params":{"nodeIds":[36193]}}' [68 bytes]
2025-12-01 16:30:53,790 - websockets.client - DEBUG - < TEXT '{"method":"DOM.attributeModified","params":{"no...enow","value":"81.95"}}' [99 bytes]
2025-12-01 16:30:53,790 - websockets.client - DEBUG - < TEXT '{"method":"DOM.inlineStyleInvalidated","params":{"nodeIds":[36193]}}' [68 bytes]
2025-12-01 16:30:53,796 - websockets.client - DEBUG - < TEXT '{"method":"DOM.attributeModified","params":{"no...enow","value":"82.05"}}' [99 bytes]
2025-12-01 16:30:53,797 - websockets.client - DEBUG - < TEXT '{"method":"DOM.inlineStyleInvalidated","params":{"nodeIds":[36193]}}' [68 bytes]
2025-12-01 16:30:53,803 - websockets.client - DEBUG - < TEXT '{"method":"DOM.attributeModified","params":{"no...":"82.16666666666667"}}' [111 bytes]
2025-12-01 16:30:53,803 - websockets.client - DEBUG - < TEXT '{"method":"DOM.inlineStyleInvalidated","params":{"nodeIds":[36193]}}' [68 bytes]
2025-12-01 16:30:53,808 - websockets.client - DEBUG - < TEXT '{"method":"DOM.attributeModified","params":{"no...":"82.26666666666667"}}' [111 bytes]
2025-12-01 16:30:53,808 - websockets.client - DEBUG - < TEXT '{"method":"DOM.inlineStyleInvalidated","params":{"nodeIds":[36193]}}' [68 bytes]
2025-12-01 16:30:53,814 - websockets.client - DEBUG - < TEXT '{"method":"DOM.attributeModified","params":{"no...":"82.36666666666666"}}' [111 bytes]
2025-12-01 16:30:53,814 - websockets.client - DEBUG - < TEXT '{"method":"DOM.inlineStyleInvalidated","params":{"nodeIds":[36193]}}' [68 bytes]
2025-12-01 16:30:53,821 - websockets.client - DEBUG - < TEXT '{"method":"DOM.attributeModified","params":{"no...":"82.46666666666667"}}' [111 bytes]
2025-12-01 16:30:53,821 - websockets.client - DEBUG - < TEXT '{"method":"DOM.inlineStyleInvalidated","params":{"nodeIds":[36193]}}' [68 bytes]
2025-12-01 16:30:53,827 - websockets.client - DEBUG - < TEXT '{"method":"DOM.attributeModified","params":{"no...":"82.56666666666666"}}' [111 bytes]
2025-12-01 16:30:53,828 - websockets.client - DEBUG - < TEXT '{"method":"DOM.inlineStyleInvalidated","params":{"nodeIds":[36193]}}' [68 bytes]
2025-12-01 16:30:53,833 - websockets.client - DEBUG - < TEXT '{"method":"DOM.attributeModified","params":{"no...":"82.66666666666667"}}' [111 bytes]
2025-12-01 16:30:53,833 - websockets.client - DEBUG - < TEXT '{"method":"DOM.inlineStyleInvalidated","params":{"nodeIds":[36193]}}' [68 bytes]
2025-12-01 16:30:53,839 - websockets.client - DEBUG - < TEXT '{"method":"DOM.attributeModified","params":{"no...":"82.76666666666667"}}' [111 bytes]
2025-12-01 16:30:53,839 - websockets.client - DEBUG - < TEXT '{"method":"DOM.inlineStyleInvalidated","params":{"nodeIds":[36193]}}' [68 bytes]
2025-12-01 16:30:53,846 - websockets.client - DEBUG - < TEXT '{"method":"DOM.attributeModified","params":{"no...":"82.86666666666666"}}' [111 bytes]
2025-12-01 16:30:53,846 - websockets.client - DEBUG - < TEXT '{"method":"DOM.inlineStyleInvalidated","params":{"nodeIds":[36193]}}' [68 bytes]
2025-12-01 16:30:53,851 - websockets.client - DEBUG - < TEXT '{"method":"DOM.attributeModified","params":{"no...":"82.96666666666667"}}' [111 bytes]
2025-12-01 16:30:53,851 - websockets.client - DEBUG - < TEXT '{"method":"DOM.inlineStyleInvalidated","params":{"nodeIds":[36193]}}' [68 bytes]
2025-12-01 16:30:53,858 - websockets.client - DEBUG - < TEXT '{"method":"DOM.attributeModified","params":{"no...":"83.06666666666666"}}' [111 bytes]
2025-12-01 16:30:53,858 - websockets.client - DEBUG - < TEXT '{"method":"DOM.inlineStyleInvalidated","params":{"nodeIds":[36193]}}' [68 bytes]
2025-12-01 16:30:53,864 - websockets.client - DEBUG - < TEXT '{"method":"DOM.attributeModified","params":{"no...":"83.18333333333334"}}' [111 bytes]
2025-12-01 16:30:53,864 - websockets.client - DEBUG - < TEXT '{"method":"DOM.inlineStyleInvalidated","params":{"nodeIds":[36193]}}' [68 bytes]
2025-12-01 16:30:53,870 - websockets.client - DEBUG - < TEXT '{"method":"DOM.attributeModified","params":{"no...":"83.28333333333333"}}' [111 bytes]
2025-12-01 16:30:53,870 - websockets.client - DEBUG - < TEXT '{"method":"DOM.inlineStyleInvalidated","params":{"nodeIds":[36193]}}' [68 bytes]
2025-12-01 16:30:53,875 - websockets.client - DEBUG - < TEXT '{"method":"DOM.attributeModified","params":{"no...":"83.38333333333333"}}' [111 bytes]
2025-12-01 16:30:53,875 - websockets.client - DEBUG - < TEXT '{"method":"DOM.inlineStyleInvalidated","params":{"nodeIds":[36193]}}' [68 bytes]
2025-12-01 16:30:53,880 - websockets.client - DEBUG - < TEXT '{"method":"DOM.attributeModified","params":{"no...":"83.48333333333333"}}' [111 bytes]
2025-12-01 16:30:53,882 - websockets.client - DEBUG - < TEXT '{"method":"DOM.inlineStyleInvalidated","params":{"nodeIds":[36193]}}' [68 bytes]
2025-12-01 16:30:53,888 - websockets.client - DEBUG - < TEXT '{"method":"DOM.attributeModified","params":{"no...":"83.58333333333333"}}' [111 bytes]
2025-12-01 16:30:53,889 - websockets.client - DEBUG - < TEXT '{"method":"DOM.inlineStyleInvalidated","params":{"nodeIds":[36193]}}' [68 bytes]
2025-12-01 16:30:53,894 - websockets.client - DEBUG - < TEXT '{"method":"DOM.attributeModified","params":{"no...":"83.68333333333334"}}' [111 bytes]
2025-12-01 16:30:53,894 - websockets.client - DEBUG - < TEXT '{"method":"DOM.inlineStyleInvalidated","params":{"nodeIds":[36193]}}' [68 bytes]
2025-12-01 16:30:53,900 - websockets.client - DEBUG - < TEXT '{"method":"DOM.attributeModified","params":{"no...":"83.78333333333333"}}' [111 bytes]
2025-12-01 16:30:53,900 - websockets.client - DEBUG - < TEXT '{"method":"DOM.inlineStyleInvalidated","params":{"nodeIds":[36193]}}' [68 bytes]
2025-12-01 16:30:53,906 - websockets.client - DEBUG - < TEXT '{"method":"DOM.attributeModified","params":{"no...":"83.88333333333333"}}' [111 bytes]
2025-12-01 16:30:53,906 - websockets.client - DEBUG - < TEXT '{"method":"DOM.inlineStyleInvalidated","params":{"nodeIds":[36193]}}' [68 bytes]
2025-12-01 16:30:53,911 - websockets.client - DEBUG - < TEXT '{"method":"DOM.attributeModified","params":{"no...":"83.98333333333333"}}' [111 bytes]
2025-12-01 16:30:53,912 - websockets.client - DEBUG - < TEXT '{"method":"DOM.inlineStyleInvalidated","params":{"nodeIds":[36193]}}' [68 bytes]
2025-12-01 16:30:53,920 - websockets.client - DEBUG - < TEXT '{"method":"DOM.attributeModified","params":{"no...":"84.08333333333333"}}' [111 bytes]
2025-12-01 16:30:53,923 - websockets.client - DEBUG - < TEXT '{"method":"DOM.inlineStyleInvalidated","params":{"nodeIds":[36193]}}' [68 bytes]
2025-12-01 16:30:53,933 - websockets.client - DEBUG - < TEXT '{"method":"DOM.attributeModified","params":{"no...uenow","value":"84.3"}}' [98 bytes]
2025-12-01 16:30:53,938 - websockets.client - DEBUG - < TEXT '{"method":"DOM.inlineStyleInvalidated","params":{"nodeIds":[36193]}}' [68 bytes]
2025-12-01 16:30:53,938 - websockets.client - DEBUG - < TEXT '{"method":"DOM.attributeModified","params":{"no...":"84.38333333333333"}}' [111 bytes]
2025-12-01 16:30:53,938 - websockets.client - DEBUG - < TEXT '{"method":"DOM.inlineStyleInvalidated","params":{"nodeIds":[36193]}}' [68 bytes]
2025-12-01 16:30:53,944 - websockets.client - DEBUG - < TEXT '{"method":"DOM.attributeModified","params":{"no...uenow","value":"84.5"}}' [98 bytes]
2025-12-01 16:30:53,945 - websockets.client - DEBUG - < TEXT '{"method":"DOM.inlineStyleInvalidated","params":{"nodeIds":[36193]}}' [68 bytes]
2025-12-01 16:30:53,951 - websockets.client - DEBUG - < TEXT '{"method":"DOM.attributeModified","params":{"no...":"84.63333333333334"}}' [111 bytes]
2025-12-01 16:30:53,951 - websockets.client - DEBUG - < TEXT '{"method":"DOM.inlineStyleInvalidated","params":{"nodeIds":[36193]}}' [68 bytes]
2025-12-01 16:30:53,955 - websockets.client - DEBUG - < TEXT '{"method":"DOM.attributeModified","params":{"no...uenow","value":"84.7"}}' [98 bytes]
2025-12-01 16:30:53,956 - websockets.client - DEBUG - < TEXT '{"method":"DOM.inlineStyleInvalidated","params":{"nodeIds":[36193]}}' [68 bytes]
2025-12-01 16:30:53,963 - websockets.client - DEBUG - < TEXT '{"method":"DOM.attributeModified","params":{"no...":"84.83333333333334"}}' [111 bytes]
2025-12-01 16:30:53,964 - websockets.client - DEBUG - < TEXT '{"method":"DOM.inlineStyleInvalidated","params":{"nodeIds":[36193]}}' [68 bytes]
2025-12-01 16:30:53,967 - websockets.client - DEBUG - < TEXT '{"method":"DOM.attributeModified","params":{"no...":"84.89999999999999"}}' [111 bytes]
2025-12-01 16:30:53,967 - websockets.client - DEBUG - < TEXT '{"method":"DOM.inlineStyleInvalidated","params":{"nodeIds":[36193]}}' [68 bytes]
2025-12-01 16:30:53,973 - websockets.client - DEBUG - < TEXT '{"method":"DOM.attributeModified","params":{"no...aluenow","value":"85"}}' [96 bytes]
2025-12-01 16:30:53,973 - websockets.client - DEBUG - < TEXT '{"method":"DOM.inlineStyleInvalidated","params":{"nodeIds":[36193]}}' [68 bytes]
2025-12-01 16:30:53,980 - websockets.client - DEBUG - < TEXT '{"method":"DOM.attributeModified","params":{"no...uenow","value":"85.1"}}' [98 bytes]
2025-12-01 16:30:53,980 - websockets.client - DEBUG - < TEXT '{"method":"DOM.inlineStyleInvalidated","params":{"nodeIds":[36193]}}' [68 bytes]
2025-12-01 16:30:53,985 - websockets.client - DEBUG - < TEXT '{"method":"DOM.attributeModified","params":{"no...uenow","value":"85.2"}}' [98 bytes]
2025-12-01 16:30:53,986 - websockets.client - DEBUG - < TEXT '{"method":"DOM.inlineStyleInvalidated","params":{"nodeIds":[36193]}}' [68 bytes]
2025-12-01 16:30:53,991 - websockets.client - DEBUG - < TEXT '{"method":"DOM.attributeModified","params":{"no...":"85.31666666666666"}}' [111 bytes]
2025-12-01 16:30:53,991 - websockets.client - DEBUG - < TEXT '{"method":"DOM.inlineStyleInvalidated","params":{"nodeIds":[36193]}}' [68 bytes]
2025-12-01 16:30:53,997 - websockets.client - DEBUG - < TEXT '{"method":"DOM.attributeModified","params":{"no...":"85.41666666666666"}}' [111 bytes]
2025-12-01 16:30:53,997 - websockets.client - DEBUG - < TEXT '{"method":"DOM.inlineStyleInvalidated","params":{"nodeIds":[36193]}}' [68 bytes]
2025-12-01 16:30:54,004 - websockets.client - DEBUG - < TEXT '{"method":"DOM.attributeModified","params":{"no...":"85.51666666666667"}}' [111 bytes]
2025-12-01 16:30:54,004 - websockets.client - DEBUG - < TEXT '{"method":"DOM.inlineStyleInvalidated","params":{"nodeIds":[36193]}}' [68 bytes]
2025-12-01 16:30:54,010 - websockets.client - DEBUG - < TEXT '{"method":"DOM.attributeModified","params":{"no...":"85.61666666666666"}}' [111 bytes]
2025-12-01 16:30:54,011 - websockets.client - DEBUG - < TEXT '{"method":"DOM.inlineStyleInvalidated","params":{"nodeIds":[36193]}}' [68 bytes]
2025-12-01 16:30:54,016 - websockets.client - DEBUG - < TEXT '{"method":"DOM.attributeModified","params":{"no...":"85.71666666666667"}}' [111 bytes]
2025-12-01 16:30:54,017 - websockets.client - DEBUG - < TEXT '{"method":"DOM.inlineStyleInvalidated","params":{"nodeIds":[36193]}}' [68 bytes]
2025-12-01 16:30:54,022 - websockets.client - DEBUG - < TEXT '{"method":"DOM.attributeModified","params":{"no...":"85.81666666666666"}}' [111 bytes]
2025-12-01 16:30:54,022 - websockets.client - DEBUG - < TEXT '{"method":"DOM.inlineStyleInvalidated","params":{"nodeIds":[36193]}}' [68 bytes]
2025-12-01 16:30:54,027 - root - INFO - https://www.cian.ru/sale/flat/324137390/ Уже есть в БД
2025-12-01 16:30:54,029 - websockets.client - DEBUG - < TEXT '{"method":"DOM.attributeModified","params":{"no...":"85.91666666666666"}}' [111 bytes]
2025-12-01 16:30:54,029 - websockets.client - DEBUG - < TEXT '{"method":"DOM.inlineStyleInvalidated","params":{"nodeIds":[36193]}}' [68 bytes]
2025-12-01 16:30:54,034 - websockets.client - DEBUG - < TEXT '{"method":"DOM.attributeModified","params":{"no...":"86.01666666666667"}}' [111 bytes]
2025-12-01 16:30:54,034 - websockets.client - DEBUG - < TEXT '{"method":"DOM.inlineStyleInvalidated","params":{"nodeIds":[36193]}}' [68 bytes]
2025-12-01 16:30:54,040 - websockets.client - DEBUG - < TEXT '{"method":"DOM.attributeModified","params":{"no...":"86.11666666666666"}}' [111 bytes]
2025-12-01 16:30:54,040 - websockets.client - DEBUG - < TEXT '{"method":"DOM.inlineStyleInvalidated","params":{"nodeIds":[36193]}}' [68 bytes]
2025-12-01 16:30:54,046 - websockets.client - DEBUG - < TEXT '{"method":"DOM.attributeModified","params":{"no...":"86.21666666666667"}}' [111 bytes]
2025-12-01 16:30:54,046 - websockets.client - DEBUG - < TEXT '{"method":"DOM.inlineStyleInvalidated","params":{"nodeIds":[36193]}}' [68 bytes]
2025-12-01 16:30:54,053 - websockets.client - DEBUG - < TEXT '{"method":"DOM.attributeModified","params":{"no...":"86.33333333333333"}}' [111 bytes]
2025-12-01 16:30:54,053 - websockets.client - DEBUG - < TEXT '{"method":"DOM.inlineStyleInvalidated","params":{"nodeIds":[36193]}}' [68 bytes]
2025-12-01 16:30:54,058 - websockets.client - DEBUG - < TEXT '{"method":"DOM.attributeModified","params":{"no...":"86.43333333333332"}}' [111 bytes]
2025-12-01 16:30:54,058 - websockets.client - DEBUG - < TEXT '{"method":"DOM.inlineStyleInvalidated","params":{"nodeIds":[36193]}}' [68 bytes]
2025-12-01 16:30:54,065 - websockets.client - DEBUG - < TEXT '{"method":"DOM.attributeModified","params":{"no...":"86.53333333333333"}}' [111 bytes]
2025-12-01 16:30:54,065 - websockets.client - DEBUG - < TEXT '{"method":"DOM.inlineStyleInvalidated","params":{"nodeIds":[36193]}}' [68 bytes]
2025-12-01 16:30:54,071 - websockets.client - DEBUG - < TEXT '{"method":"DOM.attributeModified","params":{"no...":"86.63333333333333"}}' [111 bytes]
2025-12-01 16:30:54,071 - websockets.client - DEBUG - < TEXT '{"method":"DOM.inlineStyleInvalidated","params":{"nodeIds":[36193]}}' [68 bytes]
2025-12-01 16:30:54,077 - websockets.client - DEBUG - < TEXT '{"method":"DOM.attributeModified","params":{"no...":"86.73333333333333"}}' [111 bytes]
2025-12-01 16:30:54,077 - websockets.client - DEBUG - < TEXT '{"method":"DOM.inlineStyleInvalidated","params":{"nodeIds":[36193]}}' [68 bytes]
2025-12-01 16:30:54,082 - websockets.client - DEBUG - < TEXT '{"method":"DOM.attributeModified","params":{"no...":"86.83333333333333"}}' [111 bytes]
2025-12-01 16:30:54,083 - websockets.client - DEBUG - < TEXT '{"method":"DOM.inlineStyleInvalidated","params":{"nodeIds":[36193]}}' [68 bytes]
2025-12-01 16:30:54,089 - websockets.client - DEBUG - < TEXT '{"method":"DOM.attributeModified","params":{"no...":"86.93333333333332"}}' [111 bytes]
2025-12-01 16:30:54,089 - websockets.client - DEBUG - < TEXT '{"method":"DOM.inlineStyleInvalidated","params":{"nodeIds":[36193]}}' [68 bytes]
2025-12-01 16:30:54,095 - websockets.client - DEBUG - < TEXT '{"method":"DOM.attributeModified","params":{"no...":"87.03333333333333"}}' [111 bytes]
2025-12-01 16:30:54,096 - websockets.client - DEBUG - < TEXT '{"method":"DOM.inlineStyleInvalidated","params":{"nodeIds":[36193]}}' [68 bytes]
2025-12-01 16:30:54,102 - websockets.client - DEBUG - < TEXT '{"method":"DOM.attributeModified","params":{"no...":"87.13333333333333"}}' [111 bytes]
2025-12-01 16:30:54,102 - websockets.client - DEBUG - < TEXT '{"method":"DOM.inlineStyleInvalidated","params":{"nodeIds":[36193]}}' [68 bytes]
2025-12-01 16:30:54,108 - websockets.client - DEBUG - < TEXT '{"method":"DOM.attributeModified","params":{"no...":"87.23333333333333"}}' [111 bytes]
2025-12-01 16:30:54,108 - websockets.client - DEBUG - < TEXT '{"method":"DOM.inlineStyleInvalidated","params":{"nodeIds":[36193]}}' [68 bytes]
2025-12-01 16:30:54,114 - websockets.client - DEBUG - < TEXT '{"method":"DOM.attributeModified","params":{"no...":"87.33333333333333"}}' [111 bytes]
2025-12-01 16:30:54,114 - websockets.client - DEBUG - < TEXT '{"method":"DOM.inlineStyleInvalidated","params":{"nodeIds":[36193]}}' [68 bytes]
2025-12-01 16:30:54,119 - websockets.client - DEBUG - < TEXT '{"method":"DOM.attributeModified","params":{"no...enow","value":"87.45"}}' [99 bytes]
2025-12-01 16:30:54,119 - websockets.client - DEBUG - < TEXT '{"method":"DOM.inlineStyleInvalidated","params":{"nodeIds":[36193]}}' [68 bytes]
2025-12-01 16:30:54,125 - websockets.client - DEBUG - < TEXT '{"method":"DOM.attributeModified","params":{"no...enow","value":"87.55"}}' [99 bytes]
2025-12-01 16:30:54,126 - websockets.client - DEBUG - < TEXT '{"method":"DOM.inlineStyleInvalidated","params":{"nodeIds":[36193]}}' [68 bytes]
2025-12-01 16:30:54,132 - websockets.client - DEBUG - < TEXT '{"method":"DOM.attributeModified","params":{"no...":"87.64999999999999"}}' [111 bytes]
2025-12-01 16:30:54,132 - websockets.client - DEBUG - < TEXT '{"method":"DOM.inlineStyleInvalidated","params":{"nodeIds":[36193]}}' [68 bytes]
2025-12-01 16:30:54,138 - websockets.client - DEBUG - < TEXT '{"method":"DOM.attributeModified","params":{"no...enow","value":"87.75"}}' [99 bytes]
2025-12-01 16:30:54,138 - websockets.client - DEBUG - < TEXT '{"method":"DOM.inlineStyleInvalidated","params":{"nodeIds":[36193]}}' [68 bytes]
2025-12-01 16:30:54,144 - websockets.client - DEBUG - < TEXT '{"method":"DOM.attributeModified","params":{"no...enow","value":"87.85"}}' [99 bytes]
2025-12-01 16:30:54,144 - websockets.client - DEBUG - < TEXT '{"method":"DOM.inlineStyleInvalidated","params":{"nodeIds":[36193]}}' [68 bytes]
2025-12-01 16:30:54,149 - websockets.client - DEBUG - < TEXT '{"method":"DOM.attributeModified","params":{"no...":"87.94999999999999"}}' [111 bytes]
2025-12-01 16:30:54,150 - websockets.client - DEBUG - < TEXT '{"method":"DOM.inlineStyleInvalidated","params":{"nodeIds":[36193]}}' [68 bytes]
2025-12-01 16:30:54,156 - websockets.client - DEBUG - < TEXT '{"method":"DOM.attributeModified","params":{"no...enow","value":"88.05"}}' [99 bytes]
2025-12-01 16:30:54,157 - websockets.client - DEBUG - < TEXT '{"method":"DOM.inlineStyleInvalidated","params":{"nodeIds":[36193]}}' [68 bytes]
2025-12-01 16:30:54,162 - websockets.client - DEBUG - < TEXT '{"method":"DOM.attributeModified","params":{"no...":"88.14999999999999"}}' [111 bytes]
2025-12-01 16:30:54,162 - websockets.client - DEBUG - < TEXT '{"method":"DOM.inlineStyleInvalidated","params":{"nodeIds":[36193]}}' [68 bytes]
2025-12-01 16:30:54,168 - websockets.client - DEBUG - < TEXT '{"method":"DOM.attributeModified","params":{"no...enow","value":"88.25"}}' [99 bytes]
2025-12-01 16:30:54,168 - websockets.client - DEBUG - < TEXT '{"method":"DOM.inlineStyleInvalidated","params":{"nodeIds":[36193]}}' [68 bytes]
2025-12-01 16:30:54,174 - websockets.client - DEBUG - < TEXT '{"method":"DOM.attributeModified","params":{"no...enow","value":"88.35"}}' [99 bytes]
2025-12-01 16:30:54,174 - websockets.client - DEBUG - < TEXT '{"method":"DOM.inlineStyleInvalidated","params":{"nodeIds":[36193]}}' [68 bytes]
2025-12-01 16:30:54,180 - websockets.client - DEBUG - < TEXT '{"method":"DOM.attributeModified","params":{"no...":"88.46666666666667"}}' [111 bytes]
2025-12-01 16:30:54,180 - websockets.client - DEBUG - < TEXT '{"method":"DOM.inlineStyleInvalidated","params":{"nodeIds":[36193]}}' [68 bytes]
2025-12-01 16:30:54,185 - websockets.client - DEBUG - < TEXT '{"method":"DOM.attributeModified","params":{"no...":"88.56666666666668"}}' [111 bytes]
2025-12-01 16:30:54,185 - websockets.client - DEBUG - < TEXT '{"method":"DOM.inlineStyleInvalidated","params":{"nodeIds":[36193]}}' [68 bytes]
2025-12-01 16:30:54,192 - websockets.client - DEBUG - < TEXT '{"method":"DOM.attributeModified","params":{"no...":"88.66666666666667"}}' [111 bytes]
2025-12-01 16:30:54,192 - websockets.client - DEBUG - < TEXT '{"method":"DOM.inlineStyleInvalidated","params":{"nodeIds":[36193]}}' [68 bytes]
2025-12-01 16:30:54,198 - websockets.client - DEBUG - < TEXT '{"method":"DOM.attributeModified","params":{"no...":"88.76666666666667"}}' [111 bytes]
2025-12-01 16:30:54,199 - websockets.client - DEBUG - < TEXT '{"method":"DOM.inlineStyleInvalidated","params":{"nodeIds":[36193]}}' [68 bytes]
2025-12-01 16:30:54,205 - websockets.client - DEBUG - < TEXT '{"method":"DOM.attributeModified","params":{"no...":"88.86666666666667"}}' [111 bytes]
2025-12-01 16:30:54,205 - websockets.client - DEBUG - < TEXT '{"method":"DOM.inlineStyleInvalidated","params":{"nodeIds":[36193]}}' [68 bytes]
2025-12-01 16:30:54,211 - websockets.client - DEBUG - < TEXT '{"method":"DOM.attributeModified","params":{"no...":"88.96666666666667"}}' [111 bytes]
2025-12-01 16:30:54,211 - websockets.client - DEBUG - < TEXT '{"method":"DOM.inlineStyleInvalidated","params":{"nodeIds":[36193]}}' [68 bytes]
2025-12-01 16:30:54,216 - websockets.client - DEBUG - < TEXT '{"method":"DOM.attributeModified","params":{"no...":"89.06666666666668"}}' [111 bytes]
2025-12-01 16:30:54,216 - websockets.client - DEBUG - < TEXT '{"method":"DOM.inlineStyleInvalidated","params":{"nodeIds":[36193]}}' [68 bytes]
2025-12-01 16:30:54,224 - websockets.client - DEBUG - < TEXT '{"method":"DOM.attributeModified","params":{"no...":"89.16666666666667"}}' [111 bytes]
2025-12-01 16:30:54,224 - websockets.client - DEBUG - < TEXT '{"method":"DOM.inlineStyleInvalidated","params":{"nodeIds":[36193]}}' [68 bytes]
2025-12-01 16:30:54,229 - websockets.client - DEBUG - < TEXT '{"method":"DOM.attributeModified","params":{"no...":"89.26666666666667"}}' [111 bytes]
2025-12-01 16:30:54,229 - websockets.client - DEBUG - < TEXT '{"method":"DOM.inlineStyleInvalidated","params":{"nodeIds":[36193]}}' [68 bytes]
2025-12-01 16:30:54,235 - websockets.client - DEBUG - < TEXT '{"method":"DOM.attributeModified","params":{"no...":"89.36666666666667"}}' [111 bytes]
2025-12-01 16:30:54,235 - websockets.client - DEBUG - < TEXT '{"method":"DOM.inlineStyleInvalidated","params":{"nodeIds":[36193]}}' [68 bytes]
2025-12-01 16:30:54,241 - websockets.client - DEBUG - < TEXT '{"method":"DOM.attributeModified","params":{"no...":"89.48333333333333"}}' [111 bytes]
2025-12-01 16:30:54,241 - websockets.client - DEBUG - < TEXT '{"method":"DOM.inlineStyleInvalidated","params":{"nodeIds":[36193]}}' [68 bytes]
2025-12-01 16:30:54,247 - websockets.client - DEBUG - < TEXT '{"method":"DOM.attributeModified","params":{"no...":"89.58333333333334"}}' [111 bytes]
2025-12-01 16:30:54,247 - websockets.client - DEBUG - < TEXT '{"method":"DOM.inlineStyleInvalidated","params":{"nodeIds":[36193]}}' [68 bytes]
2025-12-01 16:30:54,254 - websockets.client - DEBUG - < TEXT '{"method":"DOM.attributeModified","params":{"no...":"89.68333333333334"}}' [111 bytes]
2025-12-01 16:30:54,254 - websockets.client - DEBUG - < TEXT '{"method":"DOM.inlineStyleInvalidated","params":{"nodeIds":[36193]}}' [68 bytes]
2025-12-01 16:30:54,260 - websockets.client - DEBUG - < TEXT '{"method":"DOM.attributeModified","params":{"no...":"89.78333333333333"}}' [111 bytes]
2025-12-01 16:30:54,260 - websockets.client - DEBUG - < TEXT '{"method":"DOM.inlineStyleInvalidated","params":{"nodeIds":[36193]}}' [68 bytes]
2025-12-01 16:30:54,266 - websockets.client - DEBUG - < TEXT '{"method":"DOM.attributeModified","params":{"no...":"89.88333333333334"}}' [111 bytes]
2025-12-01 16:30:54,266 - websockets.client - DEBUG - < TEXT '{"method":"DOM.inlineStyleInvalidated","params":{"nodeIds":[36193]}}' [68 bytes]
2025-12-01 16:30:54,272 - websockets.client - DEBUG - < TEXT '{"method":"DOM.attributeModified","params":{"no...":"89.98333333333333"}}' [111 bytes]
2025-12-01 16:30:54,272 - websockets.client - DEBUG - < TEXT '{"method":"DOM.inlineStyleInvalidated","params":{"nodeIds":[36193]}}' [68 bytes]
2025-12-01 16:30:54,274 - root - INFO - https://www.cian.ru/sale/flat/322159944/ Уже есть в БД
2025-12-01 16:30:54,278 - websockets.client - DEBUG - < TEXT '{"method":"DOM.attributeModified","params":{"no...":"90.08333333333334"}}' [111 bytes]
2025-12-01 16:30:54,278 - websockets.client - DEBUG - < TEXT '{"method":"DOM.inlineStyleInvalidated","params":{"nodeIds":[36193]}}' [68 bytes]
2025-12-01 16:30:54,284 - websockets.client - DEBUG - < TEXT '{"method":"DOM.attributeModified","params":{"no...":"90.18333333333334"}}' [111 bytes]
2025-12-01 16:30:54,284 - websockets.client - DEBUG - < TEXT '{"method":"DOM.inlineStyleInvalidated","params":{"nodeIds":[36193]}}' [68 bytes]
2025-12-01 16:30:54,290 - websockets.client - DEBUG - < TEXT '{"method":"DOM.attributeModified","params":{"no...":"90.28333333333333"}}' [111 bytes]
2025-12-01 16:30:54,290 - websockets.client - DEBUG - < TEXT '{"method":"DOM.inlineStyleInvalidated","params":{"nodeIds":[36193]}}' [68 bytes]
2025-12-01 16:30:54,296 - websockets.client - DEBUG - < TEXT '{"method":"DOM.attributeModified","params":{"no...":"90.38333333333334"}}' [111 bytes]
2025-12-01 16:30:54,296 - websockets.client - DEBUG - < TEXT '{"method":"DOM.inlineStyleInvalidated","params":{"nodeIds":[36193]}}' [68 bytes]
2025-12-01 16:30:54,302 - websockets.client - DEBUG - < TEXT '{"method":"DOM.attributeModified","params":{"no...":"90.48333333333333"}}' [111 bytes]
2025-12-01 16:30:54,303 - websockets.client - DEBUG - < TEXT '{"method":"DOM.inlineStyleInvalidated","params":{"nodeIds":[36193]}}' [68 bytes]
2025-12-01 16:30:54,309 - websockets.client - DEBUG - < TEXT '{"method":"DOM.attributeModified","params":{"no...":"90.60000000000001"}}' [111 bytes]
2025-12-01 16:30:54,309 - websockets.client - DEBUG - < TEXT '{"method":"DOM.inlineStyleInvalidated","params":{"nodeIds":[36193]}}' [68 bytes]
2025-12-01 16:30:54,315 - websockets.client - DEBUG - < TEXT '{"method":"DOM.attributeModified","params":{"no...uenow","value":"90.7"}}' [98 bytes]
2025-12-01 16:30:54,315 - websockets.client - DEBUG - < TEXT '{"method":"DOM.inlineStyleInvalidated","params":{"nodeIds":[36193]}}' [68 bytes]
2025-12-01 16:30:54,320 - websockets.client - DEBUG - < TEXT '{"method":"DOM.attributeModified","params":{"no...uenow","value":"90.8"}}' [98 bytes]
2025-12-01 16:30:54,320 - websockets.client - DEBUG - < TEXT '{"method":"DOM.inlineStyleInvalidated","params":{"nodeIds":[36193]}}' [68 bytes]
2025-12-01 16:30:54,326 - websockets.client - DEBUG - < TEXT '{"method":"DOM.attributeModified","params":{"no...uenow","value":"90.9"}}' [98 bytes]
2025-12-01 16:30:54,327 - websockets.client - DEBUG - < TEXT '{"method":"DOM.inlineStyleInvalidated","params":{"nodeIds":[36193]}}' [68 bytes]
2025-12-01 16:30:54,333 - websockets.client - DEBUG - < TEXT '{"method":"DOM.attributeModified","params":{"no...aluenow","value":"91"}}' [96 bytes]
2025-12-01 16:30:54,333 - websockets.client - DEBUG - < TEXT '{"method":"DOM.inlineStyleInvalidated","params":{"nodeIds":[36193]}}' [68 bytes]
2025-12-01 16:30:54,339 - websockets.client - DEBUG - < TEXT '{"method":"DOM.attributeModified","params":{"no...":"91.10000000000001"}}' [111 bytes]
2025-12-01 16:30:54,339 - websockets.client - DEBUG - < TEXT '{"method":"DOM.inlineStyleInvalidated","params":{"nodeIds":[36193]}}' [68 bytes]
2025-12-01 16:30:54,345 - websockets.client - DEBUG - < TEXT '{"method":"DOM.attributeModified","params":{"no...uenow","value":"91.2"}}' [98 bytes]
2025-12-01 16:30:54,345 - websockets.client - DEBUG - < TEXT '{"method":"DOM.inlineStyleInvalidated","params":{"nodeIds":[36193]}}' [68 bytes]
2025-12-01 16:30:54,352 - websockets.client - DEBUG - < TEXT '{"method":"DOM.attributeModified","params":{"no...uenow","value":"91.3"}}' [98 bytes]
2025-12-01 16:30:54,352 - websockets.client - DEBUG - < TEXT '{"method":"DOM.inlineStyleInvalidated","params":{"nodeIds":[36193]}}' [68 bytes]
2025-12-01 16:30:54,358 - websockets.client - DEBUG - < TEXT '{"method":"DOM.attributeModified","params":{"no...uenow","value":"91.4"}}' [98 bytes]
2025-12-01 16:30:54,358 - websockets.client - DEBUG - < TEXT '{"method":"DOM.inlineStyleInvalidated","params":{"nodeIds":[36193]}}' [68 bytes]
2025-12-01 16:30:54,364 - websockets.client - DEBUG - < TEXT '{"method":"DOM.attributeModified","params":{"no...":"91.51666666666667"}}' [111 bytes]
2025-12-01 16:30:54,364 - websockets.client - DEBUG - < TEXT '{"method":"DOM.inlineStyleInvalidated","params":{"nodeIds":[36193]}}' [68 bytes]
2025-12-01 16:30:54,369 - websockets.client - DEBUG - < TEXT '{"method":"DOM.attributeModified","params":{"no...":"91.61666666666667"}}' [111 bytes]
2025-12-01 16:30:54,369 - websockets.client - DEBUG - < TEXT '{"method":"DOM.inlineStyleInvalidated","params":{"nodeIds":[36193]}}' [68 bytes]
2025-12-01 16:30:54,375 - websockets.client - DEBUG - < TEXT '{"method":"DOM.attributeModified","params":{"no...":"91.71666666666667"}}' [111 bytes]
2025-12-01 16:30:54,375 - websockets.client - DEBUG - < TEXT '{"method":"DOM.inlineStyleInvalidated","params":{"nodeIds":[36193]}}' [68 bytes]
2025-12-01 16:30:54,382 - websockets.client - DEBUG - < TEXT '{"method":"DOM.attributeModified","params":{"no...":"91.81666666666666"}}' [111 bytes]
2025-12-01 16:30:54,382 - websockets.client - DEBUG - < TEXT '{"method":"DOM.inlineStyleInvalidated","params":{"nodeIds":[36193]}}' [68 bytes]
2025-12-01 16:30:54,388 - websockets.client - DEBUG - < TEXT '{"method":"DOM.attributeModified","params":{"no...":"91.91666666666667"}}' [111 bytes]
2025-12-01 16:30:54,388 - websockets.client - DEBUG - < TEXT '{"method":"DOM.inlineStyleInvalidated","params":{"nodeIds":[36193]}}' [68 bytes]
2025-12-01 16:30:54,394 - websockets.client - DEBUG - < TEXT '{"method":"DOM.attributeModified","params":{"no...":"92.01666666666667"}}' [111 bytes]
2025-12-01 16:30:54,394 - websockets.client - DEBUG - < TEXT '{"method":"DOM.inlineStyleInvalidated","params":{"nodeIds":[36193]}}' [68 bytes]
2025-12-01 16:30:54,400 - websockets.client - DEBUG - < TEXT '{"method":"DOM.attributeModified","params":{"no...":"92.11666666666667"}}' [111 bytes]
2025-12-01 16:30:54,400 - websockets.client - DEBUG - < TEXT '{"method":"DOM.inlineStyleInvalidated","params":{"nodeIds":[36193]}}' [68 bytes]
2025-12-01 16:30:54,406 - websockets.client - DEBUG - < TEXT '{"method":"DOM.attributeModified","params":{"no...":"92.21666666666667"}}' [111 bytes]
2025-12-01 16:30:54,407 - websockets.client - DEBUG - < TEXT '{"method":"DOM.inlineStyleInvalidated","params":{"nodeIds":[36193]}}' [68 bytes]
2025-12-01 16:30:54,412 - websockets.client - DEBUG - < TEXT '{"method":"DOM.attributeModified","params":{"no...":"92.31666666666666"}}' [111 bytes]
2025-12-01 16:30:54,412 - websockets.client - DEBUG - < TEXT '{"method":"DOM.inlineStyleInvalidated","params":{"nodeIds":[36193]}}' [68 bytes]
2025-12-01 16:30:54,418 - websockets.client - DEBUG - < TEXT '{"method":"DOM.attributeModified","params":{"no...":"92.41666666666667"}}' [111 bytes]
2025-12-01 16:30:54,419 - websockets.client - DEBUG - < TEXT '{"method":"DOM.inlineStyleInvalidated","params":{"nodeIds":[36193]}}' [68 bytes]
2025-12-01 16:30:54,424 - websockets.client - DEBUG - < TEXT '{"method":"DOM.attributeModified","params":{"no...":"92.51666666666667"}}' [111 bytes]
2025-12-01 16:30:54,425 - websockets.client - DEBUG - < TEXT '{"method":"DOM.inlineStyleInvalidated","params":{"nodeIds":[36193]}}' [68 bytes]
2025-12-01 16:30:54,431 - websockets.client - DEBUG - < TEXT '{"method":"DOM.attributeModified","params":{"no...":"92.63333333333334"}}' [111 bytes]
2025-12-01 16:30:54,431 - websockets.client - DEBUG - < TEXT '{"method":"DOM.inlineStyleInvalidated","params":{"nodeIds":[36193]}}' [68 bytes]
2025-12-01 16:30:54,436 - websockets.client - DEBUG - < TEXT '{"method":"DOM.attributeModified","params":{"no...":"92.73333333333333"}}' [111 bytes]
2025-12-01 16:30:54,436 - websockets.client - DEBUG - < TEXT '{"method":"DOM.inlineStyleInvalidated","params":{"nodeIds":[36193]}}' [68 bytes]
2025-12-01 16:30:54,443 - websockets.client - DEBUG - < TEXT '{"method":"DOM.attributeModified","params":{"no...":"92.83333333333333"}}' [111 bytes]
2025-12-01 16:30:54,443 - websockets.client - DEBUG - < TEXT '{"method":"DOM.inlineStyleInvalidated","params":{"nodeIds":[36193]}}' [68 bytes]
2025-12-01 16:30:54,449 - websockets.client - DEBUG - < TEXT '{"method":"DOM.attributeModified","params":{"no...":"92.93333333333334"}}' [111 bytes]
2025-12-01 16:30:54,449 - websockets.client - DEBUG - < TEXT '{"method":"DOM.inlineStyleInvalidated","params":{"nodeIds":[36193]}}' [68 bytes]
2025-12-01 16:30:54,455 - websockets.client - DEBUG - < TEXT '{"method":"DOM.attributeModified","params":{"no...":"93.03333333333333"}}' [111 bytes]
2025-12-01 16:30:54,456 - websockets.client - DEBUG - < TEXT '{"method":"DOM.inlineStyleInvalidated","params":{"nodeIds":[36193]}}' [68 bytes]
2025-12-01 16:30:54,461 - websockets.client - DEBUG - < TEXT '{"method":"DOM.attributeModified","params":{"no...":"93.13333333333334"}}' [111 bytes]
2025-12-01 16:30:54,461 - websockets.client - DEBUG - < TEXT '{"method":"DOM.inlineStyleInvalidated","params":{"nodeIds":[36193]}}' [68 bytes]
2025-12-01 16:30:54,467 - websockets.client - DEBUG - < TEXT '{"method":"DOM.attributeModified","params":{"no...":"93.23333333333333"}}' [111 bytes]
2025-12-01 16:30:54,467 - websockets.client - DEBUG - < TEXT '{"method":"DOM.inlineStyleInvalidated","params":{"nodeIds":[36193]}}' [68 bytes]
2025-12-01 16:30:54,473 - websockets.client - DEBUG - < TEXT '{"method":"DOM.attributeModified","params":{"no...":"93.33333333333333"}}' [111 bytes]
2025-12-01 16:30:54,473 - websockets.client - DEBUG - < TEXT '{"method":"DOM.inlineStyleInvalidated","params":{"nodeIds":[36193]}}' [68 bytes]
2025-12-01 16:30:54,479 - websockets.client - DEBUG - < TEXT '{"method":"DOM.attributeModified","params":{"no...":"93.43333333333334"}}' [111 bytes]
2025-12-01 16:30:54,479 - websockets.client - DEBUG - < TEXT '{"method":"DOM.inlineStyleInvalidated","params":{"nodeIds":[36193]}}' [68 bytes]
2025-12-01 16:30:54,486 - websockets.client - DEBUG - < TEXT '{"method":"DOM.attributeModified","params":{"no...":"93.53333333333333"}}' [111 bytes]
2025-12-01 16:30:54,486 - websockets.client - DEBUG - < TEXT '{"method":"DOM.inlineStyleInvalidated","params":{"nodeIds":[36193]}}' [68 bytes]
2025-12-01 16:30:54,491 - websockets.client - DEBUG - < TEXT '{"method":"DOM.attributeModified","params":{"no...enow","value":"93.65"}}' [99 bytes]
2025-12-01 16:30:54,492 - websockets.client - DEBUG - < TEXT '{"method":"DOM.inlineStyleInvalidated","params":{"nodeIds":[36193]}}' [68 bytes]
2025-12-01 16:30:54,497 - websockets.client - DEBUG - < TEXT '{"method":"DOM.attributeModified","params":{"no...enow","value":"93.75"}}' [99 bytes]
2025-12-01 16:30:54,497 - websockets.client - DEBUG - < TEXT '{"method":"DOM.inlineStyleInvalidated","params":{"nodeIds":[36193]}}' [68 bytes]
2025-12-01 16:30:54,504 - websockets.client - DEBUG - < TEXT '{"method":"DOM.attributeModified","params":{"no...enow","value":"93.85"}}' [99 bytes]
2025-12-01 16:30:54,504 - websockets.client - DEBUG - < TEXT '{"method":"DOM.inlineStyleInvalidated","params":{"nodeIds":[36193]}}' [68 bytes]
2025-12-01 16:30:54,510 - websockets.client - DEBUG - < TEXT '{"method":"DOM.attributeModified","params":{"no...enow","value":"93.95"}}' [99 bytes]
2025-12-01 16:30:54,510 - websockets.client - DEBUG - < TEXT '{"method":"DOM.inlineStyleInvalidated","params":{"nodeIds":[36193]}}' [68 bytes]
2025-12-01 16:30:54,515 - websockets.client - DEBUG - < TEXT '{"method":"DOM.attributeModified","params":{"no...enow","value":"94.05"}}' [99 bytes]
2025-12-01 16:30:54,516 - websockets.client - DEBUG - < TEXT '{"method":"DOM.inlineStyleInvalidated","params":{"nodeIds":[36193]}}' [68 bytes]
2025-12-01 16:30:54,521 - websockets.client - DEBUG - < TEXT '{"method":"DOM.attributeModified","params":{"no...enow","value":"94.15"}}' [99 bytes]
2025-12-01 16:30:54,522 - websockets.client - DEBUG - < TEXT '{"method":"DOM.inlineStyleInvalidated","params":{"nodeIds":[36193]}}' [68 bytes]
2025-12-01 16:30:54,528 - websockets.client - DEBUG - < TEXT '{"method":"DOM.attributeModified","params":{"no...enow","value":"94.25"}}' [99 bytes]
2025-12-01 16:30:54,528 - websockets.client - DEBUG - < TEXT '{"method":"DOM.inlineStyleInvalidated","params":{"nodeIds":[36193]}}' [68 bytes]
2025-12-01 16:30:54,535 - websockets.client - DEBUG - < TEXT '{"method":"DOM.attributeModified","params":{"no...enow","value":"94.35"}}' [99 bytes]
2025-12-01 16:30:54,535 - websockets.client - DEBUG - < TEXT '{"method":"DOM.inlineStyleInvalidated","params":{"nodeIds":[36193]}}' [68 bytes]
2025-12-01 16:30:54,541 - websockets.client - DEBUG - < TEXT '{"method":"DOM.attributeModified","params":{"no...enow","value":"94.45"}}' [99 bytes]
2025-12-01 16:30:54,541 - websockets.client - DEBUG - < TEXT '{"method":"DOM.inlineStyleInvalidated","params":{"nodeIds":[36193]}}' [68 bytes]
2025-12-01 16:30:54,547 - websockets.client - DEBUG - < TEXT '{"method":"DOM.attributeModified","params":{"no...enow","value":"94.55"}}' [99 bytes]
2025-12-01 16:30:54,547 - websockets.client - DEBUG - < TEXT '{"method":"DOM.inlineStyleInvalidated","params":{"nodeIds":[36193]}}' [68 bytes]
2025-12-01 16:30:54,552 - websockets.client - DEBUG - < TEXT '{"method":"DOM.attributeModified","params":{"no...":"94.66666666666667"}}' [111 bytes]
2025-12-01 16:30:54,553 - websockets.client - DEBUG - < TEXT '{"method":"DOM.inlineStyleInvalidated","params":{"nodeIds":[36193]}}' [68 bytes]
2025-12-01 16:30:54,558 - websockets.client - DEBUG - < TEXT '{"method":"DOM.attributeModified","params":{"no...":"94.76666666666667"}}' [111 bytes]
2025-12-01 16:30:54,558 - websockets.client - DEBUG - < TEXT '{"method":"DOM.inlineStyleInvalidated","params":{"nodeIds":[36193]}}' [68 bytes]
2025-12-01 16:30:54,565 - websockets.client - DEBUG - < TEXT '{"method":"DOM.attributeModified","params":{"no...":"94.86666666666666"}}' [111 bytes]
2025-12-01 16:30:54,565 - websockets.client - DEBUG - < TEXT '{"method":"DOM.inlineStyleInvalidated","params":{"nodeIds":[36193]}}' [68 bytes]
2025-12-01 16:30:54,571 - websockets.client - DEBUG - < TEXT '{"method":"DOM.attributeModified","params":{"no...":"94.96666666666667"}}' [111 bytes]
2025-12-01 16:30:54,571 - websockets.client - DEBUG - < TEXT '{"method":"DOM.inlineStyleInvalidated","params":{"nodeIds":[36193]}}' [68 bytes]
2025-12-01 16:30:54,577 - websockets.client - DEBUG - < TEXT '{"method":"DOM.attributeModified","params":{"no...":"95.06666666666666"}}' [111 bytes]
2025-12-01 16:30:54,577 - websockets.client - DEBUG - < TEXT '{"method":"DOM.inlineStyleInvalidated","params":{"nodeIds":[36193]}}' [68 bytes]
2025-12-01 16:30:54,583 - websockets.client - DEBUG - < TEXT '{"method":"DOM.attributeModified","params":{"no...":"95.16666666666667"}}' [111 bytes]
2025-12-01 16:30:54,583 - websockets.client - DEBUG - < TEXT '{"method":"DOM.inlineStyleInvalidated","params":{"nodeIds":[36193]}}' [68 bytes]
2025-12-01 16:30:54,589 - websockets.client - DEBUG - < TEXT '{"method":"DOM.attributeModified","params":{"no...":"95.26666666666667"}}' [111 bytes]
2025-12-01 16:30:54,589 - websockets.client - DEBUG - < TEXT '{"method":"DOM.inlineStyleInvalidated","params":{"nodeIds":[36193]}}' [68 bytes]
2025-12-01 16:30:54,595 - websockets.client - DEBUG - < TEXT '{"method":"DOM.attributeModified","params":{"no...":"95.36666666666666"}}' [111 bytes]
2025-12-01 16:30:54,596 - websockets.client - DEBUG - < TEXT '{"method":"DOM.inlineStyleInvalidated","params":{"nodeIds":[36193]}}' [68 bytes]
2025-12-01 16:30:54,602 - websockets.client - DEBUG - < TEXT '{"method":"DOM.attributeModified","params":{"no...":"95.46666666666667"}}' [111 bytes]
2025-12-01 16:30:54,602 - websockets.client - DEBUG - < TEXT '{"method":"DOM.inlineStyleInvalidated","params":{"nodeIds":[36193]}}' [68 bytes]
2025-12-01 16:30:54,609 - websockets.client - DEBUG - < TEXT '{"method":"DOM.attributeModified","params":{"no...":"95.56666666666666"}}' [111 bytes]
2025-12-01 16:30:54,609 - websockets.client - DEBUG - < TEXT '{"method":"DOM.inlineStyleInvalidated","params":{"nodeIds":[36193]}}' [68 bytes]
2025-12-01 16:30:54,614 - websockets.client - DEBUG - < TEXT '{"method":"DOM.attributeModified","params":{"no...":"95.68333333333334"}}' [111 bytes]
2025-12-01 16:30:54,614 - websockets.client - DEBUG - < TEXT '{"method":"DOM.inlineStyleInvalidated","params":{"nodeIds":[36193]}}' [68 bytes]
2025-12-01 16:30:54,624 - websockets.client - DEBUG - < TEXT '{"method":"DOM.attributeModified","params":{"no...":"95.78333333333333"}}' [111 bytes]
2025-12-01 16:30:54,624 - websockets.client - DEBUG - < TEXT '{"method":"DOM.inlineStyleInvalidated","params":{"nodeIds":[36193]}}' [68 bytes]
2025-12-01 16:30:54,627 - websockets.client - DEBUG - < TEXT '{"method":"DOM.attributeModified","params":{"no...":"95.88333333333333"}}' [111 bytes]
2025-12-01 16:30:54,628 - websockets.client - DEBUG - < TEXT '{"method":"DOM.inlineStyleInvalidated","params":{"nodeIds":[36193]}}' [68 bytes]
2025-12-01 16:30:54,628 - root - INFO - https://www.cian.ru/sale/flat/320158373/ Уже есть в БД
2025-12-01 16:30:54,632 - websockets.client - DEBUG - < TEXT '{"method":"DOM.attributeModified","params":{"no...":"95.98333333333333"}}' [111 bytes]
2025-12-01 16:30:54,632 - websockets.client - DEBUG - < TEXT '{"method":"DOM.inlineStyleInvalidated","params":{"nodeIds":[36193]}}' [68 bytes]
2025-12-01 16:30:54,638 - websockets.client - DEBUG - < TEXT '{"method":"DOM.attributeModified","params":{"no...":"96.08333333333333"}}' [111 bytes]
2025-12-01 16:30:54,638 - websockets.client - DEBUG - < TEXT '{"method":"DOM.inlineStyleInvalidated","params":{"nodeIds":[36193]}}' [68 bytes]
2025-12-01 16:30:54,644 - websockets.client - DEBUG - < TEXT '{"method":"DOM.attributeModified","params":{"no...":"96.18333333333334"}}' [111 bytes]
2025-12-01 16:30:54,645 - websockets.client - DEBUG - < TEXT '{"method":"DOM.inlineStyleInvalidated","params":{"nodeIds":[36193]}}' [68 bytes]
2025-12-01 16:30:54,650 - websockets.client - DEBUG - < TEXT '{"method":"DOM.attributeModified","params":{"no...":"96.28333333333333"}}' [111 bytes]
2025-12-01 16:30:54,650 - websockets.client - DEBUG - < TEXT '{"method":"DOM.inlineStyleInvalidated","params":{"nodeIds":[36193]}}' [68 bytes]
2025-12-01 16:30:54,656 - websockets.client - DEBUG - < TEXT '{"method":"DOM.attributeModified","params":{"no...":"96.38333333333333"}}' [111 bytes]
2025-12-01 16:30:54,656 - websockets.client - DEBUG - < TEXT '{"method":"DOM.inlineStyleInvalidated","params":{"nodeIds":[36193]}}' [68 bytes]
2025-12-01 16:30:54,662 - websockets.client - DEBUG - < TEXT '{"method":"DOM.attributeModified","params":{"no...":"96.48333333333333"}}' [111 bytes]
2025-12-01 16:30:54,663 - websockets.client - DEBUG - < TEXT '{"method":"DOM.inlineStyleInvalidated","params":{"nodeIds":[36193]}}' [68 bytes]
2025-12-01 16:30:54,668 - websockets.client - DEBUG - < TEXT '{"method":"DOM.attributeModified","params":{"no...":"96.58333333333333"}}' [111 bytes]
2025-12-01 16:30:54,669 - websockets.client - DEBUG - < TEXT '{"method":"DOM.inlineStyleInvalidated","params":{"nodeIds":[36193]}}' [68 bytes]
2025-12-01 16:30:54,674 - websockets.client - DEBUG - < TEXT '{"method":"DOM.attributeModified","params":{"no...":"96.68333333333334"}}' [111 bytes]
2025-12-01 16:30:54,675 - websockets.client - DEBUG - < TEXT '{"method":"DOM.inlineStyleInvalidated","params":{"nodeIds":[36193]}}' [68 bytes]
2025-12-01 16:30:54,681 - websockets.client - DEBUG - < TEXT '{"method":"DOM.attributeModified","params":{"no...uenow","value":"96.8"}}' [98 bytes]
2025-12-01 16:30:54,681 - websockets.client - DEBUG - < TEXT '{"method":"DOM.inlineStyleInvalidated","params":{"nodeIds":[36193]}}' [68 bytes]
2025-12-01 16:30:54,686 - websockets.client - DEBUG - < TEXT '{"method":"DOM.attributeModified","params":{"no...":"96.89999999999999"}}' [111 bytes]
2025-12-01 16:30:54,686 - websockets.client - DEBUG - < TEXT '{"method":"DOM.inlineStyleInvalidated","params":{"nodeIds":[36193]}}' [68 bytes]
2025-12-01 16:30:54,692 - websockets.client - DEBUG - < TEXT '{"method":"DOM.attributeModified","params":{"no...aluenow","value":"97"}}' [96 bytes]
2025-12-01 16:30:54,692 - websockets.client - DEBUG - < TEXT '{"method":"DOM.inlineStyleInvalidated","params":{"nodeIds":[36193]}}' [68 bytes]
2025-12-01 16:30:54,699 - websockets.client - DEBUG - < TEXT '{"method":"DOM.attributeModified","params":{"no...uenow","value":"97.1"}}' [98 bytes]
2025-12-01 16:30:54,700 - websockets.client - DEBUG - < TEXT '{"method":"DOM.inlineStyleInvalidated","params":{"nodeIds":[36193]}}' [68 bytes]
2025-12-01 16:30:54,705 - websockets.client - DEBUG - < TEXT '{"method":"DOM.attributeModified","params":{"no...uenow","value":"97.2"}}' [98 bytes]
2025-12-01 16:30:54,705 - websockets.client - DEBUG - < TEXT '{"method":"DOM.inlineStyleInvalidated","params":{"nodeIds":[36193]}}' [68 bytes]
2025-12-01 16:30:54,711 - websockets.client - DEBUG - < TEXT '{"method":"DOM.attributeModified","params":{"no...uenow","value":"97.3"}}' [98 bytes]
2025-12-01 16:30:54,711 - websockets.client - DEBUG - < TEXT '{"method":"DOM.inlineStyleInvalidated","params":{"nodeIds":[36193]}}' [68 bytes]
2025-12-01 16:30:54,717 - websockets.client - DEBUG - < TEXT '{"method":"DOM.attributeModified","params":{"no...":"97.39999999999999"}}' [111 bytes]
2025-12-01 16:30:54,717 - websockets.client - DEBUG - < TEXT '{"method":"DOM.inlineStyleInvalidated","params":{"nodeIds":[36193]}}' [68 bytes]
2025-12-01 16:30:54,723 - websockets.client - DEBUG - < TEXT '{"method":"DOM.attributeModified","params":{"no...uenow","value":"97.5"}}' [98 bytes]
2025-12-01 16:30:54,723 - websockets.client - DEBUG - < TEXT '{"method":"DOM.inlineStyleInvalidated","params":{"nodeIds":[36193]}}' [68 bytes]
2025-12-01 16:30:54,730 - websockets.client - DEBUG - < TEXT '{"method":"DOM.attributeModified","params":{"no...":"97.61666666666666"}}' [111 bytes]
2025-12-01 16:30:54,730 - websockets.client - DEBUG - < TEXT '{"method":"DOM.inlineStyleInvalidated","params":{"nodeIds":[36193]}}' [68 bytes]
2025-12-01 16:30:54,735 - websockets.client - DEBUG - < TEXT '{"method":"DOM.attributeModified","params":{"no...uenow","value":"97.7"}}' [98 bytes]
2025-12-01 16:30:54,736 - websockets.client - DEBUG - < TEXT '{"method":"DOM.inlineStyleInvalidated","params":{"nodeIds":[36193]}}' [68 bytes]
2025-12-01 16:30:54,742 - websockets.client - DEBUG - < TEXT '{"method":"DOM.attributeModified","params":{"no...":"97.81666666666666"}}' [111 bytes]
2025-12-01 16:30:54,742 - websockets.client - DEBUG - < TEXT '{"method":"DOM.inlineStyleInvalidated","params":{"nodeIds":[36193]}}' [68 bytes]
2025-12-01 16:30:54,748 - websockets.client - DEBUG - < TEXT '{"method":"DOM.attributeModified","params":{"no...":"97.91666666666666"}}' [111 bytes]
2025-12-01 16:30:54,748 - websockets.client - DEBUG - < TEXT '{"method":"DOM.inlineStyleInvalidated","params":{"nodeIds":[36193]}}' [68 bytes]
2025-12-01 16:30:54,754 - websockets.client - DEBUG - < TEXT '{"method":"DOM.attributeModified","params":{"no...":"98.01666666666667"}}' [111 bytes]
2025-12-01 16:30:54,754 - websockets.client - DEBUG - < TEXT '{"method":"DOM.inlineStyleInvalidated","params":{"nodeIds":[36193]}}' [68 bytes]
2025-12-01 16:30:54,760 - websockets.client - DEBUG - < TEXT '{"method":"DOM.attributeModified","params":{"no...":"98.11666666666666"}}' [111 bytes]
2025-12-01 16:30:54,760 - websockets.client - DEBUG - < TEXT '{"method":"DOM.inlineStyleInvalidated","params":{"nodeIds":[36193]}}' [68 bytes]
2025-12-01 16:30:54,766 - websockets.client - DEBUG - < TEXT '{"method":"DOM.attributeModified","params":{"no...":"98.21666666666667"}}' [111 bytes]
2025-12-01 16:30:54,766 - websockets.client - DEBUG - < TEXT '{"method":"DOM.inlineStyleInvalidated","params":{"nodeIds":[36193]}}' [68 bytes]
2025-12-01 16:30:54,772 - websockets.client - DEBUG - < TEXT '{"method":"DOM.attributeModified","params":{"no...":"98.31666666666666"}}' [111 bytes]
2025-12-01 16:30:54,772 - websockets.client - DEBUG - < TEXT '{"method":"DOM.inlineStyleInvalidated","params":{"nodeIds":[36193]}}' [68 bytes]
2025-12-01 16:30:54,778 - websockets.client - DEBUG - < TEXT '{"method":"DOM.attributeModified","params":{"no...":"98.41666666666666"}}' [111 bytes]
2025-12-01 16:30:54,779 - websockets.client - DEBUG - < TEXT '{"method":"DOM.inlineStyleInvalidated","params":{"nodeIds":[36193]}}' [68 bytes]
2025-12-01 16:30:54,783 - websockets.client - DEBUG - < TEXT '{"method":"DOM.attributeModified","params":{"no...":"98.51666666666667"}}' [111 bytes]
2025-12-01 16:30:54,783 - websockets.client - DEBUG - < TEXT '{"method":"DOM.inlineStyleInvalidated","params":{"nodeIds":[36193]}}' [68 bytes]
2025-12-01 16:30:54,790 - websockets.client - DEBUG - < TEXT '{"method":"DOM.attributeModified","params":{"no...":"98.61666666666666"}}' [111 bytes]
2025-12-01 16:30:54,790 - websockets.client - DEBUG - < TEXT '{"method":"DOM.inlineStyleInvalidated","params":{"nodeIds":[36193]}}' [68 bytes]
2025-12-01 16:30:54,796 - websockets.client - DEBUG - < TEXT '{"method":"DOM.attributeModified","params":{"no...":"98.71666666666667"}}' [111 bytes]
2025-12-01 16:30:54,796 - websockets.client - DEBUG - < TEXT '{"method":"DOM.inlineStyleInvalidated","params":{"nodeIds":[36193]}}' [68 bytes]
2025-12-01 16:30:54,802 - websockets.client - DEBUG - < TEXT '{"method":"DOM.attributeModified","params":{"no...":"98.83333333333333"}}' [111 bytes]
2025-12-01 16:30:54,803 - websockets.client - DEBUG - < TEXT '{"method":"DOM.inlineStyleInvalidated","params":{"nodeIds":[36193]}}' [68 bytes]
2025-12-01 16:30:54,809 - websockets.client - DEBUG - < TEXT '{"method":"DOM.attributeModified","params":{"no...":"98.93333333333332"}}' [111 bytes]
2025-12-01 16:30:54,809 - websockets.client - DEBUG - < TEXT '{"method":"DOM.inlineStyleInvalidated","params":{"nodeIds":[36193]}}' [68 bytes]
2025-12-01 16:30:54,815 - websockets.client - DEBUG - < TEXT '{"method":"DOM.attributeModified","params":{"no...":"99.03333333333333"}}' [111 bytes]
2025-12-01 16:30:54,815 - websockets.client - DEBUG - < TEXT '{"method":"DOM.inlineStyleInvalidated","params":{"nodeIds":[36193]}}' [68 bytes]
2025-12-01 16:30:54,821 - websockets.client - DEBUG - < TEXT '{"method":"DOM.attributeModified","params":{"no...":"99.13333333333333"}}' [111 bytes]
2025-12-01 16:30:54,821 - websockets.client - DEBUG - < TEXT '{"method":"DOM.inlineStyleInvalidated","params":{"nodeIds":[36193]}}' [68 bytes]
2025-12-01 16:30:54,826 - websockets.client - DEBUG - < TEXT '{"method":"DOM.attributeModified","params":{"no...":"99.23333333333333"}}' [111 bytes]
2025-12-01 16:30:54,827 - websockets.client - DEBUG - < TEXT '{"method":"DOM.inlineStyleInvalidated","params":{"nodeIds":[36193]}}' [68 bytes]
2025-12-01 16:30:54,833 - websockets.client - DEBUG - < TEXT '{"method":"DOM.attributeModified","params":{"no...":"99.33333333333333"}}' [111 bytes]
2025-12-01 16:30:54,833 - websockets.client - DEBUG - < TEXT '{"method":"DOM.inlineStyleInvalidated","params":{"nodeIds":[36193]}}' [68 bytes]
2025-12-01 16:30:54,839 - websockets.client - DEBUG - < TEXT '{"method":"DOM.attributeModified","params":{"no...":"99.43333333333332"}}' [111 bytes]
2025-12-01 16:30:54,840 - websockets.client - DEBUG - < TEXT '{"method":"DOM.inlineStyleInvalidated","params":{"nodeIds":[36193]}}' [68 bytes]
2025-12-01 16:30:54,845 - websockets.client - DEBUG - < TEXT '{"method":"DOM.attributeModified","params":{"no...":"99.53333333333333"}}' [111 bytes]
2025-12-01 16:30:54,845 - websockets.client - DEBUG - < TEXT '{"method":"DOM.inlineStyleInvalidated","params":{"nodeIds":[36193]}}' [68 bytes]
2025-12-01 16:30:54,851 - websockets.client - DEBUG - < TEXT '{"method":"DOM.attributeModified","params":{"no...":"99.63333333333333"}}' [111 bytes]
2025-12-01 16:30:54,851 - websockets.client - DEBUG - < TEXT '{"method":"DOM.inlineStyleInvalidated","params":{"nodeIds":[36193]}}' [68 bytes]
2025-12-01 16:30:54,857 - websockets.client - DEBUG - < TEXT '{"method":"DOM.attributeModified","params":{"no...":"99.73333333333333"}}' [111 bytes]
2025-12-01 16:30:54,858 - websockets.client - DEBUG - < TEXT '{"method":"DOM.inlineStyleInvalidated","params":{"nodeIds":[36193]}}' [68 bytes]
2025-12-01 16:30:54,864 - websockets.client - DEBUG - < TEXT '{"method":"DOM.attributeModified","params":{"no...":"99.85000000000001"}}' [111 bytes]
2025-12-01 16:30:54,864 - websockets.client - DEBUG - < TEXT '{"method":"DOM.inlineStyleInvalidated","params":{"nodeIds":[36193]}}' [68 bytes]
2025-12-01 16:30:54,870 - websockets.client - DEBUG - < TEXT '{"method":"DOM.attributeModified","params":{"no...enow","value":"99.95"}}' [99 bytes]
2025-12-01 16:30:54,870 - websockets.client - DEBUG - < TEXT '{"method":"DOM.inlineStyleInvalidated","params":{"nodeIds":[36193]}}' [68 bytes]
2025-12-01 16:30:54,876 - websockets.client - DEBUG - < TEXT '{"method":"DOM.attributeModified","params":{"no...luenow","value":"100"}}' [97 bytes]
2025-12-01 16:30:54,876 - websockets.client - DEBUG - < TEXT '{"method":"DOM.inlineStyleInvalidated","params":{"nodeIds":[36193]}}' [68 bytes]
2025-12-01 16:30:54,886 - root - INFO - https://www.cian.ru/sale/flat/323033028/ Уже есть в БД
2025-12-01 16:30:55,189 - websockets.client - DEBUG - < TEXT '{"method":"DOM.attributeModified","params":{"no...3b--_51e1a--fade-out"}}' [170 bytes]
2025-12-01 16:30:55,332 - root - INFO - https://www.cian.ru/sale/flat/324518148/ Уже есть в БД
2025-12-01 16:30:55,496 - websockets.client - DEBUG - < TEXT '{"method":"DOM.childNodeRemoved","params":{"par...:36178,"nodeId":36179}}' [80 bytes]
2025-12-01 16:30:55,687 - root - INFO - https://www.cian.ru/sale/flat/323385284/ Уже есть в БД
2025-12-01 16:30:56,121 - root - INFO - https://www.cian.ru/sale/flat/318681159/ Уже есть в БД
2025-12-01 16:30:56,449 - root - INFO - https://www.cian.ru/sale/flat/322343655/ Уже есть в БД
2025-12-01 16:30:56,634 - root - INFO - https://www.cian.ru/sale/flat/300440945/ Уже есть в БД
2025-12-01 16:30:57,153 - root - INFO - https://www.cian.ru/sale/flat/324473710/ Уже есть в БД
2025-12-01 16:30:57,696 - root - INFO - https://www.cian.ru/sale/flat/321932133/ Уже есть в БД
2025-12-01 16:30:57,930 - root - INFO - https://www.cian.ru/sale/flat/324110815/ Уже есть в БД
2025-12-01 16:30:58,259 - root - INFO - https://www.cian.ru/sale/flat/322153669/ Уже есть в БД
2025-12-01 16:30:58,736 - root - INFO - https://www.cian.ru/sale/flat/324510267/ Уже есть в БД
2025-12-01 16:30:59,250 - websockets.client - DEBUG - > TEXT '{"method": "Target.createTarget", "params": {"u...dow": false}, "id": 22}' [159 bytes]
2025-12-01 16:30:59,257 - websockets.client - DEBUG - < TEXT '{"method":"Target.targetCreated","params":{"tar...06616A81A98E406E5A9"}}}' [274 bytes]
2025-12-01 16:30:59,258 - zendriver.core.browser - DEBUG - target #9 created => <Tab [C00B60109929596B0429C085152A9C7C] [page] [url: https://www.cian.ru/sale/flat/324460367/]>
2025-12-01 16:30:59,268 - websockets.client - DEBUG - < TEXT '{"id":22,"result":{"targetId":"C00B60109929596B0429C085152A9C7C"}}' [66 bytes]
2025-12-01 16:30:59,269 - uc.connection - DEBUG - got answer for <Transaction
	method: Target.createTarget
	status: pending
	success: True> (message_id:22)
2025-12-01 16:30:59,668 - root - INFO - https://www.cian.ru/sale/flat/324238740/ Уже есть в БД
2025-12-01 16:30:59,695 - websockets.client - DEBUG - < TEXT '{"method":"Target.targetInfoChanged","params":{...06616A81A98E406E5A9"}}}' [306 bytes]
2025-12-01 16:30:59,696 - zendriver.core.browser - DEBUG - target #8 has changed: 
title:  => cian.ru/sale/flat/324460367/

2025-12-01 16:30:59,697 - websockets.client - DEBUG - = connection is CONNECTING
2025-12-01 16:30:59,697 - websockets.client - DEBUG - > GET /devtools/page/C00B60109929596B0429C085152A9C7C HTTP/1.1
2025-12-01 16:30:59,697 - websockets.client - DEBUG - > Host: 127.0.0.1:49698
2025-12-01 16:30:59,699 - websockets.client - DEBUG - > Upgrade: websocket
2025-12-01 16:30:59,699 - websockets.client - DEBUG - > Connection: Upgrade
2025-12-01 16:30:59,699 - websockets.client - DEBUG - > Sec-WebSocket-Key: 3OozVCjxaP5UGxwxX/ermg==
2025-12-01 16:30:59,699 - websockets.client - DEBUG - > Sec-WebSocket-Version: 13
2025-12-01 16:30:59,699 - websockets.client - DEBUG - > Sec-WebSocket-Extensions: permessage-deflate; client_max_window_bits
2025-12-01 16:30:59,699 - websockets.client - DEBUG - > User-Agent: Python/3.12 websockets/15.0.1
2025-12-01 16:30:59,700 - websockets.client - DEBUG - < TEXT '{"method":"Target.targetInfoChanged","params":{...06616A81A98E406E5A9"}}}' [938 bytes]
2025-12-01 16:30:59,701 - websockets.client - DEBUG - < HTTP/1.1 101 WebSocket Protocol Handshake
2025-12-01 16:30:59,702 - websockets.client - DEBUG - < Upgrade: WebSocket
2025-12-01 16:30:59,702 - websockets.client - DEBUG - < Connection: Upgrade
2025-12-01 16:30:59,702 - websockets.client - DEBUG - < Sec-WebSocket-Accept: y3/6jx10bNNdSylrZP2uvN++GB8=
2025-12-01 16:30:59,702 - websockets.client - DEBUG - < Sec-WebSocket-Extensions: permessage-deflate; client_max_window_bits=15
2025-12-01 16:30:59,702 - websockets.client - DEBUG - = connection is OPEN
2025-12-01 16:30:59,703 - zendriver.core.browser - DEBUG - target #8 has changed: 
title: cian.ru/sale/flat/324460367/ => Продаю однокомнатную квартиру 37.6м\xb2 ул. Никитина, 14к1, Москва, НАО (Новомосковский), Московский м. Рассказовка - база ЦИАН, объявление 324460367

attached: False => True

2025-12-01 16:30:59,704 - websockets.client - DEBUG - > TEXT '{"method": "Runtime.evaluate", "params": {"expr...ByCSP": true}, "id": 0}' [192 bytes]
2025-12-01 16:30:59,706 - websockets.client - DEBUG - < TEXT '{"id":0,"result":{"result":{"type":"string","value":"loading"}}}' [64 bytes]
2025-12-01 16:30:59,706 - uc.connection - DEBUG - got answer for <Transaction
	method: Runtime.evaluate
	status: pending
	success: True> (message_id:0)
2025-12-01 16:30:59,803 - websockets.client - DEBUG - > TEXT '{"method": "Runtime.evaluate", "params": {"expr...ByCSP": true}, "id": 0}' [192 bytes]
2025-12-01 16:30:59,875 - websockets.client - DEBUG - < TEXT '{"id":0,"result":{"result":{"type":"string","value":"loading"}}}' [64 bytes]
2025-12-01 16:30:59,875 - uc.connection - DEBUG - got answer for <Transaction
	method: Runtime.evaluate
	status: pending
	success: True> (message_id:0)
2025-12-01 16:30:59,895 - root - INFO - https://www.cian.ru/sale/flat/322696698/ Уже есть в БД
2025-12-01 16:30:59,971 - websockets.client - DEBUG - > TEXT '{"method": "Runtime.evaluate", "params": {"expr...ByCSP": true}, "id": 0}' [192 bytes]
2025-12-01 16:31:00,022 - root - INFO - https://www.cian.ru/sale/flat/323616630/ Уже есть в БД
2025-12-01 16:31:00,156 - websockets.client - DEBUG - < TEXT '{"id":0,"result":{"result":{"type":"string","value":"interactive"}}}' [68 bytes]
2025-12-01 16:31:00,157 - uc.connection - DEBUG - got answer for <Transaction
	method: Runtime.evaluate
	status: pending
	success: True> (message_id:0)
2025-12-01 16:31:00,157 - websockets.client - DEBUG - > TEXT '{"method": "DOM.getDocument", "params": {"depth...ierce": true}, "id": 0}' [79 bytes]
2025-12-01 16:31:00,177 - websockets.client - DEBUG - < TEXT '{"id":0,"result":{"root":{"nodeId":1,"backendNo...,"isScrollable":true}}}' [521170 bytes]
2025-12-01 16:31:00,183 - websockets.client - DEBUG - < TEXT '{"method":"DOM.childNodeInserted","params":{"pa.../sopr-experiments/"]}}}' [688 bytes]
2025-12-01 16:31:00,189 - uc.connection - DEBUG - got answer for <Transaction
	method: DOM.getDocument
	status: pending
	success: True> (message_id:0)
2025-12-01 16:31:00,200 - websockets.client - DEBUG - > TEXT '{"method": "DOM.performSearch", "params": {"que...owDOM": true}, "id": 1}' [124 bytes]
2025-12-01 16:31:00,201 - websockets.client - DEBUG - < TEXT '{"method":"DOM.childNodeInserted","params":{"pa...-_690cc--container"]}}}' [295 bytes]
2025-12-01 16:31:00,201 - websockets.client - DEBUG - < TEXT '{"method":"DOM.childNodeInserted","params":{"pa...b7--f0c202--button"]}}}' [296 bytes]
2025-12-01 16:31:00,201 - websockets.client - DEBUG - < TEXT '{"method":"DOM.childNodeInserted","params":{"pa...b7--_10963--status"]}}}' [297 bytes]
2025-12-01 16:31:00,201 - websockets.client - DEBUG - < TEXT '{"method":"DOM.childNodeRemoved","params":{"par...eId":319,"nodeId":937}}' [76 bytes]
2025-12-01 16:31:00,202 - websockets.client - DEBUG - < TEXT '{"method":"DOM.childNodeInserted","params":{"pa...7--b482a6--section"]}}}' [300 bytes]
2025-12-01 16:31:00,209 - websockets.client - DEBUG - < TEXT '{"method":"DOM.childNodeRemoved","params":{"par...d":1483,"nodeId":1504}}' [78 bytes]
2025-12-01 16:31:00,210 - websockets.client - DEBUG - < TEXT '{"method":"DOM.childNodeRemoved","params":{"par...d":1483,"nodeId":1502}}' [78 bytes]
2025-12-01 16:31:00,210 - websockets.client - DEBUG - < TEXT '{"method":"DOM.childNodeRemoved","params":{"par...d":1483,"nodeId":1498}}' [78 bytes]
2025-12-01 16:31:00,210 - websockets.client - DEBUG - < TEXT '{"method":"DOM.childNodeRemoved","params":{"par...d":1483,"nodeId":1496}}' [78 bytes]
2025-12-01 16:31:00,211 - websockets.client - DEBUG - < TEXT '{"method":"DOM.childNodeRemoved","params":{"par...d":1483,"nodeId":1492}}' [78 bytes]
2025-12-01 16:31:00,211 - websockets.client - DEBUG - < TEXT '{"method":"DOM.childNodeRemoved","params":{"par...d":1483,"nodeId":1485}}' [78 bytes]
2025-12-01 16:31:00,212 - websockets.client - DEBUG - < TEXT '{"id":1,"result":{"searchId":"18376.0","resultCount":1}}' [56 bytes]
2025-12-01 16:31:00,212 - uc.connection - DEBUG - got answer for <Transaction
	method: DOM.performSearch
	status: pending
	success: True> (message_id:1)
2025-12-01 16:31:00,212 - websockets.client - DEBUG - > TEXT '{"method": "DOM.getSearchResults", "params": {"...toIndex": 1}, "id": 13}' [109 bytes]
2025-12-01 16:31:00,224 - websockets.client - DEBUG - < TEXT '{"method":"Target.targetCreated","params":{"tar...06616A81A98E406E5A9"}}}' [287 bytes]
2025-12-01 16:31:00,225 - zendriver.core.browser - DEBUG - target #10 created => <Tab [F3EB5FA02F0F1D0F25C035CB7DBDF8C7] [iframe] >
2025-12-01 16:31:00,229 - websockets.client - DEBUG - < TEXT '{"method":"Target.targetInfoChanged","params":{...06616A81A98E406E5A9"}}}' [473 bytes]
2025-12-01 16:31:00,229 - zendriver.core.browser - DEBUG - target #9 has changed: 
title:  => https://static.cdn-cian.ru/frontend/audience-assets/static/visitedOffers/visitedOffers.html

url:  => https://static.cdn-cian.ru/frontend/audience-assets/static/visitedOffers/visitedOffers.html

2025-12-01 16:31:00,243 - websockets.client - DEBUG - < TEXT '{"id":13,"result":{"nodeIds":[1411]}}' [37 bytes]
2025-12-01 16:31:00,244 - uc.connection - DEBUG - got answer for <Transaction
	method: DOM.getSearchResults
	status: pending
	success: True> (message_id:13)
2025-12-01 16:31:00,244 - websockets.client - DEBUG - > TEXT '{"method": "DOM.discardSearchResults", "params"...: "18376.0"}, "id": 14}' [83 bytes]
2025-12-01 16:31:00,286 - websockets.client - DEBUG - < TEXT '{"method":"DOM.childNodeInserted","params":{"pa...EL&cx=c&gtm=4e5bi1"]}}}' [345 bytes]
2025-12-01 16:31:00,286 - websockets.client - DEBUG - < TEXT '{"method":"DOM.childNodeInserted","params":{"pa...id","","charset",""]}}}' [587 bytes]
2025-12-01 16:31:00,296 - websockets.client - DEBUG - < TEXT '{"method":"DOM.scrollableFlagUpdated","params":...,"isScrollable":false}}' [84 bytes]
2025-12-01 16:31:00,296 - websockets.client - DEBUG - < TEXT '{"method":"DOM.childNodeRemoved","params":{"par...Id":212,"nodeId":1405}}' [77 bytes]
2025-12-01 16:31:00,296 - websockets.client - DEBUG - < TEXT '{"method":"DOM.childNodeInserted","params":{"pa...D0F25C035CB7DBDF8C7"}}}' [426 bytes]
2025-12-01 16:31:00,301 - websockets.client - DEBUG - < TEXT '{"method":"DOM.childNodeInserted","params":{"pa...mail.ru/js/code.js"]}}}' [308 bytes]
2025-12-01 16:31:00,303 - websockets.client - DEBUG - < TEXT '{"method":"DOM.childNodeInserted","params":{"pa...id","","charset",""]}}}' [2363 bytes]
2025-12-01 16:31:00,303 - websockets.client - DEBUG - < TEXT '{"id":14,"result":{}}' [21 bytes]
2025-12-01 16:31:00,303 - uc.connection - DEBUG - got answer for <Transaction
	method: DOM.discardSearchResults
	status: pending
	success: True> (message_id:14)
2025-12-01 16:31:00,308 - websockets.client - DEBUG - > TEXT '{"method": "DOM.disable", "params": [], "id": 22}' [49 bytes]
2025-12-01 16:31:00,314 - websockets.client - DEBUG - < TEXT '{"method":"DOM.childNodeInserted","params":{"pa...isibility: hidden;"]}}}' [302 bytes]
2025-12-01 16:31:00,314 - websockets.client - DEBUG - < TEXT '{"method":"DOM.childNodeRemoved","params":{"par...eId":98,"nodeId":1551}}' [76 bytes]
2025-12-01 16:31:00,315 - websockets.client - DEBUG - < TEXT '{"method":"DOM.childNodeInserted","params":{"pa...ode":"NoQuirksMode"}}}}' [619 bytes]
2025-12-01 16:31:00,315 - websockets.client - DEBUG - < TEXT '{"method":"DOM.childNodeCountUpdated","params":...53,"childNodeCount":1}}' [82 bytes]
2025-12-01 16:31:00,316 - websockets.client - DEBUG - < TEXT '{"method":"Target.targetCreated","params":{"tar...06616A81A98E406E5A9"}}}' [287 bytes]
2025-12-01 16:31:00,317 - zendriver.core.browser - DEBUG - target #11 created => <Tab [EF378D4BD57AB50DCEB7535097576305] [iframe] >
2025-12-01 16:31:00,318 - websockets.client - DEBUG - < TEXT '{"method":"Target.targetInfoChanged","params":{...06616A81A98E406E5A9"}}}' [505 bytes]
2025-12-01 16:31:00,319 - zendriver.core.browser - DEBUG - target #10 has changed: 
title:  => https://www.googletagmanager.com/static/service_worker/5ba0/sw_iframe.html?origin=https%3A%2F%2Fwww.cian.ru

url:  => https://www.googletagmanager.com/static/service_worker/5ba0/sw_iframe.html?origin=https%3A%2F%2Fwww.cian.ru

2025-12-01 16:31:00,322 - websockets.client - DEBUG - < TEXT '{"id":22,"result":{}}' [21 bytes]
2025-12-01 16:31:00,322 - uc.connection - DEBUG - got answer for <Transaction
	method: DOM.disable
	status: pending
	success: True> (message_id:22)
2025-12-01 16:31:00,322 - websockets.client - DEBUG - > TEXT '{"method": "DOM.getOuterHTML", "params": {"back...deId": 1428}, "id": 27}' [75 bytes]
2025-12-01 16:31:00,346 - websockets.client - DEBUG - < TEXT '{"id":27,"result":{"outerHTML":"<script type=\\...":{}}]);\\n</script>"}}' [273420 bytes]
2025-12-01 16:31:00,351 - uc.connection - DEBUG - got answer for <Transaction
	method: DOM.getOuterHTML
	status: pending
	success: True> (message_id:27)
2025-12-01 16:31:00,352 - websockets.client - DEBUG - > TEXT '{"method": "Page.navigate", "params": {"url": "...=324460367"}, "id": 28}' [166 bytes]
2025-12-01 16:31:00,354 - root - INFO - https://www.cian.ru/sale/flat/317106130/ Уже есть в БД
2025-12-01 16:31:00,440 - websockets.client - DEBUG - < TEXT '{"id":28,"result":{"frameId":"C00B60109929596B0...A","isDownload":false}}' [130 bytes]
2025-12-01 16:31:00,441 - uc.connection - DEBUG - got answer for <Transaction
	method: Page.navigate
	status: pending
	success: True> (message_id:28)
2025-12-01 16:31:00,441 - websockets.client - DEBUG - > TEXT '{"method": "Target.getTargetInfo", "params": {"...85152A9C7C"}, "id": 29}' [104 bytes]
2025-12-01 16:31:00,443 - websockets.client - DEBUG - < TEXT '{"id":29,"result":{"targetInfo":{"targetId":"C0...06616A81A98E406E5A9"}}}' [870 bytes]
2025-12-01 16:31:00,443 - uc.connection - DEBUG - got answer for <Transaction
	method: Target.getTargetInfo
	status: pending
	success: True> (message_id:29)
2025-12-01 16:31:00,453 - websockets.client - DEBUG - < TEXT '{"method":"Target.targetInfoChanged","params":{...06616A81A98E406E5A9"}}}' [441 bytes]
2025-12-01 16:31:00,454 - zendriver.core.browser - DEBUG - target #8 has changed: 
title: Продаю однокомнатную квартиру 37.6м\xb2 ул. Никитина, 14к1, Москва, НАО (Новомосковский), Московский м. Рассказовка - база ЦИАН, объявление 324460367 => api.cian.ru/offer-card/v1/get-offer-card-statistic/?offerCreationDate=2025-11-28&offerId=324460367

url:  => https://api.cian.ru/offer-card/v1/get-offer-card-statistic/?offerCreationDate=2025-11-28&offerId=324460367

2025-12-01 16:31:00,556 - websockets.client - DEBUG - > TEXT '{"method": "DOM.getDocument", "params": {"depth...erce": true}, "id": 30}' [80 bytes]
2025-12-01 16:31:00,556 - websockets.client - DEBUG - < TEXT '{"id":30,"result":{"root":{"nodeId":1,"backendN...Mode":"NoQuirksMode"}}}' [3876 bytes]
2025-12-01 16:31:00,558 - uc.connection - DEBUG - got answer for <Transaction
	method: DOM.getDocument
	status: pending
	success: True> (message_id:30)
2025-12-01 16:31:00,558 - websockets.client - DEBUG - > TEXT '{"method": "DOM.getOuterHTML", "params": {"back...deId": 1581}, "id": 31}' [75 bytes]
2025-12-01 16:31:00,559 - websockets.client - DEBUG - < TEXT '{"id":31,"result":{"outerHTML":"<html><head><me...</div></body></html>"}}' [1171 bytes]
2025-12-01 16:31:00,559 - uc.connection - DEBUG - got answer for <Transaction
	method: DOM.getOuterHTML
	status: pending
	success: True> (message_id:31)
2025-12-01 16:31:00,597 - root - INFO - https://www.cian.ru/sale/flat/312660604/ Уже есть в БД
2025-12-01 16:31:00,731 - root - INFO - https://www.cian.ru/sale/flat/322835730/ Уже есть в БД
2025-12-01 16:31:01,097 - root - INFO - https://www.cian.ru/sale/flat/323771665/ Уже есть в БД
